[0m03:19:42  Running with dbt=1.9.8
[0m03:19:43  Registered adapter: snowflake=1.9.1
[0m03:19:45  [[33mWARNING[0m]: Configuration paths exist in your dbt_project.yml file which do not apply to any resources.
There are 14 unused configuration paths:
- models.gitlab_snowflake.legacy.snowplow.month_partition
- models.gitlab_snowflake.common_prep.month_partition.snowplow
- models.gitlab_snowflake.sources.runner_usage
- models.gitlab_snowflake.sources.snowplow
- models.gitlab_snowflake.workspaces.workspace_product.snowplow
- models.snowflake_spend
- models.gitlab_snowflake.legacy.snowplow
- models.dbt_artifacts.sources
- models.dbt_artifacts
- models.dbt_artifacts.staging
- seeds.gitlab_snowflake.snowplow
- seeds.gitlab_snowflake.zoominfo
- seeds.gitlab_snowflake.seed_customer_success
- snapshots.gitlab_snowflake.sfdc_sandbox
[0m03:19:54  Found 2987 models, 107 snapshots, 1182 seeds, 4 operations, 5147 data tests, 1162 sources, 13 exposures, 847 macros
[0m03:19:54  
[0m03:19:54  Concurrency: 4 threads (target='embucket')
[0m03:19:54  
[0m03:20:04  1 of 1 START hook: gitlab_snowflake.on-run-start.0 ............................. [RUN]
[0m03:20:04  1 of 1 OK hook: gitlab_snowflake.on-run-start.0 ................................ [[32mOK[0m in 0.06s]
[0m03:20:04  
[0m03:20:04  1 of 1658 START sql table model gainsight_customer_success.account_scorecard_history  [RUN]
[0m03:20:04  2 of 1658 START sql table model gainsight_customer_success.activity_attendee ... [RUN]
[0m03:20:04  3 of 1658 START sql table model gainsight_customer_success.activity_comments ... [RUN]
[0m03:20:04  4 of 1658 START sql table model gainsight_customer_success.activity_timeline ... [RUN]
[0m03:20:06  2 of 1658 OK created sql table model gainsight_customer_success.activity_attendee  [[32m02000 1[0m in 2.03s]
[0m03:20:06  4 of 1658 OK created sql table model gainsight_customer_success.activity_timeline  [[32m02000 1[0m in 2.03s]
[0m03:20:06  3 of 1658 OK created sql table model gainsight_customer_success.activity_comments  [[32m02000 1[0m in 2.04s]
[0m03:20:06  5 of 1658 START sql table model gainsight_customer_success.advanced_outreach_cta  [RUN]
[0m03:20:06  6 of 1658 START sql table model gainsight_customer_success.advanced_outreach_emails  [RUN]
[0m03:20:06  7 of 1658 START sql table model gainsight_customer_success.advanced_outreach_participant_activity  [RUN]
[0m03:20:06  1 of 1658 OK created sql table model gainsight_customer_success.account_scorecard_history  [[32m02000 1[0m in 2.11s]
[0m03:20:06  8 of 1658 START sql table model gainsight_customer_success.advanced_outreach_participants  [RUN]
[0m03:20:08  5 of 1658 OK created sql table model gainsight_customer_success.advanced_outreach_cta  [[32m02000 1[0m in 1.28s]
[0m03:20:08  8 of 1658 OK created sql table model gainsight_customer_success.advanced_outreach_participants  [[32m02000 1[0m in 1.22s]
[0m03:20:08  9 of 1658 START sql table model airflow.airflow_dag_run_source ................. [RUN]
[0m03:20:08  10 of 1658 START sql table model influx_db.all_fabrication_stats_source ........ [RUN]
[0m03:20:08  6 of 1658 OK created sql table model gainsight_customer_success.advanced_outreach_emails  [[32m02000 1[0m in 2.08s]
[0m03:20:08  7 of 1658 OK created sql table model gainsight_customer_success.advanced_outreach_participant_activity  [[32m02000 1[0m in 2.08s]
[0m03:20:08  9 of 1658 OK created sql table model airflow.airflow_dag_run_source ............ [[32m02000 1[0m in 0.79s]
[0m03:20:08  11 of 1658 START sql table model workday.all_workers_source .................... [RUN]
[0m03:20:08  12 of 1658 START sql table model gainsight_customer_success.ao_advanced_outreach_company  [RUN]
[0m03:20:08  13 of 1658 START sql table model workday.assess_talent_source .................. [RUN]
[0m03:20:09  10 of 1658 OK created sql table model influx_db.all_fabrication_stats_source ... [[32m02000 1[0m in 1.39s]
[0m03:20:09  14 of 1658 START sql table model bamboohr.bamboohr_compensation_source ......... [RUN]
[0m03:20:10  11 of 1658 OK created sql table model workday.all_workers_source ............... [[32m02000 1[0m in 1.10s]
[0m03:20:10  15 of 1658 START sql table model bamboohr.bamboohr_currency_conversion_source .. [RUN]
[0m03:20:10  12 of 1658 OK created sql table model gainsight_customer_success.ao_advanced_outreach_company  [[32m02000 1[0m in 1.30s]
[0m03:20:10  16 of 1658 START sql table model bamboohr.bamboohr_custom_bonus_source ......... [RUN]
[0m03:20:10  13 of 1658 OK created sql table model workday.assess_talent_source ............. [[32m02000 1[0m in 1.87s]
[0m03:20:10  17 of 1658 START sql table model bamboohr.bamboohr_directory_source ............ [RUN]
[0m03:20:11  14 of 1658 OK created sql table model bamboohr.bamboohr_compensation_source .... [[32m02000 1[0m in 1.64s]
[0m03:20:11  18 of 1658 START sql table model bamboohr.bamboohr_emergency_contacts_source ... [RUN]
[0m03:20:12  15 of 1658 OK created sql table model bamboohr.bamboohr_currency_conversion_source  [[32m02000 1[0m in 2.00s]
[0m03:20:12  19 of 1658 START sql table model bamboohr.bamboohr_employment_status_source .... [RUN]
[0m03:20:12  16 of 1658 OK created sql table model bamboohr.bamboohr_custom_bonus_source .... [[32m02000 1[0m in 1.86s]
[0m03:20:12  20 of 1658 START sql table model bamboohr.bamboohr_job_info_source ............. [RUN]
[0m03:20:12  17 of 1658 OK created sql table model bamboohr.bamboohr_directory_source ....... [[32m02000 1[0m in 1.92s]
[0m03:20:12  21 of 1658 START sql table model bamboohr.bamboohr_metafields_source ........... [RUN]
[0m03:20:15  18 of 1658 OK created sql table model bamboohr.bamboohr_emergency_contacts_source  [[32m02000 1[0m in 3.87s]
[0m03:20:15  22 of 1658 START sql table model bamboohr.bamboohr_ote_source .................. [RUN]
[0m03:20:15  19 of 1658 OK created sql table model bamboohr.bamboohr_employment_status_source  [[32m02000 1[0m in 3.83s]
[0m03:20:15  23 of 1658 START sql table model bizible.bizible_account_to_emails_source ...... [RUN]
[0m03:20:16  20 of 1658 OK created sql table model bamboohr.bamboohr_job_info_source ........ [[32m02000 1[0m in 4.09s]
[0m03:20:16  24 of 1658 START sql table model bizible.bizible_accounts_source ............... [RUN]
[0m03:20:16  21 of 1658 OK created sql table model bamboohr.bamboohr_metafields_source ...... [[32m02000 1[0m in 3.56s]
[0m03:20:16  25 of 1658 START sql table model bizible.bizible_activities_source ............. [RUN]
[0m03:20:17  23 of 1658 OK created sql table model bizible.bizible_account_to_emails_source . [[32m02000 1[0m in 1.78s]
[0m03:20:17  26 of 1658 START sql table model bizible.bizible_ad_accounts_source ............ [RUN]
[0m03:20:18  25 of 1658 OK created sql table model bizible.bizible_activities_source ........ [[32m02000 1[0m in 1.56s]
[0m03:20:18  27 of 1658 START sql table model bizible.bizible_ad_campaigns_source ........... [RUN]
[0m03:20:18  22 of 1658 OK created sql table model bamboohr.bamboohr_ote_source ............. [[32m02000 1[0m in 3.66s]
[0m03:20:18  28 of 1658 START sql table model bizible.bizible_ad_groups_source .............. [RUN]
[0m03:20:19  24 of 1658 OK created sql table model bizible.bizible_accounts_source .......... [[32m02000 1[0m in 2.98s]
[0m03:20:19  29 of 1658 START sql table model bizible.bizible_ad_providers_source ........... [RUN]
[0m03:20:20  27 of 1658 OK created sql table model bizible.bizible_ad_campaigns_source ...... [[32m02000 1[0m in 1.77s]
[0m03:20:20  26 of 1658 OK created sql table model bizible.bizible_ad_accounts_source ....... [[32m02000 1[0m in 2.37s]
[0m03:20:20  30 of 1658 START sql table model bizible.bizible_ads_source .................... [RUN]
[0m03:20:20  31 of 1658 START sql table model bizible.bizible_advertisers_source ............ [RUN]
[0m03:20:20  28 of 1658 OK created sql table model bizible.bizible_ad_groups_source ......... [[32m02000 1[0m in 1.42s]
[0m03:20:20  32 of 1658 START sql table model legacy.bizible_attribution_touchpoint_snapshots_source  [RUN]
[0m03:20:20  29 of 1658 OK created sql table model bizible.bizible_ad_providers_source ...... [[32m02000 1[0m in 1.30s]
[0m03:20:20  33 of 1658 START sql table model bizible.bizible_attribution_touchpoints_source  [RUN]
[0m03:20:21  31 of 1658 OK created sql table model bizible.bizible_advertisers_source ....... [[32m02000 1[0m in 0.95s]
[0m03:20:21  34 of 1658 START sql table model bizible.bizible_campaign_members_source ....... [RUN]
[0m03:20:21  30 of 1658 OK created sql table model bizible.bizible_ads_source ............... [[32m02000 1[0m in 0.96s]
[0m03:20:21  35 of 1658 START sql table model bizible.bizible_channels_source ............... [RUN]
[0m03:20:21  32 of 1658 OK created sql table model legacy.bizible_attribution_touchpoint_snapshots_source  [[32m02000 1[0m in 1.47s]
[0m03:20:21  36 of 1658 START sql table model bizible.bizible_contacts_source ............... [RUN]
[0m03:20:21  33 of 1658 OK created sql table model bizible.bizible_attribution_touchpoints_source  [[32m02000 1[0m in 1.21s]
[0m03:20:21  37 of 1658 START sql table model bizible.bizible_conversion_rates_source ....... [RUN]
[0m03:20:22  35 of 1658 OK created sql table model bizible.bizible_channels_source .......... [[32m02000 1[0m in 1.13s]
[0m03:20:22  38 of 1658 START sql table model bizible.bizible_costs_source .................. [RUN]
[0m03:20:22  34 of 1658 OK created sql table model bizible.bizible_campaign_members_source .. [[32m02000 1[0m in 1.34s]
[0m03:20:22  36 of 1658 OK created sql table model bizible.bizible_contacts_source .......... [[32m02000 1[0m in 0.74s]
[0m03:20:22  39 of 1658 START sql table model bizible.bizible_creatives_source .............. [RUN]
[0m03:20:22  40 of 1658 START sql table model bizible.bizible_crm_events_source ............. [RUN]
[0m03:20:23  37 of 1658 OK created sql table model bizible.bizible_conversion_rates_source .. [[32m02000 1[0m in 1.44s]
[0m03:20:23  38 of 1658 OK created sql table model bizible.bizible_costs_source ............. [[32m02000 1[0m in 1.01s]
[0m03:20:23  41 of 1658 START sql table model bizible.bizible_crm_tasks_source .............. [RUN]
[0m03:20:23  42 of 1658 START sql table model bizible.bizible_currencies_source ............. [RUN]
[0m03:20:23  40 of 1658 OK created sql table model bizible.bizible_crm_events_source ........ [[32m02000 1[0m in 0.90s]
[0m03:20:23  43 of 1658 START sql table model bizible.bizible_customer_ab_tests_source ...... [RUN]
[0m03:20:24  42 of 1658 OK created sql table model bizible.bizible_currencies_source ........ [[32m02000 1[0m in 0.82s]
[0m03:20:24  44 of 1658 START sql table model bizible.bizible_email_to_visitor_ids_source ... [RUN]
[0m03:20:24  39 of 1658 OK created sql table model bizible.bizible_creatives_source ......... [[32m02000 1[0m in 1.65s]
[0m03:20:24  41 of 1658 OK created sql table model bizible.bizible_crm_tasks_source ......... [[32m02000 1[0m in 0.84s]
[0m03:20:24  45 of 1658 START sql table model bizible.bizible_facts_source .................. [RUN]
[0m03:20:24  46 of 1658 START sql table model bizible.bizible_form_submits_source ........... [RUN]
[0m03:20:24  43 of 1658 OK created sql table model bizible.bizible_customer_ab_tests_source . [[32m02000 1[0m in 1.34s]
[0m03:20:24  47 of 1658 START sql table model bizible.bizible_keywords_source ............... [RUN]
[0m03:20:25  46 of 1658 OK created sql table model bizible.bizible_form_submits_source ...... [[32m02000 1[0m in 1.08s]
[0m03:20:25  45 of 1658 OK created sql table model bizible.bizible_facts_source ............. [[32m02000 1[0m in 1.10s]
[0m03:20:25  44 of 1658 OK created sql table model bizible.bizible_email_to_visitor_ids_source  [[32m02000 1[0m in 1.11s]
[0m03:20:25  48 of 1658 START sql table model bizible.bizible_lead_stage_transitions_source . [RUN]
[0m03:20:25  49 of 1658 START sql table model bizible.bizible_leads_source .................. [RUN]
[0m03:20:25  50 of 1658 START sql table model bizible.bizible_opp_stage_transitions_source .. [RUN]
[0m03:20:25  47 of 1658 OK created sql table model bizible.bizible_keywords_source .......... [[32m02000 1[0m in 1.11s]
[0m03:20:25  51 of 1658 START sql table model bizible.bizible_opportunities_source .......... [RUN]
[0m03:20:26  48 of 1658 OK created sql table model bizible.bizible_lead_stage_transitions_source  [[32m02000 1[0m in 1.01s]
[0m03:20:26  52 of 1658 START sql table model bizible.bizible_page_views_source ............. [RUN]
[0m03:20:26  50 of 1658 OK created sql table model bizible.bizible_opp_stage_transitions_source  [[32m02000 1[0m in 1.01s]
[0m03:20:26  49 of 1658 OK created sql table model bizible.bizible_leads_source ............. [[32m02000 1[0m in 1.01s]
[0m03:20:26  53 of 1658 START sql table model bizible.bizible_placements_source ............. [RUN]
[0m03:20:26  54 of 1658 START sql table model bizible.bizible_segments_source ............... [RUN]
[0m03:20:26  51 of 1658 OK created sql table model bizible.bizible_opportunities_source ..... [[32m02000 1[0m in 1.01s]
[0m03:20:26  55 of 1658 START sql table model bizible.bizible_site_links_source ............. [RUN]
[0m03:20:27  53 of 1658 OK created sql table model bizible.bizible_placements_source ........ [[32m02000 1[0m in 1.10s]
[0m03:20:27  56 of 1658 START sql table model bizible.bizible_sites_source .................. [RUN]
[0m03:20:27  52 of 1658 OK created sql table model bizible.bizible_page_views_source ........ [[32m02000 1[0m in 1.12s]
[0m03:20:27  54 of 1658 OK created sql table model bizible.bizible_segments_source .......... [[32m02000 1[0m in 1.10s]
[0m03:20:27  57 of 1658 START sql table model bizible.bizible_stage_definitions_source ...... [RUN]
[0m03:20:27  58 of 1658 START sql table model legacy.bizible_touchpoint_snapshots_source .... [RUN]
[0m03:20:27  55 of 1658 OK created sql table model bizible.bizible_site_links_source ........ [[32m02000 1[0m in 0.91s]
[0m03:20:27  59 of 1658 START sql table model bizible.bizible_touchpoints_source ............ [RUN]
[0m03:20:28  56 of 1658 OK created sql table model bizible.bizible_sites_source ............. [[32m02000 1[0m in 1.00s]
[0m03:20:28  60 of 1658 START sql table model bizible.bizible_urls_source ................... [RUN]
[0m03:20:28  57 of 1658 OK created sql table model bizible.bizible_stage_definitions_source . [[32m02000 1[0m in 1.15s]
[0m03:20:28  59 of 1658 OK created sql table model bizible.bizible_touchpoints_source ....... [[32m02000 1[0m in 1.11s]
[0m03:20:28  61 of 1658 START sql table model bizible.bizible_user_touchpoints_source ....... [RUN]
[0m03:20:28  62 of 1658 START sql table model gainsight_customer_success.call_to_action ..... [RUN]
[0m03:20:28  58 of 1658 OK created sql table model legacy.bizible_touchpoint_snapshots_source  [[32m02000 1[0m in 1.26s]
[0m03:20:28  63 of 1658 START sql table model gitlab_data_yaml.categories_yaml_acquisitions_source  [RUN]
[0m03:20:29  60 of 1658 OK created sql table model bizible.bizible_urls_source .............. [[32m02000 1[0m in 1.11s]
[0m03:20:29  64 of 1658 START sql table model gitlab_data_yaml.categories_yaml_source ....... [RUN]
[0m03:20:29  63 of 1658 OK created sql table model gitlab_data_yaml.categories_yaml_acquisitions_source  [[32m02000 1[0m in 1.07s]
[0m03:20:29  65 of 1658 START sql table model data_science.churn_forecasting_scores_source .. [RUN]
[0m03:20:30  61 of 1658 OK created sql table model bizible.bizible_user_touchpoints_source .. [[32m02000 1[0m in 1.19s]
[0m03:20:30  66 of 1658 START sql table model legacy.cleanup_suggestions_source ............. [RUN]
[0m03:20:30  62 of 1658 OK created sql table model gainsight_customer_success.call_to_action  [[32m02000 1[0m in 1.20s]
[0m03:20:30  67 of 1658 START sql table model gainsight_customer_success.comments ........... [RUN]
[0m03:20:32  66 of 1658 OK created sql table model legacy.cleanup_suggestions_source ........ [[32m02000 1[0m in 2.02s]
[0m03:20:32  67 of 1658 OK created sql table model gainsight_customer_success.comments ...... [[32m02000 1[0m in 2.01s]
[0m03:20:32  68 of 1658 START sql table model commonroom.commonroom_activities_source ....... [RUN]
[0m03:20:32  69 of 1658 START sql table model commonroom.commonroom_community_members_source  [RUN]
[0m03:20:32  65 of 1658 OK created sql table model data_science.churn_forecasting_scores_source  [[32m02000 1[0m in 2.86s]
[0m03:20:32  64 of 1658 OK created sql table model gitlab_data_yaml.categories_yaml_source .. [[32m02000 1[0m in 3.42s]
[0m03:20:32  70 of 1658 START sql table model commonroom.commonroom_organizations_source .... [RUN]
[0m03:20:32  71 of 1658 START sql table model commonroom.commonroom_organizations_source_pii  [RUN]
[0m03:20:32  68 of 1658 OK created sql table model commonroom.commonroom_activities_source .. [[32m02000 1[0m in 0.91s]
[0m03:20:32  72 of 1658 START sql table model gainsight_customer_success.companies_and_ebrs . [RUN]
[0m03:20:33  69 of 1658 OK created sql table model commonroom.commonroom_community_members_source  [[32m02000 1[0m in 1.68s]
[0m03:20:33  73 of 1658 START sql table model gainsight_customer_success.companies_with_success_plan_details  [RUN]
[0m03:20:33  71 of 1658 OK created sql table model commonroom.commonroom_organizations_source_pii  [[32m02000 1[0m in 0.98s]
[0m03:20:33  70 of 1658 OK created sql table model commonroom.commonroom_organizations_source  [[32m02000 1[0m in 0.98s]
[0m03:20:33  74 of 1658 START sql table model gainsight_customer_success.companies_with_success_plan_objectives  [RUN]
[0m03:20:33  75 of 1658 START sql table model gainsight_customer_success.company ............ [RUN]
[0m03:20:34  73 of 1658 OK created sql table model gainsight_customer_success.companies_with_success_plan_details  [[32m02000 1[0m in 1.09s]
[0m03:20:34  72 of 1658 OK created sql table model gainsight_customer_success.companies_and_ebrs  [[32m02000 1[0m in 1.87s]
[0m03:20:34  76 of 1658 START sql table model gainsight_customer_success.company_person ..... [RUN]
[0m03:20:34  77 of 1658 START sql table model gitlab_data_yaml.content_keystone_source ...... [RUN]
[0m03:20:36  76 of 1658 OK created sql table model gainsight_customer_success.company_person  [[32m02000 1[0m in 1.19s]
[0m03:20:36  74 of 1658 OK created sql table model gainsight_customer_success.companies_with_success_plan_objectives  [[32m02000 1[0m in 2.20s]
[0m03:20:36  78 of 1658 START sql table model workday.cost_centers_source ................... [RUN]
[0m03:20:36  79 of 1658 START sql table model coupa.coupa_account_source .................... [RUN]
[0m03:20:36  77 of 1658 OK created sql table model gitlab_data_yaml.content_keystone_source . [[32m02000 1[0m in 1.69s]
[0m03:20:36  80 of 1658 START sql table model coupa.coupa_order_header_source ............... [RUN]
[0m03:20:36  75 of 1658 OK created sql table model gainsight_customer_success.company ....... [[32m02000 1[0m in 2.70s]
[0m03:20:36  81 of 1658 START sql table model coupa.coupa_supplier_source ................... [RUN]
[0m03:20:37  79 of 1658 OK created sql table model coupa.coupa_account_source ............... [[32m02000 1[0m in 1.10s]
[0m03:20:37  78 of 1658 OK created sql table model workday.cost_centers_source .............. [[32m02000 1[0m in 1.11s]
[0m03:20:37  82 of 1658 START sql table model covid19.covid19_cases ......................... [RUN]
[0m03:20:37  83 of 1658 START sql table model gainsight_customer_success.cs_task ............ [RUN]
[0m03:20:37  82 of 1658 ERROR creating sql table model covid19.covid19_cases ................ [[31mERROR[0m in 0.06s]
[0m03:20:37  84 of 1658 START sql table model gainsight_customer_success.csat_survey_response  [RUN]
[0m03:20:37  81 of 1658 OK created sql table model coupa.coupa_supplier_source .............. [[32m02000 1[0m in 0.80s]
[0m03:20:37  85 of 1658 START sql table model gainsight_customer_success.ctas_healthscores .. [RUN]
[0m03:20:37  80 of 1658 OK created sql table model coupa.coupa_order_header_source .......... [[32m02000 1[0m in 1.12s]
[0m03:20:37  86 of 1658 START sql table model legacy.custom_rules_source .................... [RUN]
[0m03:20:38  85 of 1658 OK created sql table model gainsight_customer_success.ctas_healthscores  [[32m02000 1[0m in 1.00s]
[0m03:20:38  84 of 1658 OK created sql table model gainsight_customer_success.csat_survey_response  [[32m02000 1[0m in 1.14s]
[0m03:20:38  86 of 1658 OK created sql table model legacy.custom_rules_source ............... [[32m02000 1[0m in 0.99s]
[0m03:20:38  83 of 1658 OK created sql table model gainsight_customer_success.cs_task ....... [[32m02000 1[0m in 1.20s]
[0m03:20:38  87 of 1658 START sql table model gainsight_customer_success.customer_health_scorecard_fact_1  [RUN]
[0m03:20:38  88 of 1658 START sql table model legacy.customers_db_billing_account_contacts_snapshots  [RUN]
[0m03:20:38  89 of 1658 START sql table model customers.customers_db_billing_account_contacts_source  [RUN]
[0m03:20:38  90 of 1658 START sql table model customers.customers_db_billing_account_memberships_source  [RUN]
[0m03:20:40  89 of 1658 OK created sql table model customers.customers_db_billing_account_contacts_source  [[32m02000 1[0m in 2.16s]
[0m03:20:40  87 of 1658 OK created sql table model gainsight_customer_success.customer_health_scorecard_fact_1  [[32m02000 1[0m in 2.16s]
[0m03:20:40  90 of 1658 OK created sql table model customers.customers_db_billing_account_memberships_source  [[32m02000 1[0m in 2.16s]
[0m03:20:40  91 of 1658 START sql table model legacy.customers_db_billing_accounts_snapshots  [RUN]
[0m03:20:40  88 of 1658 OK created sql table model legacy.customers_db_billing_account_contacts_snapshots  [[32m02000 1[0m in 2.17s]
[0m03:20:40  92 of 1658 START sql table model customers.customers_db_billing_accounts_source  [RUN]
[0m03:20:40  93 of 1658 START sql table model legacy.customers_db_cloud_activations_snapshots  [RUN]
[0m03:20:40  94 of 1658 START sql table model customers.customers_db_cloud_activations_source  [RUN]
[0m03:20:42  91 of 1658 OK created sql table model legacy.customers_db_billing_accounts_snapshots  [[32m02000 1[0m in 2.01s]
[0m03:20:42  95 of 1658 START sql table model customers.customers_db_leads_snapshots_source . [RUN]
[0m03:20:42  92 of 1658 OK created sql table model customers.customers_db_billing_accounts_source  [[32m02000 1[0m in 2.02s]
[0m03:20:42  93 of 1658 OK created sql table model legacy.customers_db_cloud_activations_snapshots  [[32m02000 1[0m in 2.02s]
[0m03:20:42  94 of 1658 OK created sql table model customers.customers_db_cloud_activations_source  [[32m02000 1[0m in 2.01s]
[0m03:20:42  96 of 1658 START sql table model customers.customers_db_leads_source ........... [RUN]
[0m03:20:42  97 of 1658 START sql table model customers.customers_db_license_seat_links_source  [RUN]
[0m03:20:42  98 of 1658 START sql table model customers.customers_db_license_versions_source  [RUN]
[0m03:20:43  97 of 1658 OK created sql table model customers.customers_db_license_seat_links_source  [[32m02000 1[0m in 0.89s]
[0m03:20:43  95 of 1658 OK created sql table model customers.customers_db_leads_snapshots_source  [[32m02000 1[0m in 0.92s]
[0m03:20:43  99 of 1658 START sql table model legacy.customers_db_licenses_snapshots ........ [RUN]
[0m03:20:43  100 of 1658 START sql table model customers.customers_db_licenses_source ....... [RUN]
[0m03:20:44  98 of 1658 OK created sql table model customers.customers_db_license_versions_source  [[32m02000 1[0m in 1.40s]
[0m03:20:44  96 of 1658 OK created sql table model customers.customers_db_leads_source ...... [[32m02000 1[0m in 1.40s]
[0m03:20:44  101 of 1658 START sql table model customers.customers_db_self_managed_instance_activations  [RUN]
[0m03:20:44  102 of 1658 START sql table model customers.customers_db_trial_histories_source  [RUN]
[0m03:20:44  99 of 1658 ERROR creating sql table model legacy.customers_db_licenses_snapshots  [[31mERROR[0m in 0.94s]
[0m03:20:44  103 of 1658 START sql table model sensitive.customers_db_versions_source ....... [RUN]
[0m03:20:44  100 of 1658 ERROR creating sql table model customers.customers_db_licenses_source  [[31mERROR[0m in 0.96s]
[0m03:20:44  104 of 1658 START sql table model legacy.dashboard_analytics_source ............ [RUN]
[0m03:20:46  102 of 1658 OK created sql table model customers.customers_db_trial_histories_source  [[32m02000 1[0m in 1.81s]
[0m03:20:46  101 of 1658 OK created sql table model customers.customers_db_self_managed_instance_activations  [[32m02000 1[0m in 1.82s]
[0m03:20:46  105 of 1658 START sql table model data_quality.data_detection_rule ............. [RUN]
[0m03:20:46  106 of 1658 START sql table model data_quality.data_detection_scorecard ........ [RUN]
[0m03:20:46  105 of 1658 OK created sql table model data_quality.data_detection_rule ........ [[32m02000 1[0m in 0.19s]
[0m03:20:46  106 of 1658 OK created sql table model data_quality.data_detection_scorecard ... [[32m02000 1[0m in 0.20s]
[0m03:20:46  107 of 1658 START sql table model workspace_data.data_type_mock_table_v1 ....... [RUN]
[0m03:20:46  108 of 1658 START sql table model workspace_data.data_type_mock_table_v2 ....... [RUN]
[0m03:20:46  107 of 1658 OK created sql table model workspace_data.data_type_mock_table_v1 .. [[32m02000 1[0m in 0.19s]
[0m03:20:46  108 of 1658 OK created sql table model workspace_data.data_type_mock_table_v2 .. [[32m02000 1[0m in 0.19s]
[0m03:20:46  109 of 1658 START sql table model date.date_details_source ..................... [RUN]
[0m03:20:46  110 of 1658 START sql view model dbt.dbt_gdpr_logs_source ...................... [RUN]
[0m03:20:46  110 of 1658 OK created sql view model dbt.dbt_gdpr_logs_source ................. [[32m02000 1[0m in 0.09s]
[0m03:20:46  111 of 1658 START sql table model common.dim_user_hist ......................... [RUN]
[0m03:20:46  109 of 1658 ERROR creating sql table model date.date_details_source ............ [[31mERROR[0m in 0.44s]
[0m03:20:46  112 of 1658 START sql table model gitlab_data_yaml.director_location_factor_seed_source  [RUN]
[0m03:20:47  104 of 1658 OK created sql table model legacy.dashboard_analytics_source ....... [[32m02000 1[0m in 2.36s]
[0m03:20:47  113 of 1658 START sql table model driveload.driveload_booking_to_billing_monthly_reconciliation_source  [RUN]
[0m03:20:47  103 of 1658 OK created sql table model sensitive.customers_db_versions_source .. [[32m02000 1[0m in 2.59s]
[0m03:20:47  114 of 1658 START sql table model driveload.driveload_email_domain_classification_source  [RUN]
[0m03:20:47  111 of 1658 OK created sql table model common.dim_user_hist .................... [[32m02000 1[0m in 1.09s]
[0m03:20:47  115 of 1658 START sql table model driveload.driveload_financial_metrics_program_phase_1_source  [RUN]
[0m03:20:47  112 of 1658 OK created sql table model gitlab_data_yaml.director_location_factor_seed_source  [[32m02000 1[0m in 0.97s]
[0m03:20:47  116 of 1658 START sql table model driveload.driveload_invoice_aging_detail_source  [RUN]
[0m03:20:48  113 of 1658 OK created sql table model driveload.driveload_booking_to_billing_monthly_reconciliation_source  [[32m02000 1[0m in 0.91s]
[0m03:20:48  117 of 1658 START sql table model driveload.driveload_lam_corrections_source ... [RUN]
[0m03:20:48  114 of 1658 OK created sql table model driveload.driveload_email_domain_classification_source  [[32m02000 1[0m in 1.21s]
[0m03:20:48  118 of 1658 START sql table model driveload.driveload_marketing_dnc_list_source  [RUN]
[0m03:20:48  115 of 1658 OK created sql table model driveload.driveload_financial_metrics_program_phase_1_source  [[32m02000 1[0m in 1.10s]
[0m03:20:48  119 of 1658 START sql table model driveload.driveload_pending_invoices_report_source  [RUN]
[0m03:20:48  116 of 1658 OK created sql table model driveload.driveload_invoice_aging_detail_source  [[32m02000 1[0m in 0.98s]
[0m03:20:48  120 of 1658 START sql table model driveload.driveload_ssa_coverage_fitted_curves_source  [RUN]
[0m03:20:49  118 of 1658 OK created sql table model driveload.driveload_marketing_dnc_list_source  [[32m02000 1[0m in 1.09s]
[0m03:20:49  117 of 1658 OK created sql table model driveload.driveload_lam_corrections_source  [[32m02000 1[0m in 1.24s]
[0m03:20:49  121 of 1658 START sql table model driveload.driveload_ssa_quarterly_aggregated_metrics_for_coverage_source  [RUN]
[0m03:20:49  122 of 1658 START sql table model driveload.driveload_zuora_revenue_billing_waterfall_report_source  [RUN]
[0m03:20:49  120 of 1658 OK created sql table model driveload.driveload_ssa_coverage_fitted_curves_source  [[32m02000 1[0m in 0.82s]
[0m03:20:49  123 of 1658 START sql table model driveload.driveload_zuora_revenue_billing_waterfall_report_with_additional_columns_source  [RUN]
[0m03:20:50  119 of 1658 OK created sql table model driveload.driveload_pending_invoices_report_source  [[32m02000 1[0m in 1.32s]
[0m03:20:50  124 of 1658 START sql table model driveload.driveload_zuora_revenue_rc_rollforward_report_source  [RUN]
[0m03:20:50  121 of 1658 OK created sql table model driveload.driveload_ssa_quarterly_aggregated_metrics_for_coverage_source  [[32m02000 1[0m in 0.87s]
[0m03:20:50  125 of 1658 START sql table model driveload.driveload_zuora_revenue_revenue_waterfall_report_source  [RUN]
[0m03:20:50  122 of 1658 OK created sql table model driveload.driveload_zuora_revenue_billing_waterfall_report_source  [[32m02000 1[0m in 0.96s]
[0m03:20:50  126 of 1658 START sql table model driveload.driveload_zuora_revenue_unbill_rollforward_report_source  [RUN]
[0m03:20:51  123 of 1658 OK created sql table model driveload.driveload_zuora_revenue_billing_waterfall_report_with_additional_columns_source  [[32m02000 1[0m in 1.57s]
[0m03:20:51  127 of 1658 START sql table model driveload.driveload_zuora_revenue_unreleased_pob_report_source  [RUN]
[0m03:20:51  124 of 1658 OK created sql table model driveload.driveload_zuora_revenue_rc_rollforward_report_source  [[32m02000 1[0m in 1.18s]
[0m03:20:51  125 of 1658 OK created sql table model driveload.driveload_zuora_revenue_revenue_waterfall_report_source  [[32m02000 1[0m in 0.82s]
[0m03:20:51  128 of 1658 START sql table model driveload.driveload_zuora_revenue_waterfall_report_with_wf_type_adjustments_source  [RUN]
[0m03:20:51  129 of 1658 START sql table model driveload.driveload_zuora_revenue_waterfall_report_with_wf_type_net_revenue_with_mje_flag_y_source  [RUN]
[0m03:20:51  126 of 1658 OK created sql table model driveload.driveload_zuora_revenue_unbill_rollforward_report_source  [[32m02000 1[0m in 1.31s]
[0m03:20:51  130 of 1658 START sql table model driveload.driveload_zuora_revenue_waterfall_report_with_wf_type_unbilled_revenue_source  [RUN]
[0m03:20:52  127 of 1658 OK created sql table model driveload.driveload_zuora_revenue_unreleased_pob_report_source  [[32m02000 1[0m in 1.11s]
[0m03:20:52  131 of 1658 START sql table model ecosystems.ecosystems_collaborative_value_assessment_source  [RUN]
[0m03:20:52  128 of 1658 OK created sql table model driveload.driveload_zuora_revenue_waterfall_report_with_wf_type_adjustments_source  [[32m02000 1[0m in 1.20s]
[0m03:20:52  129 of 1658 OK created sql table model driveload.driveload_zuora_revenue_waterfall_report_with_wf_type_net_revenue_with_mje_flag_y_source  [[32m02000 1[0m in 1.19s]
[0m03:20:52  132 of 1658 START sql table model ecosystems.ecosystems_document_source ........ [RUN]
[0m03:20:52  133 of 1658 START sql table model elastic_billing.elastic_billing_data_transfer_by_deployment_source  [RUN]
[0m03:20:53  130 of 1658 OK created sql table model driveload.driveload_zuora_revenue_waterfall_report_with_wf_type_unbilled_revenue_source  [[32m02000 1[0m in 1.42s]
[0m03:20:53  134 of 1658 START sql table model elastic_billing.elastic_billing_data_transfer_source  [RUN]
[0m03:20:54  132 of 1658 OK created sql table model ecosystems.ecosystems_document_source ... [[32m02000 1[0m in 1.78s]
[0m03:20:54  135 of 1658 START sql table model elastic_billing.elastic_billing_resources_by_deployment_source  [RUN]
[0m03:20:54  131 of 1658 OK created sql table model ecosystems.ecosystems_collaborative_value_assessment_source  [[32m02000 1[0m in 1.99s]
[0m03:20:54  136 of 1658 START sql table model elastic_billing.elastic_billing_resources_source  [RUN]
[0m03:20:54  133 of 1658 OK created sql table model elastic_billing.elastic_billing_data_transfer_by_deployment_source  [[32m02000 1[0m in 2.27s]
[0m03:20:54  137 of 1658 START sql table model gainsight_customer_success.email_logs ........ [RUN]
[0m03:20:55  134 of 1658 OK created sql table model elastic_billing.elastic_billing_data_transfer_source  [[32m02000 1[0m in 2.14s]
[0m03:20:55  138 of 1658 START sql table model legacy.engineering_blocking_time_source ...... [RUN]
[0m03:20:56  135 of 1658 OK created sql table model elastic_billing.elastic_billing_resources_by_deployment_source  [[32m02000 1[0m in 1.82s]
[0m03:20:56  139 of 1658 START sql table model legacy.engineering_commit_stats .............. [RUN]
[0m03:20:56  137 of 1658 OK created sql table model gainsight_customer_success.email_logs ... [[32m02000 1[0m in 1.71s]
[0m03:20:56  140 of 1658 START sql table model legacy.engineering_development_team_members .. [RUN]
[0m03:20:57  136 of 1658 OK created sql table model elastic_billing.elastic_billing_resources_source  [[32m02000 1[0m in 3.08s]
[0m03:20:57  141 of 1658 START sql table model legacy.engineering_layout_shift_source ....... [RUN]
[0m03:20:58  139 of 1658 OK created sql table model legacy.engineering_commit_stats ......... [[32m02000 1[0m in 2.58s]
[0m03:20:58  142 of 1658 START sql table model legacy.engineering_lcp_source ................ [RUN]
[0m03:21:01  140 of 1658 OK created sql table model legacy.engineering_development_team_members  [[32m02000 1[0m in 4.52s]
[0m03:21:01  143 of 1658 START sql table model legacy.engineering_nvd_data .................. [RUN]
[0m03:21:01  138 of 1658 OK created sql table model legacy.engineering_blocking_time_source . [[32m02000 1[0m in 5.64s]
[0m03:21:01  144 of 1658 START sql table model legacy.engineering_red_master_stats .......... [RUN]
[0m03:21:02  141 of 1658 OK created sql table model legacy.engineering_layout_shift_source .. [[32m02000 1[0m in 4.63s]
[0m03:21:02  145 of 1658 START sql table model legacy.events_source ......................... [RUN]
[0m03:21:02  143 of 1658 OK created sql table model legacy.engineering_nvd_data ............. [[32m02000 1[0m in 1.48s]
[0m03:21:02  146 of 1658 START sql table model e2e_metrics.fabrication_stats_source ......... [RUN]
[0m03:21:03  142 of 1658 OK created sql table model legacy.engineering_lcp_source ........... [[32m02000 1[0m in 4.72s]
[0m03:21:03  147 of 1658 START sql table model facebook_ads.facebook_ads_ad_history_source .. [RUN]
[0m03:21:03  145 of 1658 OK created sql table model legacy.events_source .................... [[32m02000 1[0m in 1.77s]
[0m03:21:03  148 of 1658 START sql table model facebook_ads.facebook_ads_basic_all_levels_source  [RUN]
[0m03:21:04  144 of 1658 OK created sql table model legacy.engineering_red_master_stats ..... [[32m02000 1[0m in 3.15s]
[0m03:21:04  149 of 1658 START sql table model facebook_ads.facebook_ads_creative_history_source  [RUN]
[0m03:21:05  147 of 1658 OK created sql table model facebook_ads.facebook_ads_ad_history_source  [[32m02000 1[0m in 1.19s]
[0m03:21:05  148 of 1658 OK created sql table model facebook_ads.facebook_ads_basic_all_levels_source  [[32m02000 1[0m in 1.09s]
[0m03:21:05  146 of 1658 OK created sql table model e2e_metrics.fabrication_stats_source .... [[32m02000 1[0m in 2.48s]
[0m03:21:05  150 of 1658 START sql table model gitlab_data_yaml.feature_flags_source ........ [RUN]
[0m03:21:05  151 of 1658 START sql table model legacy.field_cleanup_suggestions_source ...... [RUN]
[0m03:21:05  152 of 1658 START sql table model workspace_engineering.folder_pl .............. [RUN]
[0m03:21:05  149 of 1658 OK created sql table model facebook_ads.facebook_ads_creative_history_source  [[32m02000 1[0m in 1.33s]
[0m03:21:05  153 of 1658 START sql table model google_analytics_360.ga360_session_custom_dimension_source  [RUN]
[0m03:21:06  151 of 1658 OK created sql table model legacy.field_cleanup_suggestions_source . [[32m02000 1[0m in 1.30s]
[0m03:21:06  154 of 1658 START sql table model google_analytics_360.ga360_session_hit_custom_dimension_source  [RUN]
[0m03:21:06  153 of 1658 OK created sql table model google_analytics_360.ga360_session_custom_dimension_source  [[32m02000 1[0m in 1.31s]
[0m03:21:06  155 of 1658 START sql table model google_analytics_360.ga360_session_hit_source  [RUN]
[0m03:21:07  150 of 1658 OK created sql table model gitlab_data_yaml.feature_flags_source ... [[32m02000 1[0m in 2.20s]
[0m03:21:07  156 of 1658 START sql table model google_analytics_360.ga360_session_source .... [RUN]
[0m03:21:07  154 of 1658 OK created sql table model google_analytics_360.ga360_session_hit_custom_dimension_source  [[32m02000 1[0m in 1.20s]
[0m03:21:07  157 of 1658 START sql table model gitlab_data_yaml.geozones_yaml_flatten_source  [RUN]
[0m03:21:07  152 of 1658 OK created sql table model workspace_engineering.folder_pl ......... [[32m02000 1[0m in 2.81s]
[0m03:21:07  158 of 1658 START sql table model gitlab_data_yaml.geozones_yaml_source ........ [RUN]
[0m03:21:07  158 of 1658 ERROR creating sql table model gitlab_data_yaml.geozones_yaml_source  [[31mERROR[0m in 0.06s]
[0m03:21:07  159 of 1658 START sql table model gitlab_dotcom.gitlab_dotcom_access_levels_source  [RUN]
[0m03:21:08  155 of 1658 OK created sql table model google_analytics_360.ga360_session_hit_source  [[32m02000 1[0m in 1.31s]
[0m03:21:08  160 of 1658 START sql incremental model gitlab_dotcom.gitlab_dotcom_alert_management_alert_assignees_dedupe_source  [RUN]
[0m03:21:08  156 of 1658 OK created sql table model google_analytics_360.ga360_session_source  [[32m02000 1[0m in 1.23s]
[0m03:21:08  161 of 1658 START sql incremental model gitlab_dotcom.gitlab_dotcom_alert_management_alerts_dedupe_source  [RUN]
[0m03:21:09  159 of 1658 OK created sql table model gitlab_dotcom.gitlab_dotcom_access_levels_source  [[32m02000 1[0m in 1.12s]
[0m03:21:09  162 of 1658 START sql incremental model gitlab_dotcom.gitlab_dotcom_alert_management_http_integrations_dedupe_source  [RUN]
[0m03:21:09  160 of 1658 OK created sql incremental model gitlab_dotcom.gitlab_dotcom_alert_management_alert_assignees_dedupe_source  [[32m02000 1[0m in 1.38s]
[0m03:21:09  163 of 1658 START sql incremental model gitlab_dotcom.gitlab_dotcom_analytics_cycle_analytics_group_stages_dedupe_source  [RUN]
[0m03:21:09  161 of 1658 OK created sql incremental model gitlab_dotcom.gitlab_dotcom_alert_management_alerts_dedupe_source  [[32m02000 1[0m in 1.44s]
[0m03:21:09  164 of 1658 START sql incremental model gitlab_dotcom.gitlab_dotcom_application_settings_dedupe_source  [RUN]
[0m03:21:10  162 of 1658 OK created sql incremental model gitlab_dotcom.gitlab_dotcom_alert_management_http_integrations_dedupe_source  [[32m02000 1[0m in 1.28s]
[0m03:21:10  165 of 1658 START sql table model legacy.gitlab_dotcom_application_settings_snapshots  [RUN]
[0m03:21:11  163 of 1658 OK created sql incremental model gitlab_dotcom.gitlab_dotcom_analytics_cycle_analytics_group_stages_dedupe_source  [[32m02000 1[0m in 1.47s]
[0m03:21:11  164 of 1658 OK created sql incremental model gitlab_dotcom.gitlab_dotcom_application_settings_dedupe_source  [[32m02000 1[0m in 1.21s]
[0m03:21:11  166 of 1658 START sql incremental model gitlab_dotcom.gitlab_dotcom_approval_merge_request_rule_sources_dedupe_source  [RUN]
[0m03:21:11  167 of 1658 START sql incremental model gitlab_dotcom.gitlab_dotcom_approval_merge_request_rules_dedupe_source  [RUN]
[0m03:21:11  157 of 1658 ERROR creating sql table model gitlab_data_yaml.geozones_yaml_flatten_source  [[31mERROR[0m in 4.31s]
[0m03:21:11  168 of 1658 START sql incremental model gitlab_dotcom.gitlab_dotcom_approval_project_rules_dedupe_source  [RUN]
[0m03:21:11  165 of 1658 OK created sql table model legacy.gitlab_dotcom_application_settings_snapshots  [[32m02000 1[0m in 1.60s]
[0m03:21:11  169 of 1658 START sql incremental model gitlab_dotcom.gitlab_dotcom_approval_project_rules_groups_dedupe_source  [RUN]
[0m03:21:12  166 of 1658 OK created sql incremental model gitlab_dotcom.gitlab_dotcom_approval_merge_request_rule_sources_dedupe_source  [[32m02000 1[0m in 1.19s]
[0m03:21:12  170 of 1658 START sql incremental model gitlab_dotcom.gitlab_dotcom_approval_project_rules_users_dedupe_source  [RUN]
[0m03:21:12  167 of 1658 OK created sql incremental model gitlab_dotcom.gitlab_dotcom_approval_merge_request_rules_dedupe_source  [[32m02000 1[0m in 1.39s]
[0m03:21:12  171 of 1658 START sql incremental model gitlab_dotcom.gitlab_dotcom_approvals_dedupe_source  [RUN]
[0m03:21:12  168 of 1658 OK created sql incremental model gitlab_dotcom.gitlab_dotcom_approval_project_rules_dedupe_source  [[32m02000 1[0m in 1.05s]
[0m03:21:12  172 of 1658 START sql incremental model gitlab_dotcom.gitlab_dotcom_audit_events_dedupe_source  [RUN]
[0m03:21:13  169 of 1658 OK created sql incremental model gitlab_dotcom.gitlab_dotcom_approval_project_rules_groups_dedupe_source  [[32m02000 1[0m in 1.20s]
[0m03:21:13  173 of 1658 START sql incremental model gitlab_dotcom.gitlab_dotcom_audit_events_external_audit_event_destinations_dedupe_source  [RUN]
[0m03:21:13  170 of 1658 OK created sql incremental model gitlab_dotcom.gitlab_dotcom_approval_project_rules_users_dedupe_source  [[32m02000 1[0m in 1.07s]
[0m03:21:13  174 of 1658 START sql incremental model gitlab_dotcom.gitlab_dotcom_authentication_events_dedupe_source  [RUN]
[0m03:21:13  171 of 1658 OK created sql incremental model gitlab_dotcom.gitlab_dotcom_approvals_dedupe_source  [[32m02000 1[0m in 1.17s]
[0m03:21:13  175 of 1658 START sql table model gitlab_dotcom.gitlab_dotcom_award_emoji_dedupe_source  [RUN]
[0m03:21:13  172 of 1658 OK created sql incremental model gitlab_dotcom.gitlab_dotcom_audit_events_dedupe_source  [[32m02000 1[0m in 1.08s]
[0m03:21:13  176 of 1658 START sql incremental model gitlab_dotcom.gitlab_dotcom_banned_users_dedupe_source  [RUN]
[0m03:21:14  174 of 1658 OK created sql incremental model gitlab_dotcom.gitlab_dotcom_authentication_events_dedupe_source  [[32m02000 1[0m in 1.20s]
[0m03:21:14  173 of 1658 OK created sql incremental model gitlab_dotcom.gitlab_dotcom_audit_events_external_audit_event_destinations_dedupe_source  [[32m02000 1[0m in 1.18s]
[0m03:21:14  177 of 1658 START sql incremental model gitlab_dotcom.gitlab_dotcom_batched_background_migrations_dedupe_source  [RUN]
[0m03:21:14  178 of 1658 START sql incremental model gitlab_dotcom.gitlab_dotcom_board_assignees_dedupe_source  [RUN]
[0m03:21:14  175 of 1658 OK created sql table model gitlab_dotcom.gitlab_dotcom_award_emoji_dedupe_source  [[32m02000 1[0m in 0.98s]
[0m03:21:14  179 of 1658 START sql incremental model gitlab_dotcom.gitlab_dotcom_board_labels_dedupe_source  [RUN]
[0m03:21:15  176 of 1658 OK created sql incremental model gitlab_dotcom.gitlab_dotcom_banned_users_dedupe_source  [[32m02000 1[0m in 1.32s]
[0m03:21:15  180 of 1658 START sql incremental model gitlab_dotcom.gitlab_dotcom_boards_dedupe_source  [RUN]
[0m03:21:15  177 of 1658 OK created sql incremental model gitlab_dotcom.gitlab_dotcom_batched_background_migrations_dedupe_source  [[32m02000 1[0m in 1.28s]
[0m03:21:15  181 of 1658 START sql table model gitlab_dotcom.gitlab_dotcom_bulk_import_entities_dedupe_source  [RUN]
[0m03:21:15  179 of 1658 OK created sql incremental model gitlab_dotcom.gitlab_dotcom_board_labels_dedupe_source  [[32m02000 1[0m in 1.24s]
[0m03:21:15  178 of 1658 OK created sql incremental model gitlab_dotcom.gitlab_dotcom_board_assignees_dedupe_source  [[32m02000 1[0m in 1.29s]
[0m03:21:15  182 of 1658 START sql incremental model gitlab_dotcom.gitlab_dotcom_bulk_imports_dedupe_source  [RUN]
[0m03:21:15  183 of 1658 START sql table model gitlab_dotcom.gitlab_dotcom_catalog_resource_versions_dedupe_source  [RUN]
[0m03:21:16  180 of 1658 OK created sql incremental model gitlab_dotcom.gitlab_dotcom_boards_dedupe_source  [[32m02000 1[0m in 1.01s]
[0m03:21:16  184 of 1658 START sql table model gitlab_dotcom.gitlab_dotcom_catalog_resources_dedupe_source  [RUN]
[0m03:21:16  182 of 1658 OK created sql incremental model gitlab_dotcom.gitlab_dotcom_bulk_imports_dedupe_source  [[32m02000 1[0m in 0.95s]
[0m03:21:16  185 of 1658 START sql incremental model gitlab_dotcom.gitlab_dotcom_ci_build_trace_chunks_dedupe_source  [RUN]
[0m03:21:19  185 of 1658 OK created sql incremental model gitlab_dotcom.gitlab_dotcom_ci_build_trace_chunks_dedupe_source  [[32m02000 1[0m in 2.84s]
[0m03:21:19  186 of 1658 START sql incremental model gitlab_dotcom.gitlab_dotcom_ci_build_trace_section_names_dedupe_source  [RUN]
[0m03:21:20  181 of 1658 OK created sql table model gitlab_dotcom.gitlab_dotcom_bulk_import_entities_dedupe_source  [[32m02000 1[0m in 4.11s]
[0m03:21:20  187 of 1658 START sql incremental model gitlab_dotcom.gitlab_dotcom_ci_builds_dedupe_source  [RUN]
[0m03:21:20  183 of 1658 OK created sql table model gitlab_dotcom.gitlab_dotcom_catalog_resource_versions_dedupe_source  [[32m02000 1[0m in 4.41s]
[0m03:21:20  188 of 1658 START sql incremental model gitlab_dotcom.gitlab_dotcom_ci_builds_internal_only_dedupe_source  [RUN]
[0m03:21:20  184 of 1658 OK created sql table model gitlab_dotcom.gitlab_dotcom_catalog_resources_dedupe_source  [[32m02000 1[0m in 4.23s]
[0m03:21:20  189 of 1658 START sql incremental model gitlab_dotcom.gitlab_dotcom_ci_builds_metadata_dedupe_source  [RUN]
[0m03:21:20  186 of 1658 OK created sql incremental model gitlab_dotcom.gitlab_dotcom_ci_build_trace_section_names_dedupe_source  [[32m02000 1[0m in 1.14s]
[0m03:21:20  190 of 1658 START sql incremental model gitlab_dotcom.gitlab_dotcom_ci_group_variables_dedupe_source  [RUN]
[0m03:21:21  187 of 1658 OK created sql incremental model gitlab_dotcom.gitlab_dotcom_ci_builds_dedupe_source  [[32m02000 1[0m in 1.13s]
[0m03:21:21  191 of 1658 START sql incremental model gitlab_dotcom.gitlab_dotcom_ci_job_artifacts_dedupe_source  [RUN]
[0m03:21:21  188 of 1658 OK created sql incremental model gitlab_dotcom.gitlab_dotcom_ci_builds_internal_only_dedupe_source  [[32m02000 1[0m in 1.11s]
[0m03:21:21  192 of 1658 START sql incremental model gitlab_dotcom.gitlab_dotcom_ci_job_token_project_scope_links_dedupe_source  [RUN]
[0m03:21:21  189 of 1658 OK created sql incremental model gitlab_dotcom.gitlab_dotcom_ci_builds_metadata_dedupe_source  [[32m02000 1[0m in 1.20s]
[0m03:21:21  193 of 1658 START sql incremental model gitlab_dotcom.gitlab_dotcom_ci_namespace_monthly_usages_dedupe_source  [RUN]
[0m03:21:22  190 of 1658 OK created sql incremental model gitlab_dotcom.gitlab_dotcom_ci_group_variables_dedupe_source  [[32m02000 1[0m in 1.18s]
[0m03:21:22  194 of 1658 START sql incremental model gitlab_dotcom.gitlab_dotcom_ci_pipeline_artifacts_dedupe_source  [RUN]
[0m03:21:22  191 of 1658 OK created sql incremental model gitlab_dotcom.gitlab_dotcom_ci_job_artifacts_dedupe_source  [[32m02000 1[0m in 1.18s]
[0m03:21:22  195 of 1658 START sql incremental model gitlab_dotcom.gitlab_dotcom_ci_pipeline_metadata_internal_only_dedupe_source  [RUN]
[0m03:21:22  192 of 1658 OK created sql incremental model gitlab_dotcom.gitlab_dotcom_ci_job_token_project_scope_links_dedupe_source  [[32m02000 1[0m in 1.19s]
[0m03:21:22  196 of 1658 START sql incremental model gitlab_dotcom.gitlab_dotcom_ci_pipeline_schedule_variables_dedupe_source  [RUN]
[0m03:21:22  193 of 1658 OK created sql incremental model gitlab_dotcom.gitlab_dotcom_ci_namespace_monthly_usages_dedupe_source  [[32m02000 1[0m in 1.20s]
[0m03:21:22  197 of 1658 START sql incremental model gitlab_dotcom.gitlab_dotcom_ci_pipeline_schedules_dedupe_source  [RUN]
[0m03:21:23  194 of 1658 OK created sql incremental model gitlab_dotcom.gitlab_dotcom_ci_pipeline_artifacts_dedupe_source  [[32m02000 1[0m in 1.20s]
[0m03:21:23  198 of 1658 START sql incremental model gitlab_dotcom.gitlab_dotcom_ci_pipelines_dedupe_source  [RUN]
[0m03:21:23  195 of 1658 OK created sql incremental model gitlab_dotcom.gitlab_dotcom_ci_pipeline_metadata_internal_only_dedupe_source  [[32m02000 1[0m in 1.31s]
[0m03:21:23  199 of 1658 START sql incremental model gitlab_dotcom.gitlab_dotcom_ci_pipelines_internal_only_dedupe_source  [RUN]
[0m03:21:23  196 of 1658 OK created sql incremental model gitlab_dotcom.gitlab_dotcom_ci_pipeline_schedule_variables_dedupe_source  [[32m02000 1[0m in 1.21s]
[0m03:21:23  200 of 1658 START sql incremental model gitlab_dotcom.gitlab_dotcom_ci_project_monthly_usages_dedupe_source  [RUN]
[0m03:21:24  197 of 1658 OK created sql incremental model gitlab_dotcom.gitlab_dotcom_ci_pipeline_schedules_dedupe_source  [[32m02000 1[0m in 1.22s]
[0m03:21:24  201 of 1658 START sql incremental model gitlab_dotcom.gitlab_dotcom_ci_runner_machines_dedupe_source  [RUN]
[0m03:21:24  198 of 1658 OK created sql incremental model gitlab_dotcom.gitlab_dotcom_ci_pipelines_dedupe_source  [[32m02000 1[0m in 1.23s]
[0m03:21:24  202 of 1658 START sql incremental model gitlab_dotcom.gitlab_dotcom_ci_runner_projects_dedupe_source  [RUN]
[0m03:21:24  199 of 1658 OK created sql incremental model gitlab_dotcom.gitlab_dotcom_ci_pipelines_internal_only_dedupe_source  [[32m02000 1[0m in 1.12s]
[0m03:21:24  203 of 1658 START sql incremental model gitlab_dotcom.gitlab_dotcom_ci_runners_dedupe_source  [RUN]
[0m03:21:25  200 of 1658 OK created sql incremental model gitlab_dotcom.gitlab_dotcom_ci_project_monthly_usages_dedupe_source  [[32m02000 1[0m in 1.32s]
[0m03:21:25  204 of 1658 START sql incremental model gitlab_dotcom.gitlab_dotcom_ci_secure_files_dedupe_source  [RUN]
[0m03:21:25  201 of 1658 OK created sql incremental model gitlab_dotcom.gitlab_dotcom_ci_runner_machines_dedupe_source  [[32m02000 1[0m in 1.22s]
[0m03:21:25  205 of 1658 START sql incremental model gitlab_dotcom.gitlab_dotcom_ci_sources_pipelines_dedupe_source  [RUN]
[0m03:21:25  202 of 1658 OK created sql incremental model gitlab_dotcom.gitlab_dotcom_ci_runner_projects_dedupe_source  [[32m02000 1[0m in 1.22s]
[0m03:21:25  206 of 1658 START sql incremental model gitlab_dotcom.gitlab_dotcom_ci_stages_dedupe_source  [RUN]
[0m03:21:26  204 of 1658 OK created sql incremental model gitlab_dotcom.gitlab_dotcom_ci_secure_files_dedupe_source  [[32m02000 1[0m in 1.13s]
[0m03:21:26  205 of 1658 OK created sql incremental model gitlab_dotcom.gitlab_dotcom_ci_sources_pipelines_dedupe_source  [[32m02000 1[0m in 1.01s]
[0m03:21:26  203 of 1658 OK created sql incremental model gitlab_dotcom.gitlab_dotcom_ci_runners_dedupe_source  [[32m02000 1[0m in 1.32s]
[0m03:21:26  208 of 1658 START sql incremental model gitlab_dotcom.gitlab_dotcom_ci_trigger_requests_dedupe_source  [RUN]
[0m03:21:26  207 of 1658 START sql incremental model gitlab_dotcom.gitlab_dotcom_ci_subscriptions_projects_dedupe_source  [RUN]
[0m03:21:26  209 of 1658 START sql incremental model gitlab_dotcom.gitlab_dotcom_ci_triggers_dedupe_source  [RUN]
[0m03:21:27  206 of 1658 OK created sql incremental model gitlab_dotcom.gitlab_dotcom_ci_stages_dedupe_source  [[32m02000 1[0m in 1.41s]
[0m03:21:27  210 of 1658 START sql incremental model gitlab_dotcom.gitlab_dotcom_ci_variables_dedupe_source  [RUN]
[0m03:21:27  208 of 1658 OK created sql incremental model gitlab_dotcom.gitlab_dotcom_ci_trigger_requests_dedupe_source  [[32m02000 1[0m in 1.04s]
[0m03:21:27  211 of 1658 START sql incremental model gitlab_dotcom.gitlab_dotcom_cluster_agent_tokens_dedupe_source  [RUN]
[0m03:21:27  209 of 1658 OK created sql incremental model gitlab_dotcom.gitlab_dotcom_ci_triggers_dedupe_source  [[32m02000 1[0m in 1.15s]
[0m03:21:27  212 of 1658 START sql incremental model gitlab_dotcom.gitlab_dotcom_cluster_agents_dedupe_source  [RUN]
[0m03:21:27  207 of 1658 OK created sql incremental model gitlab_dotcom.gitlab_dotcom_ci_subscriptions_projects_dedupe_source  [[32m02000 1[0m in 1.16s]
[0m03:21:27  213 of 1658 START sql incremental model gitlab_dotcom.gitlab_dotcom_cluster_groups_dedupe_source  [RUN]
[0m03:21:28  210 of 1658 OK created sql incremental model gitlab_dotcom.gitlab_dotcom_ci_variables_dedupe_source  [[32m02000 1[0m in 1.42s]
[0m03:21:28  211 of 1658 OK created sql incremental model gitlab_dotcom.gitlab_dotcom_cluster_agent_tokens_dedupe_source  [[32m02000 1[0m in 1.03s]
[0m03:21:28  214 of 1658 START sql incremental model gitlab_dotcom.gitlab_dotcom_cluster_projects_dedupe_source  [RUN]
[0m03:21:28  215 of 1658 START sql incremental model gitlab_dotcom.gitlab_dotcom_clusters_applications_cert_managers_dedupe_source  [RUN]
[0m03:21:28  213 of 1658 OK created sql incremental model gitlab_dotcom.gitlab_dotcom_cluster_groups_dedupe_source  [[32m02000 1[0m in 0.99s]
[0m03:21:28  216 of 1658 START sql incremental model gitlab_dotcom.gitlab_dotcom_clusters_applications_crossplane_dedupe_source  [RUN]
[0m03:21:29  212 of 1658 OK created sql incremental model gitlab_dotcom.gitlab_dotcom_cluster_agents_dedupe_source  [[32m02000 1[0m in 1.61s]
[0m03:21:29  217 of 1658 START sql incremental model gitlab_dotcom.gitlab_dotcom_clusters_applications_elastic_stacks_dedupe_source  [RUN]
[0m03:21:29  216 of 1658 OK created sql incremental model gitlab_dotcom.gitlab_dotcom_clusters_applications_crossplane_dedupe_source  [[32m02000 1[0m in 1.21s]
[0m03:21:29  218 of 1658 START sql incremental model gitlab_dotcom.gitlab_dotcom_clusters_applications_helm_dedupe_source  [RUN]
[0m03:21:29  214 of 1658 OK created sql incremental model gitlab_dotcom.gitlab_dotcom_cluster_projects_dedupe_source  [[32m02000 1[0m in 1.30s]
[0m03:21:29  215 of 1658 OK created sql incremental model gitlab_dotcom.gitlab_dotcom_clusters_applications_cert_managers_dedupe_source  [[32m02000 1[0m in 1.29s]
[0m03:21:29  219 of 1658 START sql incremental model gitlab_dotcom.gitlab_dotcom_clusters_applications_ingress_dedupe_source  [RUN]
[0m03:21:29  220 of 1658 START sql incremental model gitlab_dotcom.gitlab_dotcom_clusters_applications_jupyter_dedupe_source  [RUN]
[0m03:21:30  217 of 1658 OK created sql incremental model gitlab_dotcom.gitlab_dotcom_clusters_applications_elastic_stacks_dedupe_source  [[32m02000 1[0m in 1.31s]
[0m03:21:30  221 of 1658 START sql incremental model gitlab_dotcom.gitlab_dotcom_clusters_applications_knative_dedupe_source  [RUN]
[0m03:21:31  219 of 1658 OK created sql incremental model gitlab_dotcom.gitlab_dotcom_clusters_applications_ingress_dedupe_source  [[32m02000 1[0m in 1.30s]
[0m03:21:31  220 of 1658 OK created sql incremental model gitlab_dotcom.gitlab_dotcom_clusters_applications_jupyter_dedupe_source  [[32m02000 1[0m in 1.30s]
[0m03:21:31  222 of 1658 START sql incremental model gitlab_dotcom.gitlab_dotcom_clusters_applications_prometheus_dedupe_source  [RUN]
[0m03:21:31  223 of 1658 START sql incremental model gitlab_dotcom.gitlab_dotcom_clusters_applications_runners_dedupe_source  [RUN]
[0m03:21:31  218 of 1658 OK created sql incremental model gitlab_dotcom.gitlab_dotcom_clusters_applications_helm_dedupe_source  [[32m02000 1[0m in 1.93s]
[0m03:21:31  224 of 1658 START sql incremental model gitlab_dotcom.gitlab_dotcom_clusters_dedupe_source  [RUN]
[0m03:21:31  221 of 1658 OK created sql incremental model gitlab_dotcom.gitlab_dotcom_clusters_applications_knative_dedupe_source  [[32m02000 1[0m in 1.23s]
[0m03:21:31  225 of 1658 START sql table model gitlab_dotcom.gitlab_dotcom_clusters_integration_prometheus_dedupe_source  [RUN]
[0m03:21:32  223 of 1658 OK created sql incremental model gitlab_dotcom.gitlab_dotcom_clusters_applications_runners_dedupe_source  [[32m02000 1[0m in 1.13s]
[0m03:21:32  226 of 1658 START sql incremental model gitlab_dotcom.gitlab_dotcom_compliance_management_frameworks_dedupe_source  [RUN]
[0m03:21:32  222 of 1658 OK created sql incremental model gitlab_dotcom.gitlab_dotcom_clusters_applications_prometheus_dedupe_source  [[32m02000 1[0m in 1.34s]
[0m03:21:32  227 of 1658 START sql incremental model gitlab_dotcom.gitlab_dotcom_container_expiration_policies_dedupe_source  [RUN]
[0m03:21:32  224 of 1658 OK created sql incremental model gitlab_dotcom.gitlab_dotcom_clusters_dedupe_source  [[32m02000 1[0m in 1.04s]
[0m03:21:32  228 of 1658 START sql incremental model gitlab_dotcom.gitlab_dotcom_container_repositories_dedupe_source  [RUN]
[0m03:21:33  226 of 1658 OK created sql incremental model gitlab_dotcom.gitlab_dotcom_compliance_management_frameworks_dedupe_source  [[32m02000 1[0m in 1.09s]
[0m03:21:33  229 of 1658 START sql incremental model gitlab_dotcom.gitlab_dotcom_csv_issue_imports_dedupe_source  [RUN]
[0m03:21:34  227 of 1658 OK created sql incremental model gitlab_dotcom.gitlab_dotcom_container_expiration_policies_dedupe_source  [[32m02000 1[0m in 1.69s]
[0m03:21:34  230 of 1658 START sql incremental model gitlab_dotcom.gitlab_dotcom_dast_profiles_dedupe_source  [RUN]
[0m03:21:34  228 of 1658 OK created sql incremental model gitlab_dotcom.gitlab_dotcom_container_repositories_dedupe_source  [[32m02000 1[0m in 1.50s]
[0m03:21:34  231 of 1658 START sql incremental model gitlab_dotcom.gitlab_dotcom_dependency_proxy_packages_settings_dedupe_source  [RUN]
[0m03:21:34  225 of 1658 OK created sql table model gitlab_dotcom.gitlab_dotcom_clusters_integration_prometheus_dedupe_source  [[32m02000 1[0m in 2.81s]
[0m03:21:34  232 of 1658 START sql incremental model gitlab_dotcom.gitlab_dotcom_deployment_approvals_dedupe_source  [RUN]
[0m03:21:34  229 of 1658 OK created sql incremental model gitlab_dotcom.gitlab_dotcom_csv_issue_imports_dedupe_source  [[32m02000 1[0m in 1.50s]
[0m03:21:34  233 of 1658 START sql incremental model gitlab_dotcom.gitlab_dotcom_deployment_merge_requests_dedupe_source  [RUN]
[0m03:21:35  230 of 1658 OK created sql incremental model gitlab_dotcom.gitlab_dotcom_dast_profiles_dedupe_source  [[32m02000 1[0m in 1.10s]
[0m03:21:35  234 of 1658 START sql incremental model gitlab_dotcom.gitlab_dotcom_deployments_dedupe_source  [RUN]
[0m03:21:35  231 of 1658 OK created sql incremental model gitlab_dotcom.gitlab_dotcom_dependency_proxy_packages_settings_dedupe_source  [[32m02000 1[0m in 1.30s]
[0m03:21:35  235 of 1658 START sql incremental model gitlab_dotcom.gitlab_dotcom_elasticsearch_indexed_namespaces_dedupe_source  [RUN]
[0m03:21:35  232 of 1658 OK created sql incremental model gitlab_dotcom.gitlab_dotcom_deployment_approvals_dedupe_source  [[32m02000 1[0m in 1.34s]
[0m03:21:35  236 of 1658 START sql incremental model gitlab_dotcom.gitlab_dotcom_emails_dedupe_source  [RUN]
[0m03:21:36  233 of 1658 OK created sql incremental model gitlab_dotcom.gitlab_dotcom_deployment_merge_requests_dedupe_source  [[32m02000 1[0m in 1.03s]
[0m03:21:36  237 of 1658 START sql incremental model gitlab_dotcom.gitlab_dotcom_environments_dedupe_source  [RUN]
[0m03:21:36  234 of 1658 OK created sql incremental model gitlab_dotcom.gitlab_dotcom_deployments_dedupe_source  [[32m02000 1[0m in 1.14s]
[0m03:21:36  238 of 1658 START sql incremental model gitlab_dotcom.gitlab_dotcom_epic_issues_dedupe_source  [RUN]
[0m03:21:36  235 of 1658 OK created sql incremental model gitlab_dotcom.gitlab_dotcom_elasticsearch_indexed_namespaces_dedupe_source  [[32m02000 1[0m in 1.13s]
[0m03:21:36  239 of 1658 START sql incremental model gitlab_dotcom.gitlab_dotcom_epics_dedupe_source  [RUN]
[0m03:21:37  236 of 1658 OK created sql incremental model gitlab_dotcom.gitlab_dotcom_emails_dedupe_source  [[32m02000 1[0m in 1.12s]
[0m03:21:37  240 of 1658 START sql incremental model gitlab_dotcom.gitlab_dotcom_epics_internal_only_dedupe_source  [RUN]
[0m03:21:37  237 of 1658 OK created sql incremental model gitlab_dotcom.gitlab_dotcom_environments_dedupe_source  [[32m02000 1[0m in 1.09s]
[0m03:21:37  241 of 1658 START sql incremental model gitlab_dotcom.gitlab_dotcom_events_dedupe_source  [RUN]
[0m03:21:37  238 of 1658 OK created sql incremental model gitlab_dotcom.gitlab_dotcom_epic_issues_dedupe_source  [[32m02000 1[0m in 1.28s]
[0m03:21:37  242 of 1658 START sql incremental model gitlab_dotcom.gitlab_dotcom_external_status_checks_dedupe_source  [RUN]
[0m03:21:38  239 of 1658 OK created sql incremental model gitlab_dotcom.gitlab_dotcom_epics_dedupe_source  [[32m02000 1[0m in 1.28s]
[0m03:21:38  243 of 1658 START sql incremental model gitlab_dotcom.gitlab_dotcom_fork_network_members_dedupe_source  [RUN]
[0m03:21:38  240 of 1658 OK created sql incremental model gitlab_dotcom.gitlab_dotcom_epics_internal_only_dedupe_source  [[32m02000 1[0m in 1.26s]
[0m03:21:38  244 of 1658 START sql incremental model gitlab_dotcom.gitlab_dotcom_gitlab_subscriptions_dedupe_source  [RUN]
[0m03:21:38  241 of 1658 OK created sql incremental model gitlab_dotcom.gitlab_dotcom_events_dedupe_source  [[32m02000 1[0m in 1.26s]
[0m03:21:38  245 of 1658 START sql table model legacy.gitlab_dotcom_gitlab_subscriptions_snapshots  [RUN]
[0m03:21:39  242 of 1658 OK created sql incremental model gitlab_dotcom.gitlab_dotcom_external_status_checks_dedupe_source  [[32m02000 1[0m in 1.26s]
[0m03:21:39  246 of 1658 START sql table model legacy.gitlab_dotcom_gitlab_subscriptions_snapshots_namespace_id  [RUN]
[0m03:21:39  243 of 1658 OK created sql incremental model gitlab_dotcom.gitlab_dotcom_fork_network_members_dedupe_source  [[32m02000 1[0m in 1.28s]
[0m03:21:39  247 of 1658 START sql table model gitlab_dotcom.gitlab_dotcom_gitlab_subscriptions_source  [RUN]
[0m03:21:39  244 of 1658 OK created sql incremental model gitlab_dotcom.gitlab_dotcom_gitlab_subscriptions_dedupe_source  [[32m02000 1[0m in 1.49s]
[0m03:21:39  248 of 1658 START sql incremental model gitlab_dotcom.gitlab_dotcom_gpg_signatures_dedupe_source  [RUN]
[0m03:21:40  245 of 1658 OK created sql table model legacy.gitlab_dotcom_gitlab_subscriptions_snapshots  [[32m02000 1[0m in 1.42s]
[0m03:21:40  249 of 1658 START sql incremental model gitlab_dotcom.gitlab_dotcom_grafana_integrations_dedupe_source  [RUN]
[0m03:21:40  246 of 1658 OK created sql table model legacy.gitlab_dotcom_gitlab_subscriptions_snapshots_namespace_id  [[32m02000 1[0m in 1.47s]
[0m03:21:40  250 of 1658 START sql incremental model gitlab_dotcom.gitlab_dotcom_group_audit_events_dedupe_source  [RUN]
[0m03:21:41  248 of 1658 OK created sql incremental model gitlab_dotcom.gitlab_dotcom_gpg_signatures_dedupe_source  [[32m02000 1[0m in 1.46s]
[0m03:21:41  251 of 1658 START sql incremental model gitlab_dotcom.gitlab_dotcom_group_group_links_dedupe_source  [RUN]
[0m03:21:41  249 of 1658 OK created sql incremental model gitlab_dotcom.gitlab_dotcom_grafana_integrations_dedupe_source  [[32m02000 1[0m in 1.47s]
[0m03:21:41  252 of 1658 START sql table model gitlab_dotcom.gitlab_dotcom_group_group_links_source  [RUN]
[0m03:21:42  250 of 1658 OK created sql incremental model gitlab_dotcom.gitlab_dotcom_group_audit_events_dedupe_source  [[32m02000 1[0m in 1.61s]
[0m03:21:42  253 of 1658 START sql table model gitlab_dotcom.gitlab_dotcom_group_import_states_dedupe_source  [RUN]
[0m03:21:42  247 of 1658 OK created sql table model gitlab_dotcom.gitlab_dotcom_gitlab_subscriptions_source  [[32m02000 1[0m in 3.00s]
[0m03:21:42  254 of 1658 START sql incremental model gitlab_dotcom.gitlab_dotcom_identities_dedupe_source  [RUN]
[0m03:21:42  251 of 1658 OK created sql incremental model gitlab_dotcom.gitlab_dotcom_group_group_links_dedupe_source  [[32m02000 1[0m in 1.45s]
[0m03:21:42  255 of 1658 START sql table model gitlab_dotcom.gitlab_dotcom_identities_snapshots_source  [RUN]
[0m03:21:44  254 of 1658 OK created sql incremental model gitlab_dotcom.gitlab_dotcom_identities_dedupe_source  [[32m02000 1[0m in 1.72s]
[0m03:21:44  256 of 1658 START sql incremental model gitlab_dotcom.gitlab_dotcom_incident_management_issuable_escalation_statuses_dedupe_source  [RUN]
[0m03:21:44  255 of 1658 OK created sql table model gitlab_dotcom.gitlab_dotcom_identities_snapshots_source  [[32m02000 1[0m in 1.67s]
[0m03:21:44  257 of 1658 START sql incremental model gitlab_dotcom.gitlab_dotcom_incident_management_timeline_event_tag_links_dedupe_source  [RUN]
[0m03:21:45  252 of 1658 OK created sql table model gitlab_dotcom.gitlab_dotcom_group_group_links_source  [[32m02000 1[0m in 3.46s]
[0m03:21:45  258 of 1658 START sql incremental model gitlab_dotcom.gitlab_dotcom_incident_management_timeline_event_tags_dedupe_source  [RUN]
[0m03:21:45  256 of 1658 OK created sql incremental model gitlab_dotcom.gitlab_dotcom_incident_management_issuable_escalation_statuses_dedupe_source  [[32m02000 1[0m in 1.32s]
[0m03:21:45  259 of 1658 START sql incremental model gitlab_dotcom.gitlab_dotcom_incident_management_timeline_events_dedupe_source  [RUN]
[0m03:21:45  257 of 1658 OK created sql incremental model gitlab_dotcom.gitlab_dotcom_incident_management_timeline_event_tag_links_dedupe_source  [[32m02000 1[0m in 1.35s]
[0m03:21:45  260 of 1658 START sql incremental model gitlab_dotcom.gitlab_dotcom_integrations_dedupe_source  [RUN]
[0m03:21:46  253 of 1658 OK created sql table model gitlab_dotcom.gitlab_dotcom_group_import_states_dedupe_source  [[32m02000 1[0m in 3.99s]
[0m03:21:46  261 of 1658 START sql incremental model gitlab_dotcom.gitlab_dotcom_issuable_severities_dedupe_source  [RUN]
[0m03:21:46  258 of 1658 OK created sql incremental model gitlab_dotcom.gitlab_dotcom_incident_management_timeline_event_tags_dedupe_source  [[32m02000 1[0m in 1.06s]
[0m03:21:46  262 of 1658 START sql table model gitlab_dotcom.gitlab_dotcom_issue_assignees_source  [RUN]
[0m03:21:46  259 of 1658 OK created sql incremental model gitlab_dotcom.gitlab_dotcom_incident_management_timeline_events_dedupe_source  [[32m02000 1[0m in 1.43s]
[0m03:21:46  263 of 1658 START sql incremental model gitlab_dotcom.gitlab_dotcom_issue_links_dedupe_source  [RUN]
[0m03:21:46  260 of 1658 OK created sql incremental model gitlab_dotcom.gitlab_dotcom_integrations_dedupe_source  [[32m02000 1[0m in 1.13s]
[0m03:21:46  264 of 1658 START sql table model gitlab_dotcom.gitlab_dotcom_issue_links_source  [RUN]
[0m03:21:47  262 of 1658 OK created sql table model gitlab_dotcom.gitlab_dotcom_issue_assignees_source  [[32m02000 1[0m in 1.18s]
[0m03:21:47  265 of 1658 START sql incremental model gitlab_dotcom.gitlab_dotcom_issue_metrics_dedupe_source  [RUN]
[0m03:21:47  261 of 1658 OK created sql incremental model gitlab_dotcom.gitlab_dotcom_issuable_severities_dedupe_source  [[32m02000 1[0m in 1.22s]
[0m03:21:47  266 of 1658 START sql incremental model gitlab_dotcom.gitlab_dotcom_issues_dedupe_source  [RUN]
[0m03:21:48  265 of 1658 OK created sql incremental model gitlab_dotcom.gitlab_dotcom_issue_metrics_dedupe_source  [[32m02000 1[0m in 0.91s]
[0m03:21:48  266 of 1658 OK created sql incremental model gitlab_dotcom.gitlab_dotcom_issues_dedupe_source  [[32m02000 1[0m in 1.00s]
[0m03:21:48  263 of 1658 OK created sql incremental model gitlab_dotcom.gitlab_dotcom_issue_links_dedupe_source  [[32m02000 1[0m in 1.11s]
[0m03:21:48  267 of 1658 START sql incremental model gitlab_dotcom.gitlab_dotcom_issues_internal_only_dedupe_source  [RUN]
[0m03:21:48  268 of 1658 START sql table model gitlab_dotcom.gitlab_dotcom_jira_connect_installations_dedupe_source  [RUN]
[0m03:21:48  269 of 1658 START sql incremental model gitlab_dotcom.gitlab_dotcom_jira_connect_subscriptions_dedupe_source  [RUN]
[0m03:21:50  264 of 1658 OK created sql table model gitlab_dotcom.gitlab_dotcom_issue_links_source  [[32m02000 1[0m in 4.04s]
[0m03:21:50  270 of 1658 START sql incremental model gitlab_dotcom.gitlab_dotcom_jira_imports_dedupe_source  [RUN]
[0m03:21:50  269 of 1658 OK created sql incremental model gitlab_dotcom.gitlab_dotcom_jira_connect_subscriptions_dedupe_source  [[32m02000 1[0m in 2.61s]
[0m03:21:50  271 of 1658 START sql incremental model gitlab_dotcom.gitlab_dotcom_jira_tracker_data_dedupe_source  [RUN]
[0m03:21:51  267 of 1658 OK created sql incremental model gitlab_dotcom.gitlab_dotcom_issues_internal_only_dedupe_source  [[32m02000 1[0m in 2.62s]
[0m03:21:51  272 of 1658 START sql incremental model gitlab_dotcom.gitlab_dotcom_keys_dedupe_source  [RUN]
[0m03:21:51  270 of 1658 OK created sql incremental model gitlab_dotcom.gitlab_dotcom_jira_imports_dedupe_source  [[32m02000 1[0m in 1.01s]
[0m03:21:51  273 of 1658 START sql incremental model gitlab_dotcom.gitlab_dotcom_label_links_dedupe_source  [RUN]
[0m03:21:52  271 of 1658 OK created sql incremental model gitlab_dotcom.gitlab_dotcom_jira_tracker_data_dedupe_source  [[32m02000 1[0m in 1.10s]
[0m03:21:52  274 of 1658 START sql table model gitlab_dotcom.gitlab_dotcom_label_links_source  [RUN]
[0m03:21:52  268 of 1658 OK created sql table model gitlab_dotcom.gitlab_dotcom_jira_connect_installations_dedupe_source  [[32m02000 1[0m in 4.21s]
[0m03:21:52  275 of 1658 START sql incremental model gitlab_dotcom.gitlab_dotcom_label_priorities_dedupe_source  [RUN]
[0m03:21:52  272 of 1658 OK created sql incremental model gitlab_dotcom.gitlab_dotcom_keys_dedupe_source  [[32m02000 1[0m in 1.58s]
[0m03:21:52  276 of 1658 START sql incremental model gitlab_dotcom.gitlab_dotcom_labels_dedupe_source  [RUN]
[0m03:21:53  273 of 1658 OK created sql incremental model gitlab_dotcom.gitlab_dotcom_label_links_dedupe_source  [[32m02000 1[0m in 1.51s]
[0m03:21:53  277 of 1658 START sql incremental model gitlab_dotcom.gitlab_dotcom_labels_internal_only_dedupe_source  [RUN]
[0m03:21:53  276 of 1658 OK created sql incremental model gitlab_dotcom.gitlab_dotcom_labels_dedupe_source  [[32m02000 1[0m in 1.16s]
[0m03:21:53  278 of 1658 START sql incremental model gitlab_dotcom.gitlab_dotcom_ldap_group_links_dedupe_source  [RUN]
[0m03:21:54  275 of 1658 OK created sql incremental model gitlab_dotcom.gitlab_dotcom_label_priorities_dedupe_source  [[32m02000 1[0m in 1.62s]
[0m03:21:54  279 of 1658 START sql table model gitlab_dotcom.gitlab_dotcom_lfs_file_locks_dedupe_source  [RUN]
[0m03:21:55  274 of 1658 OK created sql table model gitlab_dotcom.gitlab_dotcom_label_links_source  [[32m02000 1[0m in 2.91s]
[0m03:21:55  280 of 1658 START sql incremental model gitlab_dotcom.gitlab_dotcom_lfs_objects_dedupe_source  [RUN]
[0m03:21:55  278 of 1658 OK created sql incremental model gitlab_dotcom.gitlab_dotcom_ldap_group_links_dedupe_source  [[32m02000 1[0m in 1.25s]
[0m03:21:55  277 of 1658 OK created sql incremental model gitlab_dotcom.gitlab_dotcom_labels_internal_only_dedupe_source  [[32m02000 1[0m in 1.53s]
[0m03:21:55  281 of 1658 START sql incremental model gitlab_dotcom.gitlab_dotcom_lists_dedupe_source  [RUN]
[0m03:21:55  282 of 1658 START sql incremental model gitlab_dotcom.gitlab_dotcom_member_roles_dedupe_source  [RUN]
[0m03:21:56  282 of 1658 OK created sql incremental model gitlab_dotcom.gitlab_dotcom_member_roles_dedupe_source  [[32m02000 1[0m in 1.28s]
[0m03:21:56  280 of 1658 OK created sql incremental model gitlab_dotcom.gitlab_dotcom_lfs_objects_dedupe_source  [[32m02000 1[0m in 1.31s]
[0m03:21:56  283 of 1658 START sql incremental model gitlab_dotcom.gitlab_dotcom_members_dedupe_source  [RUN]
[0m03:21:56  284 of 1658 START sql table model legacy.gitlab_dotcom_members_snapshots ....... [RUN]
[0m03:21:57  281 of 1658 OK created sql incremental model gitlab_dotcom.gitlab_dotcom_lists_dedupe_source  [[32m02000 1[0m in 2.50s]
[0m03:21:57  285 of 1658 START sql table model gitlab_dotcom.gitlab_dotcom_members_source ... [RUN]
[0m03:21:57  283 of 1658 OK created sql incremental model gitlab_dotcom.gitlab_dotcom_members_dedupe_source  [[32m02000 1[0m in 1.21s]
[0m03:21:57  286 of 1658 START sql table model gitlab_dotcom.gitlab_dotcom_merge_request_diff_commit_users_dedupe_source  [RUN]
[0m03:21:58  284 of 1658 OK created sql table model legacy.gitlab_dotcom_members_snapshots .. [[32m02000 1[0m in 1.68s]
[0m03:21:58  279 of 1658 OK created sql table model gitlab_dotcom.gitlab_dotcom_lfs_file_locks_dedupe_source  [[32m02000 1[0m in 3.80s]
[0m03:21:58  287 of 1658 START sql incremental model gitlab_dotcom.gitlab_dotcom_merge_request_diffs_dedupe_source  [RUN]
[0m03:21:58  288 of 1658 START sql incremental model gitlab_dotcom.gitlab_dotcom_merge_request_metrics_dedupe_source  [RUN]
[0m03:22:00  288 of 1658 OK created sql incremental model gitlab_dotcom.gitlab_dotcom_merge_request_metrics_dedupe_source  [[32m02000 1[0m in 2.75s]
[0m03:22:00  289 of 1658 START sql incremental model gitlab_dotcom.gitlab_dotcom_merge_request_predictions_dedupe_source  [RUN]
[0m03:22:00  287 of 1658 OK created sql incremental model gitlab_dotcom.gitlab_dotcom_merge_request_diffs_dedupe_source  [[32m02000 1[0m in 2.76s]
[0m03:22:00  290 of 1658 START sql table model gitlab_dotcom.gitlab_dotcom_merge_request_reviewers_source  [RUN]
[0m03:22:01  286 of 1658 OK created sql table model gitlab_dotcom.gitlab_dotcom_merge_request_diff_commit_users_dedupe_source  [[32m02000 1[0m in 3.87s]
[0m03:22:01  291 of 1658 START sql incremental model gitlab_dotcom.gitlab_dotcom_merge_requests_dedupe_source  [RUN]
[0m03:22:01  285 of 1658 OK created sql table model gitlab_dotcom.gitlab_dotcom_members_source  [[32m02000 1[0m in 4.19s]
[0m03:22:01  292 of 1658 START sql incremental model gitlab_dotcom.gitlab_dotcom_merge_requests_internal_only_dedupe_source  [RUN]
[0m03:22:01  289 of 1658 OK created sql incremental model gitlab_dotcom.gitlab_dotcom_merge_request_predictions_dedupe_source  [[32m02000 1[0m in 1.07s]
[0m03:22:01  293 of 1658 START sql incremental model gitlab_dotcom.gitlab_dotcom_milestone_releases_dedupe_source  [RUN]
[0m03:22:03  291 of 1658 OK created sql incremental model gitlab_dotcom.gitlab_dotcom_merge_requests_dedupe_source  [[32m02000 1[0m in 1.65s]
[0m03:22:03  294 of 1658 START sql incremental model gitlab_dotcom.gitlab_dotcom_milestones_dedupe_source  [RUN]
[0m03:22:03  292 of 1658 OK created sql incremental model gitlab_dotcom.gitlab_dotcom_merge_requests_internal_only_dedupe_source  [[32m02000 1[0m in 2.20s]
[0m03:22:03  295 of 1658 START sql incremental model gitlab_dotcom.gitlab_dotcom_milestones_internal_only_dedupe_source  [RUN]
[0m03:22:04  290 of 1658 OK created sql table model gitlab_dotcom.gitlab_dotcom_merge_request_reviewers_source  [[32m02000 1[0m in 3.54s]
[0m03:22:04  296 of 1658 START sql incremental model gitlab_dotcom.gitlab_dotcom_ml_candidates_dedupe_source  [RUN]
[0m03:22:05  293 of 1658 OK created sql incremental model gitlab_dotcom.gitlab_dotcom_milestone_releases_dedupe_source  [[32m02000 1[0m in 3.60s]
[0m03:22:05  295 of 1658 OK created sql incremental model gitlab_dotcom.gitlab_dotcom_milestones_internal_only_dedupe_source  [[32m02000 1[0m in 1.52s]
[0m03:22:05  294 of 1658 OK created sql incremental model gitlab_dotcom.gitlab_dotcom_milestones_dedupe_source  [[32m02000 1[0m in 2.17s]
[0m03:22:05  297 of 1658 START sql incremental model gitlab_dotcom.gitlab_dotcom_ml_experiments_dedupe_source  [RUN]
[0m03:22:05  298 of 1658 START sql incremental model gitlab_dotcom.gitlab_dotcom_namespace_details_dedupe_source  [RUN]
[0m03:22:05  299 of 1658 START sql table model legacy.gitlab_dotcom_namespace_details_snapshots_source  [RUN]
[0m03:22:07  296 of 1658 OK created sql incremental model gitlab_dotcom.gitlab_dotcom_ml_candidates_dedupe_source  [[32m02000 1[0m in 2.84s]
[0m03:22:07  300 of 1658 START sql incremental model gitlab_dotcom.gitlab_dotcom_namespace_root_storage_statistics_dedupe_source  [RUN]
[0m03:22:08  299 of 1658 OK created sql table model legacy.gitlab_dotcom_namespace_details_snapshots_source  [[32m02000 1[0m in 2.45s]
[0m03:22:08  301 of 1658 START sql table model legacy.gitlab_dotcom_namespace_root_storage_statistics_snapshots  [RUN]
[0m03:22:08  297 of 1658 OK created sql incremental model gitlab_dotcom.gitlab_dotcom_ml_experiments_dedupe_source  [[32m02000 1[0m in 2.47s]
[0m03:22:08  302 of 1658 START sql incremental model gitlab_dotcom.gitlab_dotcom_namespace_settings_dedupe_source  [RUN]
[0m03:22:08  298 of 1658 OK created sql incremental model gitlab_dotcom.gitlab_dotcom_namespace_details_dedupe_source  [[32m02000 1[0m in 2.48s]
[0m03:22:08  303 of 1658 START sql incremental model gitlab_dotcom.gitlab_dotcom_namespace_statistics_dedupe_source  [RUN]
[0m03:22:09  300 of 1658 OK created sql incremental model gitlab_dotcom.gitlab_dotcom_namespace_root_storage_statistics_dedupe_source  [[32m02000 1[0m in 2.33s]
[0m03:22:09  304 of 1658 START sql table model legacy.gitlab_dotcom_namespace_statistics_snapshots  [RUN]
[0m03:22:10  301 of 1658 OK created sql table model legacy.gitlab_dotcom_namespace_root_storage_statistics_snapshots  [[32m02000 1[0m in 2.21s]
[0m03:22:10  305 of 1658 START sql incremental model gitlab_dotcom.gitlab_dotcom_namespaces_dedupe_source  [RUN]
[0m03:22:10  303 of 1658 OK created sql incremental model gitlab_dotcom.gitlab_dotcom_namespace_statistics_dedupe_source  [[32m02000 1[0m in 2.22s]
[0m03:22:10  302 of 1658 OK created sql incremental model gitlab_dotcom.gitlab_dotcom_namespace_settings_dedupe_source  [[32m02000 1[0m in 2.24s]
[0m03:22:10  306 of 1658 START sql incremental model gitlab_dotcom.gitlab_dotcom_namespaces_internal_only_dedupe_source  [RUN]
[0m03:22:10  307 of 1658 START sql table model legacy.gitlab_dotcom_namespaces_snapshots .... [RUN]
[0m03:22:11  304 of 1658 OK created sql table model legacy.gitlab_dotcom_namespace_statistics_snapshots  [[32m02000 1[0m in 1.90s]
[0m03:22:11  308 of 1658 START sql incremental model gitlab_dotcom.gitlab_dotcom_notes_dedupe_source  [RUN]
[0m03:22:11  307 of 1658 OK created sql table model legacy.gitlab_dotcom_namespaces_snapshots  [[32m02000 1[0m in 1.38s]
[0m03:22:11  309 of 1658 START sql incremental model gitlab_dotcom.gitlab_dotcom_notes_internal_only_dedupe_source  [RUN]
[0m03:22:11  306 of 1658 OK created sql incremental model gitlab_dotcom.gitlab_dotcom_namespaces_internal_only_dedupe_source  [[32m02000 1[0m in 1.40s]
[0m03:22:11  305 of 1658 OK created sql incremental model gitlab_dotcom.gitlab_dotcom_namespaces_dedupe_source  [[32m02000 1[0m in 1.43s]
[0m03:22:11  310 of 1658 START sql incremental model gitlab_dotcom.gitlab_dotcom_notification_settings_dedupe_source  [RUN]
[0m03:22:11  311 of 1658 START sql incremental model gitlab_dotcom.gitlab_dotcom_oauth_access_tokens_dedupe_source  [RUN]
[0m03:22:12  308 of 1658 OK created sql incremental model gitlab_dotcom.gitlab_dotcom_notes_dedupe_source  [[32m02000 1[0m in 1.13s]
[0m03:22:12  312 of 1658 START sql incremental model gitlab_dotcom.gitlab_dotcom_onboarding_progresses_dedupe_source  [RUN]
[0m03:22:13  310 of 1658 OK created sql incremental model gitlab_dotcom.gitlab_dotcom_notification_settings_dedupe_source  [[32m02000 1[0m in 1.10s]
[0m03:22:13  313 of 1658 START sql incremental model gitlab_dotcom.gitlab_dotcom_operations_feature_flags_dedupe_source  [RUN]
[0m03:22:13  311 of 1658 OK created sql incremental model gitlab_dotcom.gitlab_dotcom_oauth_access_tokens_dedupe_source  [[32m02000 1[0m in 1.09s]
[0m03:22:13  314 of 1658 START sql incremental model gitlab_dotcom.gitlab_dotcom_packages_packages_dedupe_source  [RUN]
[0m03:22:13  309 of 1658 OK created sql incremental model gitlab_dotcom.gitlab_dotcom_notes_internal_only_dedupe_source  [[32m02000 1[0m in 1.22s]
[0m03:22:13  315 of 1658 START sql incremental model gitlab_dotcom.gitlab_dotcom_pages_domains_dedupe_source  [RUN]
[0m03:22:13  312 of 1658 OK created sql incremental model gitlab_dotcom.gitlab_dotcom_onboarding_progresses_dedupe_source  [[32m02000 1[0m in 1.44s]
[0m03:22:13  316 of 1658 START sql table model gitlab_dotcom.gitlab_dotcom_path_locks_dedupe_source  [RUN]
[0m03:22:13  313 of 1658 OK created sql incremental model gitlab_dotcom.gitlab_dotcom_operations_feature_flags_dedupe_source  [[32m02000 1[0m in 0.94s]
[0m03:22:13  314 of 1658 OK created sql incremental model gitlab_dotcom.gitlab_dotcom_packages_packages_dedupe_source  [[32m02000 1[0m in 0.93s]
[0m03:22:14  317 of 1658 START sql incremental model gitlab_dotcom.gitlab_dotcom_pipl_users_dedupe_source  [RUN]
[0m03:22:14  318 of 1658 START sql table model legacy.gitlab_dotcom_pipl_users_snapshots_source  [RUN]
[0m03:22:14  318 of 1658 ERROR creating sql table model legacy.gitlab_dotcom_pipl_users_snapshots_source  [[31mERROR[0m in 0.05s]
[0m03:22:14  319 of 1658 START sql incremental model gitlab_dotcom.gitlab_dotcom_plans_dedupe_source  [RUN]
[0m03:22:14  315 of 1658 OK created sql incremental model gitlab_dotcom.gitlab_dotcom_pages_domains_dedupe_source  [[32m02000 1[0m in 1.62s]
[0m03:22:14  320 of 1658 START sql incremental model gitlab_dotcom.gitlab_dotcom_pool_repositories_dedupe_source  [RUN]
[0m03:22:15  319 of 1658 OK created sql incremental model gitlab_dotcom.gitlab_dotcom_plans_dedupe_source  [[32m02000 1[0m in 1.22s]
[0m03:22:15  321 of 1658 START sql incremental model gitlab_dotcom.gitlab_dotcom_programming_languages_dedupe_source  [RUN]
[0m03:22:15  317 of 1658 OK created sql incremental model gitlab_dotcom.gitlab_dotcom_pipl_users_dedupe_source  [[32m02000 1[0m in 1.55s]
[0m03:22:15  322 of 1658 START sql incremental model gitlab_dotcom.gitlab_dotcom_project_auto_devops_dedupe_source  [RUN]
[0m03:22:15  320 of 1658 OK created sql incremental model gitlab_dotcom.gitlab_dotcom_pool_repositories_dedupe_source  [[32m02000 1[0m in 1.07s]
[0m03:22:15  323 of 1658 START sql incremental model gitlab_dotcom.gitlab_dotcom_project_ci_cd_settings_dedupe_source  [RUN]
[0m03:22:16  316 of 1658 OK created sql table model gitlab_dotcom.gitlab_dotcom_path_locks_dedupe_source  [[32m02000 1[0m in 2.75s]
[0m03:22:16  324 of 1658 START sql incremental model legacy.gitlab_dotcom_project_ci_cd_settings_snapshot  [RUN]
[0m03:22:16  322 of 1658 OK created sql incremental model gitlab_dotcom.gitlab_dotcom_project_auto_devops_dedupe_source  [[32m02000 1[0m in 1.22s]
[0m03:22:16  321 of 1658 OK created sql incremental model gitlab_dotcom.gitlab_dotcom_programming_languages_dedupe_source  [[32m02000 1[0m in 1.49s]
[0m03:22:16  325 of 1658 START sql incremental model gitlab_dotcom.gitlab_dotcom_project_compliance_framework_settings_dedupe_source  [RUN]
[0m03:22:16  326 of 1658 START sql incremental model gitlab_dotcom.gitlab_dotcom_project_error_tracking_settings_dedupe_source  [RUN]
[0m03:22:17  325 of 1658 OK created sql incremental model gitlab_dotcom.gitlab_dotcom_project_compliance_framework_settings_dedupe_source  [[32m02000 1[0m in 0.88s]
[0m03:22:17  324 of 1658 ERROR creating sql incremental model legacy.gitlab_dotcom_project_ci_cd_settings_snapshot  [[31mERROR[0m in 1.14s]
[0m03:22:17  323 of 1658 OK created sql incremental model gitlab_dotcom.gitlab_dotcom_project_ci_cd_settings_dedupe_source  [[32m02000 1[0m in 1.72s]
[0m03:22:17  327 of 1658 START sql incremental model gitlab_dotcom.gitlab_dotcom_project_feature_usages_dedupe_source  [RUN]
[0m03:22:17  328 of 1658 START sql incremental model gitlab_dotcom.gitlab_dotcom_project_features_dedupe_source  [RUN]
[0m03:22:17  329 of 1658 START sql incremental model gitlab_dotcom.gitlab_dotcom_project_group_links_dedupe_source  [RUN]
[0m03:22:17  326 of 1658 OK created sql incremental model gitlab_dotcom.gitlab_dotcom_project_error_tracking_settings_dedupe_source  [[32m02000 1[0m in 1.19s]
[0m03:22:17  330 of 1658 START sql table model gitlab_dotcom.gitlab_dotcom_project_group_links_source  [RUN]
[0m03:22:19  329 of 1658 OK created sql incremental model gitlab_dotcom.gitlab_dotcom_project_group_links_dedupe_source  [[32m02000 1[0m in 1.27s]
[0m03:22:19  331 of 1658 START sql incremental model gitlab_dotcom.gitlab_dotcom_project_import_data_dedupe_source  [RUN]
[0m03:22:19  327 of 1658 OK created sql incremental model gitlab_dotcom.gitlab_dotcom_project_feature_usages_dedupe_source  [[32m02000 1[0m in 1.28s]
[0m03:22:19  328 of 1658 OK created sql incremental model gitlab_dotcom.gitlab_dotcom_project_features_dedupe_source  [[32m02000 1[0m in 1.28s]
[0m03:22:19  332 of 1658 START sql incremental model gitlab_dotcom.gitlab_dotcom_project_incident_management_settings_dedupe_source  [RUN]
[0m03:22:19  333 of 1658 START sql incremental model gitlab_dotcom.gitlab_dotcom_project_mirror_data_dedupe_source  [RUN]
[0m03:22:20  332 of 1658 OK created sql incremental model gitlab_dotcom.gitlab_dotcom_project_incident_management_settings_dedupe_source  [[32m02000 1[0m in 1.07s]
[0m03:22:20  331 of 1658 OK created sql incremental model gitlab_dotcom.gitlab_dotcom_project_import_data_dedupe_source  [[32m02000 1[0m in 1.10s]
[0m03:22:20  334 of 1658 START sql incremental model gitlab_dotcom.gitlab_dotcom_project_repositories_dedupe_source  [RUN]
[0m03:22:20  335 of 1658 START sql incremental model gitlab_dotcom.gitlab_dotcom_project_security_settings_dedupe_source  [RUN]
[0m03:22:20  333 of 1658 OK created sql incremental model gitlab_dotcom.gitlab_dotcom_project_mirror_data_dedupe_source  [[32m02000 1[0m in 1.67s]
[0m03:22:20  336 of 1658 START sql incremental model gitlab_dotcom.gitlab_dotcom_project_settings_dedupe_source  [RUN]
[0m03:22:21  335 of 1658 OK created sql incremental model gitlab_dotcom.gitlab_dotcom_project_security_settings_dedupe_source  [[32m02000 1[0m in 0.94s]
[0m03:22:21  337 of 1658 START sql incremental model gitlab_dotcom.gitlab_dotcom_project_statistics_dedupe_source  [RUN]
[0m03:22:21  334 of 1658 OK created sql incremental model gitlab_dotcom.gitlab_dotcom_project_repositories_dedupe_source  [[32m02000 1[0m in 1.25s]
[0m03:22:21  338 of 1658 START sql table model legacy.gitlab_dotcom_project_statistics_snapshot  [RUN]
[0m03:22:21  330 of 1658 OK created sql table model gitlab_dotcom.gitlab_dotcom_project_group_links_source  [[32m02000 1[0m in 3.91s]
[0m03:22:21  339 of 1658 START sql incremental model gitlab_dotcom.gitlab_dotcom_projects_dedupe_source  [RUN]
[0m03:22:22  336 of 1658 OK created sql incremental model gitlab_dotcom.gitlab_dotcom_project_settings_dedupe_source  [[32m02000 1[0m in 1.34s]
[0m03:22:22  340 of 1658 START sql incremental model gitlab_dotcom.gitlab_dotcom_projects_internal_only_dedupe_source  [RUN]
[0m03:22:22  337 of 1658 OK created sql incremental model gitlab_dotcom.gitlab_dotcom_project_statistics_dedupe_source  [[32m02000 1[0m in 1.30s]
[0m03:22:22  341 of 1658 START sql table model legacy.gitlab_dotcom_projects_snapshots ...... [RUN]
[0m03:22:22  338 of 1658 OK created sql table model legacy.gitlab_dotcom_project_statistics_snapshot  [[32m02000 1[0m in 1.34s]
[0m03:22:22  342 of 1658 START sql incremental model gitlab_dotcom.gitlab_dotcom_protected_branch_merge_access_levels_dedupe_source  [RUN]
[0m03:22:23  339 of 1658 OK created sql incremental model gitlab_dotcom.gitlab_dotcom_projects_dedupe_source  [[32m02000 1[0m in 1.44s]
[0m03:22:23  343 of 1658 START sql incremental model gitlab_dotcom.gitlab_dotcom_protected_branch_push_access_levels_dedupe_source  [RUN]
[0m03:22:23  340 of 1658 OK created sql incremental model gitlab_dotcom.gitlab_dotcom_projects_internal_only_dedupe_source  [[32m02000 1[0m in 1.41s]
[0m03:22:23  344 of 1658 START sql incremental model gitlab_dotcom.gitlab_dotcom_protected_environment_approval_rules_dedupe_source  [RUN]
[0m03:22:23  341 of 1658 OK created sql table model legacy.gitlab_dotcom_projects_snapshots . [[32m02000 1[0m in 1.36s]
[0m03:22:23  345 of 1658 START sql incremental model gitlab_dotcom.gitlab_dotcom_protected_environments_dedupe_source  [RUN]
[0m03:22:24  342 of 1658 OK created sql incremental model gitlab_dotcom.gitlab_dotcom_protected_branch_merge_access_levels_dedupe_source  [[32m02000 1[0m in 1.15s]
[0m03:22:24  346 of 1658 START sql incremental model gitlab_dotcom.gitlab_dotcom_related_epic_links_dedupe_source  [RUN]
[0m03:22:24  343 of 1658 OK created sql incremental model gitlab_dotcom.gitlab_dotcom_protected_branch_push_access_levels_dedupe_source  [[32m02000 1[0m in 1.53s]
[0m03:22:24  344 of 1658 OK created sql incremental model gitlab_dotcom.gitlab_dotcom_protected_environment_approval_rules_dedupe_source  [[32m02000 1[0m in 1.23s]
[0m03:22:24  347 of 1658 START sql incremental model gitlab_dotcom.gitlab_dotcom_releases_dedupe_source  [RUN]
[0m03:22:24  348 of 1658 START sql incremental model gitlab_dotcom.gitlab_dotcom_remote_mirrors_dedupe_source  [RUN]
[0m03:22:24  345 of 1658 OK created sql incremental model gitlab_dotcom.gitlab_dotcom_protected_environments_dedupe_source  [[32m02000 1[0m in 1.05s]
[0m03:22:24  349 of 1658 START sql incremental model gitlab_dotcom.gitlab_dotcom_repository_languages_dedupe_source  [RUN]
[0m03:22:25  346 of 1658 OK created sql incremental model gitlab_dotcom.gitlab_dotcom_related_epic_links_dedupe_source  [[32m02000 1[0m in 1.83s]
[0m03:22:25  350 of 1658 START sql incremental model gitlab_dotcom.gitlab_dotcom_requirements_dedupe_source  [RUN]
[0m03:22:25  348 of 1658 OK created sql incremental model gitlab_dotcom.gitlab_dotcom_remote_mirrors_dedupe_source  [[32m02000 1[0m in 1.00s]
[0m03:22:25  347 of 1658 OK created sql incremental model gitlab_dotcom.gitlab_dotcom_releases_dedupe_source  [[32m02000 1[0m in 1.01s]
[0m03:22:25  351 of 1658 START sql incremental model gitlab_dotcom.gitlab_dotcom_resource_iteration_events_dedupe_source  [RUN]
[0m03:22:25  352 of 1658 START sql incremental model gitlab_dotcom.gitlab_dotcom_resource_label_events_dedupe_source  [RUN]
[0m03:22:26  349 of 1658 OK created sql incremental model gitlab_dotcom.gitlab_dotcom_repository_languages_dedupe_source  [[32m02000 1[0m in 1.61s]
[0m03:22:26  353 of 1658 START sql incremental model gitlab_dotcom.gitlab_dotcom_resource_milestone_events_dedupe_source  [RUN]
[0m03:22:26  352 of 1658 OK created sql incremental model gitlab_dotcom.gitlab_dotcom_resource_label_events_dedupe_source  [[32m02000 1[0m in 0.69s]
[0m03:22:26  354 of 1658 START sql incremental model gitlab_dotcom.gitlab_dotcom_resource_weight_events_dedupe_source  [RUN]
[0m03:22:26  350 of 1658 OK created sql incremental model gitlab_dotcom.gitlab_dotcom_requirements_dedupe_source  [[32m02000 1[0m in 0.81s]
[0m03:22:26  355 of 1658 START sql incremental model gitlab_dotcom.gitlab_dotcom_reviews_dedupe_source  [RUN]
[0m03:22:27  354 of 1658 OK created sql incremental model gitlab_dotcom.gitlab_dotcom_resource_weight_events_dedupe_source  [[32m02000 1[0m in 1.05s]
[0m03:22:27  356 of 1658 START sql table model gitlab_dotcom.gitlab_dotcom_routes_dedupe_source  [RUN]
[0m03:22:28  353 of 1658 OK created sql incremental model gitlab_dotcom.gitlab_dotcom_resource_milestone_events_dedupe_source  [[32m02000 1[0m in 1.07s]
[0m03:22:28  351 of 1658 OK created sql incremental model gitlab_dotcom.gitlab_dotcom_resource_iteration_events_dedupe_source  [[32m02000 1[0m in 1.76s]
[0m03:22:28  358 of 1658 START sql incremental model gitlab_dotcom.gitlab_dotcom_saml_group_links_dedupe_source  [RUN]
[0m03:22:28  357 of 1658 START sql table model gitlab_dotcom.gitlab_dotcom_routes_internal_only_dedupe_source  [RUN]
[0m03:22:28  355 of 1658 OK created sql incremental model gitlab_dotcom.gitlab_dotcom_reviews_dedupe_source  [[32m02000 1[0m in 1.37s]
[0m03:22:28  359 of 1658 START sql incremental model gitlab_dotcom.gitlab_dotcom_saml_providers_dedupe_source  [RUN]
[0m03:22:28  356 of 1658 OK created sql table model gitlab_dotcom.gitlab_dotcom_routes_dedupe_source  [[32m02000 1[0m in 1.08s]
[0m03:22:28  360 of 1658 START sql incremental model gitlab_dotcom.gitlab_dotcom_security_orchestration_policy_configurations_dedupe_source  [RUN]
[0m03:22:29  357 of 1658 OK created sql table model gitlab_dotcom.gitlab_dotcom_routes_internal_only_dedupe_source  [[32m02000 1[0m in 1.20s]
[0m03:22:29  361 of 1658 START sql incremental model gitlab_dotcom.gitlab_dotcom_security_scans_dedupe_source  [RUN]
[0m03:22:29  358 of 1658 OK created sql incremental model gitlab_dotcom.gitlab_dotcom_saml_group_links_dedupe_source  [[32m02000 1[0m in 1.23s]
[0m03:22:29  362 of 1658 START sql incremental model gitlab_dotcom.gitlab_dotcom_sentry_issues_dedupe_source  [RUN]
[0m03:22:29  359 of 1658 OK created sql incremental model gitlab_dotcom.gitlab_dotcom_saml_providers_dedupe_source  [[32m02000 1[0m in 1.23s]
[0m03:22:29  363 of 1658 START sql incremental model gitlab_dotcom.gitlab_dotcom_slack_integrations_dedupe_source  [RUN]
[0m03:22:29  360 of 1658 OK created sql incremental model gitlab_dotcom.gitlab_dotcom_security_orchestration_policy_configurations_dedupe_source  [[32m02000 1[0m in 1.23s]
[0m03:22:29  364 of 1658 START sql incremental model gitlab_dotcom.gitlab_dotcom_snippets_dedupe_source  [RUN]
[0m03:22:30  363 of 1658 OK created sql incremental model gitlab_dotcom.gitlab_dotcom_slack_integrations_dedupe_source  [[32m02000 1[0m in 1.17s]
[0m03:22:30  365 of 1658 START sql incremental model gitlab_dotcom.gitlab_dotcom_sprints_internal_only_dedupe_source  [RUN]
[0m03:22:30  362 of 1658 OK created sql incremental model gitlab_dotcom.gitlab_dotcom_sentry_issues_dedupe_source  [[32m02000 1[0m in 1.21s]
[0m03:22:30  361 of 1658 OK created sql incremental model gitlab_dotcom.gitlab_dotcom_security_scans_dedupe_source  [[32m02000 1[0m in 1.24s]
[0m03:22:30  366 of 1658 START sql incremental model gitlab_dotcom.gitlab_dotcom_ssh_signatures_dedupe_source  [RUN]
[0m03:22:30  367 of 1658 START sql incremental model gitlab_dotcom.gitlab_dotcom_status_page_published_incidents_dedupe_source  [RUN]
[0m03:22:31  364 of 1658 OK created sql incremental model gitlab_dotcom.gitlab_dotcom_snippets_dedupe_source  [[32m02000 1[0m in 1.22s]
[0m03:22:31  368 of 1658 START sql incremental model gitlab_dotcom.gitlab_dotcom_status_page_settings_dedupe_source  [RUN]
[0m03:22:31  365 of 1658 OK created sql incremental model gitlab_dotcom.gitlab_dotcom_sprints_internal_only_dedupe_source  [[32m02000 1[0m in 1.22s]
[0m03:22:31  367 of 1658 OK created sql incremental model gitlab_dotcom.gitlab_dotcom_status_page_published_incidents_dedupe_source  [[32m02000 1[0m in 1.20s]
[0m03:22:31  366 of 1658 OK created sql incremental model gitlab_dotcom.gitlab_dotcom_ssh_signatures_dedupe_source  [[32m02000 1[0m in 1.20s]
[0m03:22:31  369 of 1658 START sql incremental model gitlab_dotcom.gitlab_dotcom_subscription_add_on_purchases_dedupe_source  [RUN]
[0m03:22:31  370 of 1658 START sql table model legacy.gitlab_dotcom_subscription_add_on_purchases_snapshots  [RUN]
[0m03:22:31  371 of 1658 START sql incremental model gitlab_dotcom.gitlab_dotcom_subscription_add_ons_dedupe_source  [RUN]
[0m03:22:32  368 of 1658 OK created sql incremental model gitlab_dotcom.gitlab_dotcom_status_page_settings_dedupe_source  [[32m02000 1[0m in 1.31s]
[0m03:22:32  372 of 1658 START sql incremental model gitlab_dotcom.gitlab_dotcom_subscription_user_add_on_assignment_versions_dedupe_source  [RUN]
[0m03:22:32  370 of 1658 OK created sql table model legacy.gitlab_dotcom_subscription_add_on_purchases_snapshots  [[32m02000 1[0m in 0.87s]
[0m03:22:32  373 of 1658 START sql incremental model gitlab_dotcom.gitlab_dotcom_subscription_user_add_on_assignments_dedupe_source  [RUN]
[0m03:22:33  369 of 1658 OK created sql incremental model gitlab_dotcom.gitlab_dotcom_subscription_add_on_purchases_dedupe_source  [[32m02000 1[0m in 1.62s]
[0m03:22:33  372 of 1658 OK created sql incremental model gitlab_dotcom.gitlab_dotcom_subscription_user_add_on_assignment_versions_dedupe_source  [[32m02000 1[0m in 0.82s]
[0m03:22:33  371 of 1658 OK created sql incremental model gitlab_dotcom.gitlab_dotcom_subscription_add_ons_dedupe_source  [[32m02000 1[0m in 1.61s]
[0m03:22:33  374 of 1658 START sql incremental model gitlab_dotcom.gitlab_dotcom_subscriptions_dedupe_source  [RUN]
[0m03:22:33  375 of 1658 START sql incremental model gitlab_dotcom.gitlab_dotcom_suggestions_dedupe_source  [RUN]
[0m03:22:33  376 of 1658 START sql incremental model gitlab_dotcom.gitlab_dotcom_system_note_metadata_dedupe_source  [RUN]
[0m03:22:34  373 of 1658 OK created sql incremental model gitlab_dotcom.gitlab_dotcom_subscription_user_add_on_assignments_dedupe_source  [[32m02000 1[0m in 1.54s]
[0m03:22:34  377 of 1658 START sql incremental model gitlab_dotcom.gitlab_dotcom_terraform_states_dedupe_source  [RUN]
[0m03:22:34  374 of 1658 OK created sql incremental model gitlab_dotcom.gitlab_dotcom_subscriptions_dedupe_source  [[32m02000 1[0m in 0.90s]
[0m03:22:34  378 of 1658 START sql incremental model gitlab_dotcom.gitlab_dotcom_todos_dedupe_source  [RUN]
[0m03:22:34  375 of 1658 OK created sql incremental model gitlab_dotcom.gitlab_dotcom_suggestions_dedupe_source  [[32m02000 1[0m in 1.40s]
[0m03:22:34  376 of 1658 OK created sql incremental model gitlab_dotcom.gitlab_dotcom_system_note_metadata_dedupe_source  [[32m02000 1[0m in 1.39s]
[0m03:22:34  379 of 1658 START sql incremental model gitlab_dotcom.gitlab_dotcom_uploads_dedupe_source  [RUN]
[0m03:22:34  380 of 1658 START sql incremental model gitlab_dotcom.gitlab_dotcom_user_custom_attributes_dedupe_source  [RUN]
[0m03:22:35  378 of 1658 OK created sql incremental model gitlab_dotcom.gitlab_dotcom_todos_dedupe_source  [[32m02000 1[0m in 1.30s]
[0m03:22:35  377 of 1658 OK created sql incremental model gitlab_dotcom.gitlab_dotcom_terraform_states_dedupe_source  [[32m02000 1[0m in 1.42s]
[0m03:22:35  381 of 1658 START sql incremental model gitlab_dotcom.gitlab_dotcom_user_details_dedupe_source  [RUN]
[0m03:22:35  382 of 1658 START sql table model gitlab_dotcom.gitlab_dotcom_user_details_snapshots_source  [RUN]
[0m03:22:35  379 of 1658 OK created sql incremental model gitlab_dotcom.gitlab_dotcom_uploads_dedupe_source  [[32m02000 1[0m in 0.90s]
[0m03:22:35  383 of 1658 START sql incremental model gitlab_dotcom.gitlab_dotcom_user_preferences_dedupe_source  [RUN]
[0m03:22:36  380 of 1658 OK created sql incremental model gitlab_dotcom.gitlab_dotcom_user_custom_attributes_dedupe_source  [[32m02000 1[0m in 1.40s]
[0m03:22:36  384 of 1658 START sql table model gitlab_dotcom.gitlab_dotcom_user_preferences_snapshots_source  [RUN]
[0m03:22:36  382 of 1658 OK created sql table model gitlab_dotcom.gitlab_dotcom_user_details_snapshots_source  [[32m02000 1[0m in 1.22s]
[0m03:22:36  385 of 1658 START sql table model gitlab_dotcom.gitlab_dotcom_user_preferences_source_non_dedupe  [RUN]
[0m03:22:36  383 of 1658 OK created sql incremental model gitlab_dotcom.gitlab_dotcom_user_preferences_dedupe_source  [[32m02000 1[0m in 1.16s]
[0m03:22:36  386 of 1658 START sql incremental model gitlab_dotcom.gitlab_dotcom_users_dedupe_source  [RUN]
[0m03:22:37  381 of 1658 OK created sql incremental model gitlab_dotcom.gitlab_dotcom_user_details_dedupe_source  [[32m02000 1[0m in 1.26s]
[0m03:22:37  387 of 1658 START sql incremental model gitlab_dotcom.gitlab_dotcom_users_ops_dashboard_projects_dedupe_source  [RUN]
[0m03:22:37  384 of 1658 OK created sql table model gitlab_dotcom.gitlab_dotcom_user_preferences_snapshots_source  [[32m02000 1[0m in 1.23s]
[0m03:22:37  388 of 1658 START sql incremental model gitlab_dotcom.gitlab_dotcom_vulnerabilities_dedupe_source  [RUN]
[0m03:22:38  385 of 1658 OK created sql table model gitlab_dotcom.gitlab_dotcom_user_preferences_source_non_dedupe  [[32m02000 1[0m in 1.25s]
[0m03:22:38  389 of 1658 START sql incremental model gitlab_dotcom.gitlab_dotcom_vulnerability_identifiers_dedupe_source  [RUN]
[0m03:22:38  386 of 1658 OK created sql incremental model gitlab_dotcom.gitlab_dotcom_users_dedupe_source  [[32m02000 1[0m in 1.26s]
[0m03:22:38  390 of 1658 START sql incremental model gitlab_dotcom.gitlab_dotcom_vulnerability_occurrences_dedupe_source  [RUN]
[0m03:22:38  387 of 1658 OK created sql incremental model gitlab_dotcom.gitlab_dotcom_users_ops_dashboard_projects_dedupe_source  [[32m02000 1[0m in 0.95s]
[0m03:22:38  391 of 1658 START sql table model gitlab_dotcom.gitlab_dotcom_vulnerability_reads_dedupe_source  [RUN]
[0m03:22:38  388 of 1658 OK created sql incremental model gitlab_dotcom.gitlab_dotcom_vulnerabilities_dedupe_source  [[32m02000 1[0m in 1.35s]
[0m03:22:38  392 of 1658 START sql incremental model gitlab_dotcom.gitlab_dotcom_vulnerability_state_transitions_dedupe_source  [RUN]
[0m03:22:39  389 of 1658 OK created sql incremental model gitlab_dotcom.gitlab_dotcom_vulnerability_identifiers_dedupe_source  [[32m02000 1[0m in 1.34s]
[0m03:22:39  393 of 1658 START sql incremental model gitlab_dotcom.gitlab_dotcom_web_hooks_dedupe_source  [RUN]
[0m03:22:39  390 of 1658 OK created sql incremental model gitlab_dotcom.gitlab_dotcom_vulnerability_occurrences_dedupe_source  [[32m02000 1[0m in 1.32s]
[0m03:22:39  394 of 1658 START sql incremental model gitlab_dotcom.gitlab_dotcom_work_item_parent_links_dedupe_source  [RUN]
[0m03:22:40  392 of 1658 OK created sql incremental model gitlab_dotcom.gitlab_dotcom_vulnerability_state_transitions_dedupe_source  [[32m02000 1[0m in 1.45s]
[0m03:22:40  395 of 1658 START sql incremental model gitlab_dotcom.gitlab_dotcom_work_item_types_dedupe_source  [RUN]
[0m03:22:40  391 of 1658 OK created sql table model gitlab_dotcom.gitlab_dotcom_vulnerability_reads_dedupe_source  [[32m02000 1[0m in 2.75s]
[0m03:22:40  396 of 1658 START sql incremental model gitlab_dotcom.gitlab_dotcom_workspaces_agent_configs_dedupe_source  [RUN]
[0m03:22:40  393 of 1658 OK created sql incremental model gitlab_dotcom.gitlab_dotcom_web_hooks_dedupe_source  [[32m02000 1[0m in 1.55s]
[0m03:22:40  397 of 1658 START sql incremental model gitlab_dotcom.gitlab_dotcom_workspaces_dedupe_source  [RUN]
[0m03:22:40  394 of 1658 OK created sql incremental model gitlab_dotcom.gitlab_dotcom_work_item_parent_links_dedupe_source  [[32m02000 1[0m in 1.55s]
[0m03:22:40  398 of 1658 START sql incremental model gitlab_dotcom.gitlab_dotcom_zoekt_enabled_namespaces_dedupe_source  [RUN]
[0m03:22:41  396 of 1658 OK created sql incremental model gitlab_dotcom.gitlab_dotcom_workspaces_agent_configs_dedupe_source  [[32m02000 1[0m in 1.02s]
[0m03:22:41  399 of 1658 START sql incremental model gitlab_dotcom.gitlab_dotcom_zoekt_indices_dedupe_source  [RUN]
[0m03:22:41  395 of 1658 OK created sql incremental model gitlab_dotcom.gitlab_dotcom_work_item_types_dedupe_source  [[32m02000 1[0m in 1.77s]
[0m03:22:41  397 of 1658 OK created sql incremental model gitlab_dotcom.gitlab_dotcom_workspaces_dedupe_source  [[32m02000 1[0m in 1.03s]
[0m03:22:41  400 of 1658 START sql incremental model gitlab_dotcom.gitlab_dotcom_zoom_meetings_dedupe_source  [RUN]
[0m03:22:41  401 of 1658 START sql table model gitlab_ops.gitlab_ops_ci_builds_source ....... [RUN]
[0m03:22:42  401 of 1658 OK created sql table model gitlab_ops.gitlab_ops_ci_builds_source .. [[32m02000 1[0m in 0.76s]
[0m03:22:42  402 of 1658 START sql incremental model gitlab_ops.gitlab_ops_ci_pipelines_source  [RUN]
[0m03:22:42  398 of 1658 OK created sql incremental model gitlab_dotcom.gitlab_dotcom_zoekt_enabled_namespaces_dedupe_source  [[32m02000 1[0m in 1.79s]
[0m03:22:42  403 of 1658 START sql incremental model gitlab_ops.gitlab_ops_ci_stages_source . [RUN]
[0m03:22:42  399 of 1658 OK created sql incremental model gitlab_dotcom.gitlab_dotcom_zoekt_indices_dedupe_source  [[32m02000 1[0m in 0.83s]
[0m03:22:42  404 of 1658 START sql table model gitlab_ops.gitlab_ops_label_links_source ..... [RUN]
[0m03:22:43  400 of 1658 OK created sql incremental model gitlab_dotcom.gitlab_dotcom_zoom_meetings_dedupe_source  [[32m02000 1[0m in 1.49s]
[0m03:22:43  405 of 1658 START sql table model gitlab_ops.gitlab_ops_labels_source .......... [RUN]
[0m03:22:44  402 of 1658 OK created sql incremental model gitlab_ops.gitlab_ops_ci_pipelines_source  [[32m02000 1[0m in 1.53s]
[0m03:22:44  403 of 1658 OK created sql incremental model gitlab_ops.gitlab_ops_ci_stages_source  [[32m02000 1[0m in 1.52s]
[0m03:22:44  406 of 1658 START sql table model gitlab_ops.gitlab_ops_members_source ......... [RUN]
[0m03:22:44  407 of 1658 START sql table model gitlab_ops.gitlab_ops_merge_request_metrics_source  [RUN]
[0m03:22:44  405 of 1658 OK created sql table model gitlab_ops.gitlab_ops_labels_source ..... [[32m02000 1[0m in 1.45s]
[0m03:22:44  408 of 1658 START sql incremental model gitlab_ops.gitlab_ops_merge_requests_source  [RUN]
[0m03:22:45  407 of 1658 OK created sql table model gitlab_ops.gitlab_ops_merge_request_metrics_source  [[32m02000 1[0m in 1.12s]
[0m03:22:45  409 of 1658 START sql table model gitlab_ops.gitlab_ops_projects_source ........ [RUN]
[0m03:22:45  404 of 1658 OK created sql table model gitlab_ops.gitlab_ops_label_links_source  [[32m02000 1[0m in 3.11s]
[0m03:22:45  410 of 1658 START sql table model workday.gitlab_usernames_source .............. [RUN]
[0m03:22:46  408 of 1658 OK created sql incremental model gitlab_ops.gitlab_ops_merge_requests_source  [[32m02000 1[0m in 2.02s]
[0m03:22:46  411 of 1658 START sql view model gong_sensitive.gong_call_content_action_item_source  [RUN]
[0m03:22:46  411 of 1658 OK created sql view model gong_sensitive.gong_call_content_action_item_source  [[32m02000 1[0m in 0.04s]
[0m03:22:47  412 of 1658 START sql view model gong.gong_call_context_integration_source ..... [RUN]
[0m03:22:47  412 of 1658 OK created sql view model gong.gong_call_context_integration_source  [[32m02000 1[0m in 0.04s]
[0m03:22:47  413 of 1658 START sql view model gong.gong_call_interaction_source ............. [RUN]
[0m03:22:47  413 of 1658 OK created sql view model gong.gong_call_interaction_source ........ [[32m02000 1[0m in 0.03s]
[0m03:22:47  414 of 1658 START sql view model gong.gong_call_source ......................... [RUN]
[0m03:22:47  414 of 1658 OK created sql view model gong.gong_call_source .................... [[32m02000 1[0m in 0.04s]
[0m03:22:47  415 of 1658 START sql view model gong.gong_call_topic_source ................... [RUN]
[0m03:22:47  415 of 1658 OK created sql view model gong.gong_call_topic_source .............. [[32m02000 1[0m in 0.03s]
[0m03:22:47  416 of 1658 START sql view model gong.gong_call_tracker_source ................. [RUN]
[0m03:22:47  410 of 1658 OK created sql table model workday.gitlab_usernames_source ......... [[32m02000 1[0m in 1.43s]
[0m03:22:47  409 of 1658 OK created sql table model gitlab_ops.gitlab_ops_projects_source ... [[32m02000 1[0m in 1.91s]
[0m03:22:47  416 of 1658 OK created sql view model gong.gong_call_tracker_source ............ [[32m02000 1[0m in 0.03s]
[0m03:22:47  417 of 1658 START sql view model gong.gong_tracker_language_source ............. [RUN]
[0m03:22:47  419 of 1658 START sql view model gong_sensitive.gong_transcript_source ......... [RUN]
[0m03:22:47  418 of 1658 START sql view model gong.gong_tracker_source ...................... [RUN]
[0m03:22:47  419 of 1658 OK created sql view model gong_sensitive.gong_transcript_source .... [[32m02000 1[0m in 0.05s]
[0m03:22:47  420 of 1658 START sql view model gong_sensitive.gong_users_source .............. [RUN]
[0m03:22:47  417 of 1658 OK created sql view model gong.gong_tracker_language_source ........ [[32m02000 1[0m in 0.06s]
[0m03:22:47  418 of 1658 OK created sql view model gong.gong_tracker_source ................. [[32m02000 1[0m in 0.06s]
[0m03:22:47  421 of 1658 START sql table model google_ads.google_ads_ad_group_history_source  [RUN]
[0m03:22:47  422 of 1658 START sql table model google_ads.google_ads_ad_group_hourly_stats_source  [RUN]
[0m03:22:47  406 of 1658 OK created sql table model gitlab_ops.gitlab_ops_members_source .... [[32m02000 1[0m in 3.34s]
[0m03:22:47  423 of 1658 START sql table model google_ads.google_ads_ad_stats_source ........ [RUN]
[0m03:22:47  420 of 1658 OK created sql view model gong_sensitive.gong_users_source ......... [[32m02000 1[0m in 0.05s]
[0m03:22:47  424 of 1658 START sql table model google_ads.google_ads_campaign_history_source  [RUN]
[0m03:22:48  423 of 1658 OK created sql table model google_ads.google_ads_ad_stats_source ... [[32m02000 1[0m in 1.30s]
[0m03:22:48  425 of 1658 START sql table model google_ads.google_ads_expanded_text_ad_history_source  [RUN]
[0m03:22:48  421 of 1658 OK created sql table model google_ads.google_ads_ad_group_history_source  [[32m02000 1[0m in 1.33s]
[0m03:22:48  426 of 1658 START sql table model google_search_console.google_search_console_keyword_page_report_source  [RUN]
[0m03:22:50  424 of 1658 OK created sql table model google_ads.google_ads_campaign_history_source  [[32m02000 1[0m in 2.38s]
[0m03:22:50  422 of 1658 OK created sql table model google_ads.google_ads_ad_group_hourly_stats_source  [[32m02000 1[0m in 2.43s]
[0m03:22:50  427 of 1658 START sql table model greenhouse.greenhouse_application_custom_fields_source  [RUN]
[0m03:22:50  428 of 1658 START sql table model greenhouse.greenhouse_application_question_answers_source  [RUN]
[0m03:22:51  426 of 1658 OK created sql table model google_search_console.google_search_console_keyword_page_report_source  [[32m02000 1[0m in 2.21s]
[0m03:22:51  425 of 1658 OK created sql table model google_ads.google_ads_expanded_text_ad_history_source  [[32m02000 1[0m in 2.22s]
[0m03:22:51  429 of 1658 START sql table model greenhouse.greenhouse_applications_jobs_source  [RUN]
[0m03:22:51  430 of 1658 START sql table model greenhouse.greenhouse_applications_source .... [RUN]
[0m03:22:52  427 of 1658 OK created sql table model greenhouse.greenhouse_application_custom_fields_source  [[32m02000 1[0m in 2.32s]
[0m03:22:52  428 of 1658 OK created sql table model greenhouse.greenhouse_application_question_answers_source  [[32m02000 1[0m in 2.32s]
[0m03:22:52  431 of 1658 START sql table model greenhouse.greenhouse_approvals_source ....... [RUN]
[0m03:22:52  432 of 1658 START sql table model greenhouse.greenhouse_attributes_source ...... [RUN]
[0m03:22:53  429 of 1658 OK created sql table model greenhouse.greenhouse_applications_jobs_source  [[32m02000 1[0m in 2.62s]
[0m03:22:53  433 of 1658 START sql table model greenhouse.greenhouse_candidate_custom_fields_source  [RUN]
[0m03:22:54  432 of 1658 OK created sql table model greenhouse.greenhouse_attributes_source . [[32m02000 1[0m in 2.01s]
[0m03:22:54  430 of 1658 OK created sql table model greenhouse.greenhouse_applications_source  [[32m02000 1[0m in 3.22s]
[0m03:22:54  434 of 1658 START sql table model greenhouse.greenhouse_candidate_survey_questions_source  [RUN]
[0m03:22:54  435 of 1658 START sql table model greenhouse.greenhouse_candidate_surveys_source  [RUN]
[0m03:22:55  433 of 1658 OK created sql table model greenhouse.greenhouse_candidate_custom_fields_source  [[32m02000 1[0m in 1.21s]
[0m03:22:55  431 of 1658 OK created sql table model greenhouse.greenhouse_approvals_source .. [[32m02000 1[0m in 2.63s]
[0m03:22:55  436 of 1658 START sql table model greenhouse.greenhouse_candidates_source ...... [RUN]
[0m03:22:55  437 of 1658 START sql table model greenhouse.greenhouse_candidates_tags_source . [RUN]
[0m03:22:55  435 of 1658 OK created sql table model greenhouse.greenhouse_candidate_surveys_source  [[32m02000 1[0m in 1.21s]
[0m03:22:55  438 of 1658 START sql table model greenhouse.greenhouse_delivered_candidate_surveys_source  [RUN]
[0m03:22:55  434 of 1658 OK created sql table model greenhouse.greenhouse_candidate_survey_questions_source  [[32m02000 1[0m in 1.22s]
[0m03:22:55  439 of 1658 START sql table model greenhouse.greenhouse_departments_source ..... [RUN]
[0m03:22:56  437 of 1658 OK created sql table model greenhouse.greenhouse_candidates_tags_source  [[32m02000 1[0m in 1.20s]
[0m03:22:56  440 of 1658 START sql table model greenhouse.greenhouse_eeoc_responses_source .. [RUN]
[0m03:22:56  436 of 1658 OK created sql table model greenhouse.greenhouse_candidates_source . [[32m02000 1[0m in 1.21s]
[0m03:22:56  441 of 1658 START sql table model greenhouse.greenhouse_events_source .......... [RUN]
[0m03:22:56  438 of 1658 OK created sql table model greenhouse.greenhouse_delivered_candidate_surveys_source  [[32m02000 1[0m in 1.21s]
[0m03:22:56  439 of 1658 OK created sql table model greenhouse.greenhouse_departments_source  [[32m02000 1[0m in 1.21s]
[0m03:22:56  442 of 1658 START sql table model greenhouse.greenhouse_hiring_team_source ..... [RUN]
[0m03:22:56  443 of 1658 START sql table model greenhouse.greenhouse_interviewer_tags_source  [RUN]
[0m03:22:57  441 of 1658 OK created sql table model greenhouse.greenhouse_events_source ..... [[32m02000 1[0m in 1.19s]
[0m03:22:57  444 of 1658 START sql table model greenhouse.greenhouse_interviewers_source .... [RUN]
[0m03:22:57  440 of 1658 OK created sql table model greenhouse.greenhouse_eeoc_responses_source  [[32m02000 1[0m in 1.21s]
[0m03:22:57  445 of 1658 START sql table model greenhouse.greenhouse_interviews_source ...... [RUN]
[0m03:22:58  442 of 1658 OK created sql table model greenhouse.greenhouse_hiring_team_source  [[32m02000 1[0m in 1.20s]
[0m03:22:58  446 of 1658 START sql table model greenhouse.greenhouse_job_posts_source ....... [RUN]
[0m03:22:58  443 of 1658 OK created sql table model greenhouse.greenhouse_interviewer_tags_source  [[32m02000 1[0m in 1.20s]
[0m03:22:58  447 of 1658 START sql table model greenhouse.greenhouse_jobs_attributes_source . [RUN]
[0m03:22:58  445 of 1658 OK created sql table model greenhouse.greenhouse_interviews_source . [[32m02000 1[0m in 1.09s]
[0m03:22:58  448 of 1658 START sql table model greenhouse.greenhouse_jobs_departments_source  [RUN]
[0m03:22:58  444 of 1658 OK created sql table model greenhouse.greenhouse_interviewers_source  [[32m02000 1[0m in 1.11s]
[0m03:22:58  449 of 1658 START sql table model greenhouse.greenhouse_jobs_interviews_source . [RUN]
[0m03:22:59  446 of 1658 OK created sql table model greenhouse.greenhouse_job_posts_source .. [[32m02000 1[0m in 1.40s]
[0m03:22:59  447 of 1658 OK created sql table model greenhouse.greenhouse_jobs_attributes_source  [[32m02000 1[0m in 1.02s]
[0m03:22:59  450 of 1658 START sql table model greenhouse.greenhouse_jobs_offices_source .... [RUN]
[0m03:22:59  451 of 1658 START sql table model greenhouse.greenhouse_jobs_source ............ [RUN]
[0m03:23:00  449 of 1658 OK created sql table model greenhouse.greenhouse_jobs_interviews_source  [[32m02000 1[0m in 1.50s]
[0m03:23:00  448 of 1658 OK created sql table model greenhouse.greenhouse_jobs_departments_source  [[32m02000 1[0m in 1.51s]
[0m03:23:00  452 of 1658 START sql table model greenhouse.greenhouse_jobs_stages_source ..... [RUN]
[0m03:23:00  453 of 1658 START sql table model greenhouse.greenhouse_offices_source ......... [RUN]
[0m03:23:00  451 of 1658 OK created sql table model greenhouse.greenhouse_jobs_source ....... [[32m02000 1[0m in 1.20s]
[0m03:23:00  450 of 1658 OK created sql table model greenhouse.greenhouse_jobs_offices_source  [[32m02000 1[0m in 1.21s]
[0m03:23:00  454 of 1658 START sql table model greenhouse.greenhouse_opening_custom_fields_source  [RUN]
[0m03:23:00  455 of 1658 START sql table model greenhouse.greenhouse_organizations_source ... [RUN]
[0m03:23:01  453 of 1658 OK created sql table model greenhouse.greenhouse_offices_source .... [[32m02000 1[0m in 1.20s]
[0m03:23:01  452 of 1658 OK created sql table model greenhouse.greenhouse_jobs_stages_source  [[32m02000 1[0m in 1.21s]
[0m03:23:01  456 of 1658 START sql table model greenhouse.greenhouse_referrers_source ....... [RUN]
[0m03:23:01  457 of 1658 START sql table model greenhouse.greenhouse_rejection_question_custom_fields_source  [RUN]
[0m03:23:01  455 of 1658 OK created sql table model greenhouse.greenhouse_organizations_source  [[32m02000 1[0m in 1.20s]
[0m03:23:01  454 of 1658 OK created sql table model greenhouse.greenhouse_opening_custom_fields_source  [[32m02000 1[0m in 1.21s]
[0m03:23:01  458 of 1658 START sql table model greenhouse.greenhouse_rejection_reasons_source  [RUN]
[0m03:23:01  459 of 1658 START sql table model greenhouse.greenhouse_scorecard_question_answers_source  [RUN]
[0m03:23:02  456 of 1658 OK created sql table model greenhouse.greenhouse_referrers_source .. [[32m02000 1[0m in 1.21s]
[0m03:23:02  457 of 1658 OK created sql table model greenhouse.greenhouse_rejection_question_custom_fields_source  [[32m02000 1[0m in 1.20s]
[0m03:23:02  460 of 1658 START sql table model greenhouse.greenhouse_scorecards_attributes_source  [RUN]
[0m03:23:02  461 of 1658 START sql table model greenhouse.greenhouse_scorecards_source ...... [RUN]
[0m03:23:03  459 of 1658 OK created sql table model greenhouse.greenhouse_scorecard_question_answers_source  [[32m02000 1[0m in 1.20s]
[0m03:23:03  458 of 1658 OK created sql table model greenhouse.greenhouse_rejection_reasons_source  [[32m02000 1[0m in 1.21s]
[0m03:23:03  462 of 1658 START sql table model greenhouse.greenhouse_sources_source ......... [RUN]
[0m03:23:03  463 of 1658 START sql table model greenhouse.greenhouse_survey_builder_answers_source  [RUN]
[0m03:23:03  461 of 1658 OK created sql table model greenhouse.greenhouse_scorecards_source . [[32m02000 1[0m in 1.20s]
[0m03:23:03  460 of 1658 OK created sql table model greenhouse.greenhouse_scorecards_attributes_source  [[32m02000 1[0m in 1.21s]
[0m03:23:03  464 of 1658 START sql table model greenhouse.greenhouse_survey_builder_questions_source  [RUN]
[0m03:23:03  465 of 1658 START sql table model greenhouse.greenhouse_survey_builder_surveys_source  [RUN]
[0m03:23:04  463 of 1658 OK created sql table model greenhouse.greenhouse_survey_builder_answers_source  [[32m02000 1[0m in 1.20s]
[0m03:23:04  462 of 1658 OK created sql table model greenhouse.greenhouse_sources_source .... [[32m02000 1[0m in 1.21s]
[0m03:23:04  466 of 1658 START sql table model greenhouse.greenhouse_tags_source ............ [RUN]
[0m03:23:04  467 of 1658 START sql table model greenhouse.greenhouse_user_actions_source .... [RUN]
[0m03:23:04  465 of 1658 OK created sql table model greenhouse.greenhouse_survey_builder_surveys_source  [[32m02000 1[0m in 1.20s]
[0m03:23:04  464 of 1658 OK created sql table model greenhouse.greenhouse_survey_builder_questions_source  [[32m02000 1[0m in 1.21s]
[0m03:23:04  468 of 1658 START sql table model greenhouse.greenhouse_user_candidate_links_source  [RUN]
[0m03:23:04  469 of 1658 START sql table model greenhouse.greenhouse_users_source ........... [RUN]
[0m03:23:05  466 of 1658 OK created sql table model greenhouse.greenhouse_tags_source ....... [[32m02000 1[0m in 1.21s]
[0m03:23:05  470 of 1658 START sql table model handbook.handbook_values_page_contributors_source  [RUN]
[0m03:23:05  467 of 1658 OK created sql table model greenhouse.greenhouse_user_actions_source  [[32m02000 1[0m in 1.21s]
[0m03:23:05  471 of 1658 START sql table model workspace_engineering.haproxy_backend_pl ..... [RUN]
[0m03:23:06  468 of 1658 OK created sql table model greenhouse.greenhouse_user_candidate_links_source  [[32m02000 1[0m in 1.21s]
[0m03:23:06  469 of 1658 OK created sql table model greenhouse.greenhouse_users_source ...... [[32m02000 1[0m in 1.21s]
[0m03:23:06  472 of 1658 START sql table model hyperproof.hyperproof_controls_source ........ [RUN]
[0m03:23:06  473 of 1658 START sql table model hyperproof.hyperproof_programs_source ........ [RUN]
[0m03:23:09  472 of 1658 OK created sql table model hyperproof.hyperproof_controls_source ... [[32m02000 1[0m in 3.31s]
[0m03:23:09  471 of 1658 OK created sql table model workspace_engineering.haproxy_backend_pl  [[32m02000 1[0m in 3.92s]
[0m03:23:09  470 of 1658 OK created sql table model handbook.handbook_values_page_contributors_source  [[32m02000 1[0m in 3.93s]
[0m03:23:09  474 of 1658 START sql table model hyperproof.hyperproof_task_statuses_source ... [RUN]
[0m03:23:09  475 of 1658 START sql table model data_science.icp_successful_accounts_scores_source  [RUN]
[0m03:23:09  476 of 1658 START sql table model legacy.incident_history_source ............... [RUN]
[0m03:23:10  473 of 1658 OK created sql table model hyperproof.hyperproof_programs_source ... [[32m02000 1[0m in 4.02s]
[0m03:23:10  477 of 1658 START sql table model workspace_engineering.infralabel_pl .......... [RUN]
[0m03:23:10  476 of 1658 OK created sql table model legacy.incident_history_source .......... [[32m02000 1[0m in 1.30s]
[0m03:23:10  478 of 1658 START sql incremental model saas_usage_ping.internal_events_ping_namespace  [RUN]
[0m03:23:11  475 of 1658 OK created sql table model data_science.icp_successful_accounts_scores_source  [[32m02000 1[0m in 1.59s]
[0m03:23:11  479 of 1658 START sql table model iterable.iterable_campaign_list_history_source  [RUN]
[0m03:23:11  474 of 1658 OK created sql table model hyperproof.hyperproof_task_statuses_source  [[32m02000 1[0m in 2.05s]
[0m03:23:11  480 of 1658 START sql table model iterable.iterable_campaign_metrics_source .... [RUN]
[0m03:23:12  478 of 1658 OK created sql incremental model saas_usage_ping.internal_events_ping_namespace  [[32m02000 1[0m in 1.25s]
[0m03:23:12  481 of 1658 START sql table model iterable.iterable_campaign_suppression_list_history_source  [RUN]
[0m03:23:12  479 of 1658 OK created sql table model iterable.iterable_campaign_list_history_source  [[32m02000 1[0m in 1.71s]
[0m03:23:12  482 of 1658 START sql table model iterable.iterable_channel_source ............. [RUN]
[0m03:23:13  480 of 1658 OK created sql table model iterable.iterable_campaign_metrics_source  [[32m02000 1[0m in 1.50s]
[0m03:23:13  483 of 1658 START sql table model iterable.iterable_email_link_param_history_source  [RUN]
[0m03:23:13  481 of 1658 OK created sql table model iterable.iterable_campaign_suppression_list_history_source  [[32m02000 1[0m in 1.30s]
[0m03:23:13  484 of 1658 START sql table model iterable.iterable_email_template_history_source  [RUN]
[0m03:23:13  477 of 1658 OK created sql table model workspace_engineering.infralabel_pl ..... [[32m02000 1[0m in 3.23s]
[0m03:23:13  485 of 1658 START sql table model iterable.iterable_event_source ............... [RUN]
[0m03:23:14  482 of 1658 OK created sql table model iterable.iterable_channel_source ........ [[32m02000 1[0m in 1.22s]
[0m03:23:14  486 of 1658 START sql table model iterable.iterable_list_source ................ [RUN]
[0m03:23:14  483 of 1658 OK created sql table model iterable.iterable_email_link_param_history_source  [[32m02000 1[0m in 1.33s]
[0m03:23:14  487 of 1658 START sql table model iterable.iterable_list_user_history_source ... [RUN]
[0m03:23:14  484 of 1658 OK created sql table model iterable.iterable_email_template_history_source  [[32m02000 1[0m in 1.35s]
[0m03:23:14  488 of 1658 START sql table model iterable.iterable_message_type_source ........ [RUN]
[0m03:23:15  485 of 1658 OK created sql table model iterable.iterable_event_source .......... [[32m02000 1[0m in 1.35s]
[0m03:23:15  489 of 1658 START sql table model iterable.iterable_template_history_source .... [RUN]
[0m03:23:15  486 of 1658 OK created sql table model iterable.iterable_list_source ........... [[32m02000 1[0m in 1.35s]
[0m03:23:15  490 of 1658 START sql table model workday.job_profiles_snapshots_source ........ [RUN]
[0m03:23:15  487 of 1658 OK created sql table model iterable.iterable_list_user_history_source  [[32m02000 1[0m in 1.33s]
[0m03:23:15  491 of 1658 START sql table model workday.job_profiles_source .................. [RUN]
[0m03:23:16  488 of 1658 OK created sql table model iterable.iterable_message_type_source ... [[32m02000 1[0m in 1.43s]
[0m03:23:16  492 of 1658 START sql table model legacy.key_assets_source ..................... [RUN]
[0m03:23:16  489 of 1658 OK created sql table model iterable.iterable_template_history_source  [[32m02000 1[0m in 1.25s]
[0m03:23:16  493 of 1658 START sql view model demo_architecture_portal.labs_source .......... [RUN]
[0m03:23:16  493 of 1658 OK created sql view model demo_architecture_portal.labs_source ..... [[32m02000 1[0m in 0.03s]
[0m03:23:16  494 of 1658 START sql table model linkedin_ads.linkedin_ads_ad_analytics_by_creative_source  [RUN]
[0m03:23:16  490 of 1658 OK created sql table model workday.job_profiles_snapshots_source ... [[32m02000 1[0m in 1.11s]
[0m03:23:16  495 of 1658 START sql table model gitlab_data_yaml.location_factors_yaml_flatten_source  [RUN]
[0m03:23:16  495 of 1658 ERROR creating sql table model gitlab_data_yaml.location_factors_yaml_flatten_source  [[31mERROR[0m in 0.27s]
[0m03:23:16  496 of 1658 START sql table model gitlab_data_yaml.location_factors_yaml_source  [RUN]
[0m03:23:17  491 of 1658 OK created sql table model workday.job_profiles_source ............. [[32m02000 1[0m in 1.47s]
[0m03:23:17  497 of 1658 START sql table model sensitive.mailgun_events ..................... [RUN]
[0m03:23:17  494 of 1658 OK created sql table model linkedin_ads.linkedin_ads_ad_analytics_by_creative_source  [[32m02000 1[0m in 1.27s]
[0m03:23:17  492 of 1658 OK created sql table model legacy.key_assets_source ................ [[32m02000 1[0m in 1.54s]
[0m03:23:17  498 of 1658 START sql table model e2e_metrics.main_test_stats_e2e_source ....... [RUN]
[0m03:23:17  499 of 1658 START sql table model common_mapping.map_gitlab_dotcom_xmau_metrics  [RUN]
[0m03:23:17  498 of 1658 ERROR creating sql table model e2e_metrics.main_test_stats_e2e_source  [[31mERROR[0m in 0.13s]
[0m03:23:17  500 of 1658 START sql table model marketo.marketo_activity_add_to_list_source .. [RUN]
[0m03:23:18  497 of 1658 ERROR creating sql table model sensitive.mailgun_events ............ [[31mERROR[0m in 1.61s]
[0m03:23:18  501 of 1658 START sql table model marketo.marketo_activity_add_to_nurture_source  [RUN]
[0m03:23:20  500 of 1658 OK created sql table model marketo.marketo_activity_add_to_list_source  [[32m02000 1[0m in 2.48s]
[0m03:23:20  502 of 1658 START sql table model marketo.marketo_activity_add_to_opportunity_source  [RUN]
[0m03:23:20  499 of 1658 OK created sql table model common_mapping.map_gitlab_dotcom_xmau_metrics  [[32m02000 1[0m in 2.63s]
[0m03:23:20  503 of 1658 START sql table model marketo.marketo_activity_add_to_sfdc_campaign_source  [RUN]
[0m03:23:21  501 of 1658 OK created sql table model marketo.marketo_activity_add_to_nurture_source  [[32m02000 1[0m in 2.73s]
[0m03:23:21  504 of 1658 START sql table model marketo.marketo_activity_call_webhook_source . [RUN]
[0m03:23:22  503 of 1658 OK created sql table model marketo.marketo_activity_add_to_sfdc_campaign_source  [[32m02000 1[0m in 2.18s]
[0m03:23:22  505 of 1658 START sql table model marketo.marketo_activity_change_data_value_source  [RUN]
[0m03:23:22  502 of 1658 OK created sql table model marketo.marketo_activity_add_to_opportunity_source  [[32m02000 1[0m in 2.57s]
[0m03:23:22  506 of 1658 START sql table model marketo.marketo_activity_change_nurture_cadence_source  [RUN]
[0m03:23:23  504 of 1658 OK created sql table model marketo.marketo_activity_call_webhook_source  [[32m02000 1[0m in 1.45s]
[0m03:23:23  507 of 1658 START sql table model marketo.marketo_activity_change_nurture_track_source  [RUN]
[0m03:23:24  496 of 1658 ERROR creating sql table model gitlab_data_yaml.location_factors_yaml_source  [[31mERROR[0m in 8.16s]
[0m03:23:24  508 of 1658 START sql table model marketo.marketo_activity_change_owner_source . [RUN]
[0m03:23:24  506 of 1658 OK created sql table model marketo.marketo_activity_change_nurture_cadence_source  [[32m02000 1[0m in 2.06s]
[0m03:23:24  505 of 1658 OK created sql table model marketo.marketo_activity_change_data_value_source  [[32m02000 1[0m in 2.43s]
[0m03:23:24  509 of 1658 START sql table model marketo.marketo_activity_change_score_source . [RUN]
[0m03:23:24  510 of 1658 START sql table model marketo.marketo_activity_change_segment_source  [RUN]
[0m03:23:25  507 of 1658 OK created sql table model marketo.marketo_activity_change_nurture_track_source  [[32m02000 1[0m in 2.40s]
[0m03:23:25  511 of 1658 START sql table model marketo.marketo_activity_change_status_in_progression_source  [RUN]
[0m03:23:26  510 of 1658 OK created sql table model marketo.marketo_activity_change_segment_source  [[32m02000 1[0m in 1.66s]
[0m03:23:26  509 of 1658 OK created sql table model marketo.marketo_activity_change_score_source  [[32m02000 1[0m in 1.66s]
[0m03:23:26  512 of 1658 START sql table model marketo.marketo_activity_change_status_in_sfdc_campaign_source  [RUN]
[0m03:23:26  513 of 1658 START sql table model marketo.marketo_activity_click_email_source .. [RUN]
[0m03:23:27  511 of 1658 OK created sql table model marketo.marketo_activity_change_status_in_progression_source  [[32m02000 1[0m in 1.47s]
[0m03:23:27  508 of 1658 OK created sql table model marketo.marketo_activity_change_owner_source  [[32m02000 1[0m in 2.30s]
[0m03:23:27  514 of 1658 START sql table model marketo.marketo_activity_click_link_source ... [RUN]
[0m03:23:27  515 of 1658 START sql table model marketo.marketo_activity_convert_lead_source . [RUN]
[0m03:23:27  513 of 1658 OK created sql table model marketo.marketo_activity_click_email_source  [[32m02000 1[0m in 1.20s]
[0m03:23:27  516 of 1658 START sql table model marketo.marketo_activity_delete_lead_source .. [RUN]
[0m03:23:27  512 of 1658 OK created sql table model marketo.marketo_activity_change_status_in_sfdc_campaign_source  [[32m02000 1[0m in 1.21s]
[0m03:23:27  517 of 1658 START sql table model marketo.marketo_activity_email_bounced_soft_source  [RUN]
[0m03:23:28  514 of 1658 OK created sql table model marketo.marketo_activity_click_link_source  [[32m02000 1[0m in 1.21s]
[0m03:23:28  515 of 1658 OK created sql table model marketo.marketo_activity_convert_lead_source  [[32m02000 1[0m in 1.20s]
[0m03:23:28  518 of 1658 START sql table model marketo.marketo_activity_email_bounced_source  [RUN]
[0m03:23:28  519 of 1658 START sql table model marketo.marketo_activity_email_delivered_source  [RUN]
[0m03:23:29  516 of 1658 OK created sql table model marketo.marketo_activity_delete_lead_source  [[32m02000 1[0m in 1.21s]
[0m03:23:29  520 of 1658 START sql table model marketo.marketo_activity_execute_campaign_source  [RUN]
[0m03:23:29  517 of 1658 OK created sql table model marketo.marketo_activity_email_bounced_soft_source  [[32m02000 1[0m in 1.21s]
[0m03:23:29  521 of 1658 START sql table model marketo.marketo_activity_fill_out_form_source  [RUN]
[0m03:23:29  519 of 1658 OK created sql table model marketo.marketo_activity_email_delivered_source  [[32m02000 1[0m in 1.20s]
[0m03:23:29  518 of 1658 OK created sql table model marketo.marketo_activity_email_bounced_source  [[32m02000 1[0m in 1.21s]
[0m03:23:29  522 of 1658 START sql table model marketo.marketo_activity_fill_out_linkedin_lead_gen_form_source  [RUN]
[0m03:23:29  523 of 1658 START sql table model marketo.marketo_activity_interesting_moment_source  [RUN]
[0m03:23:30  521 of 1658 OK created sql table model marketo.marketo_activity_fill_out_form_source  [[32m02000 1[0m in 1.48s]
[0m03:23:30  524 of 1658 START sql table model marketo.marketo_activity_merge_leads_source .. [RUN]
[0m03:23:30  520 of 1658 OK created sql table model marketo.marketo_activity_execute_campaign_source  [[32m02000 1[0m in 1.52s]
[0m03:23:30  525 of 1658 START sql table model marketo.marketo_activity_new_lead_source ..... [RUN]
[0m03:23:33  523 of 1658 OK created sql table model marketo.marketo_activity_interesting_moment_source  [[32m02000 1[0m in 3.53s]
[0m03:23:33  522 of 1658 OK created sql table model marketo.marketo_activity_fill_out_linkedin_lead_gen_form_source  [[32m02000 1[0m in 3.53s]
[0m03:23:33  525 of 1658 OK created sql table model marketo.marketo_activity_new_lead_source  [[32m02000 1[0m in 2.40s]
[0m03:23:33  526 of 1658 START sql table model marketo.marketo_activity_open_email_source ... [RUN]
[0m03:23:33  524 of 1658 OK created sql table model marketo.marketo_activity_merge_leads_source  [[32m02000 1[0m in 2.41s]
[0m03:23:33  527 of 1658 START sql table model marketo.marketo_activity_push_lead_to_marketo_source  [RUN]
[0m03:23:33  528 of 1658 START sql table model marketo.marketo_activity_remove_from_list_source  [RUN]
[0m03:23:33  529 of 1658 START sql table model marketo.marketo_activity_remove_from_sfdc_campaign_source  [RUN]
[0m03:23:35  527 of 1658 OK created sql table model marketo.marketo_activity_push_lead_to_marketo_source  [[32m02000 1[0m in 2.32s]
[0m03:23:35  529 of 1658 OK created sql table model marketo.marketo_activity_remove_from_sfdc_campaign_source  [[32m02000 1[0m in 2.31s]
[0m03:23:35  526 of 1658 OK created sql table model marketo.marketo_activity_open_email_source  [[32m02000 1[0m in 2.32s]
[0m03:23:35  528 of 1658 OK created sql table model marketo.marketo_activity_remove_from_list_source  [[32m02000 1[0m in 2.32s]
[0m03:23:35  530 of 1658 START sql table model marketo.marketo_activity_request_campaign_source  [RUN]
[0m03:23:35  531 of 1658 START sql table model marketo.marketo_activity_send_alert_source ... [RUN]
[0m03:23:35  532 of 1658 START sql table model marketo.marketo_activity_send_email_source ... [RUN]
[0m03:23:35  533 of 1658 START sql table model marketo.marketo_activity_sfdc_activity_source  [RUN]
[0m03:23:37  532 of 1658 OK created sql table model marketo.marketo_activity_send_email_source  [[32m02000 1[0m in 2.41s]
[0m03:23:37  534 of 1658 START sql table model marketo.marketo_activity_sfdc_activity_updated_source  [RUN]
[0m03:23:37  530 of 1658 OK created sql table model marketo.marketo_activity_request_campaign_source  [[32m02000 1[0m in 2.42s]
[0m03:23:37  533 of 1658 OK created sql table model marketo.marketo_activity_sfdc_activity_source  [[32m02000 1[0m in 2.42s]
[0m03:23:37  535 of 1658 START sql table model marketo.marketo_activity_sync_lead_to_sfdc_source  [RUN]
[0m03:23:37  536 of 1658 START sql table model marketo.marketo_activity_type_source ......... [RUN]
[0m03:23:38  531 of 1658 OK created sql table model marketo.marketo_activity_send_alert_source  [[32m02000 1[0m in 2.42s]
[0m03:23:38  537 of 1658 START sql table model marketo.marketo_activity_unsubscribe_email_source  [RUN]
[0m03:23:39  536 of 1658 OK created sql table model marketo.marketo_activity_type_source .... [[32m02000 1[0m in 1.73s]
[0m03:23:39  538 of 1658 START sql table model marketo.marketo_activity_update_opportunity_source  [RUN]
[0m03:23:39  534 of 1658 OK created sql table model marketo.marketo_activity_sfdc_activity_updated_source  [[32m02000 1[0m in 1.76s]
[0m03:23:39  539 of 1658 START sql table model marketo.marketo_activity_visit_webpage_source  [RUN]
[0m03:23:40  537 of 1658 OK created sql table model marketo.marketo_activity_unsubscribe_email_source  [[32m02000 1[0m in 1.88s]
[0m03:23:40  535 of 1658 OK created sql table model marketo.marketo_activity_sync_lead_to_sfdc_source  [[32m02000 1[0m in 2.34s]
[0m03:23:40  540 of 1658 START sql table model marketo.marketo_lead_source .................. [RUN]
[0m03:23:40  541 of 1658 START sql table model legacy.mart_arr_clone_rollup_source .......... [RUN]
[0m03:23:40  538 of 1658 OK created sql table model marketo.marketo_activity_update_opportunity_source  [[32m02000 1[0m in 0.90s]
[0m03:23:40  542 of 1658 START sql table model just_global_campaigns.media_buys_source ...... [RUN]
[0m03:23:40  539 of 1658 OK created sql table model marketo.marketo_activity_visit_webpage_source  [[32m02000 1[0m in 1.24s]
[0m03:23:40  543 of 1658 START sql table model workspace_data_science.model_mart_crm_opportunity_id  [RUN]
[0m03:23:41  543 of 1658 ERROR creating sql table model workspace_data_science.model_mart_crm_opportunity_id  [[31mERROR[0m in 0.05s]
[0m03:23:41  544 of 1658 START sql table model legacy.monitor_issues_and_solutions_source ... [RUN]
[0m03:23:41  540 of 1658 ERROR creating sql table model marketo.marketo_lead_source ......... [[31mERROR[0m in 1.23s]
[0m03:23:41  545 of 1658 START sql table model legacy.monitor_recom_field_health_source ..... [RUN]
[0m03:23:41  541 of 1658 OK created sql table model legacy.mart_arr_clone_rollup_source ..... [[32m02000 1[0m in 1.44s]
[0m03:23:41  546 of 1658 START sql table model legacy.monitors_source ....................... [RUN]
[0m03:23:42  542 of 1658 OK created sql table model just_global_campaigns.media_buys_source . [[32m02000 1[0m in 1.48s]
[0m03:23:42  547 of 1658 START sql table model netsuite.netsuite_accounting_books_source .... [RUN]
[0m03:23:42  544 of 1658 OK created sql table model legacy.monitor_issues_and_solutions_source  [[32m02000 1[0m in 1.53s]
[0m03:23:42  548 of 1658 START sql table model netsuite.netsuite_accounting_periods_source .. [RUN]
[0m03:23:42  545 of 1658 OK created sql table model legacy.monitor_recom_field_health_source  [[32m02000 1[0m in 1.32s]
[0m03:23:42  549 of 1658 START sql table model netsuite.netsuite_accounts_source ............ [RUN]
[0m03:23:43  546 of 1658 OK created sql table model legacy.monitors_source .................. [[32m02000 1[0m in 1.35s]
[0m03:23:43  550 of 1658 START sql table model netsuite.netsuite_budget_category_source ..... [RUN]
[0m03:23:43  547 of 1658 OK created sql table model netsuite.netsuite_accounting_books_source  [[32m02000 1[0m in 1.47s]
[0m03:23:43  551 of 1658 START sql table model netsuite.netsuite_budget_source .............. [RUN]
[0m03:23:43  548 of 1658 OK created sql table model netsuite.netsuite_accounting_periods_source  [[32m02000 1[0m in 1.26s]
[0m03:23:43  552 of 1658 START sql table model netsuite.netsuite_classes_source ............. [RUN]
[0m03:23:44  549 of 1658 OK created sql table model netsuite.netsuite_accounts_source ....... [[32m02000 1[0m in 1.26s]
[0m03:23:44  553 of 1658 START sql table model netsuite.netsuite_consolidated_exchange_rates_source  [RUN]
[0m03:23:44  550 of 1658 OK created sql table model netsuite.netsuite_budget_category_source  [[32m02000 1[0m in 1.35s]
[0m03:23:44  554 of 1658 START sql table model netsuite.netsuite_currencies_source .......... [RUN]
[0m03:23:44  551 of 1658 OK created sql table model netsuite.netsuite_budget_source ......... [[32m02000 1[0m in 1.24s]
[0m03:23:44  555 of 1658 START sql table model netsuite.netsuite_currency_exchange_rates_source  [RUN]
[0m03:23:45  552 of 1658 OK created sql table model netsuite.netsuite_classes_source ........ [[32m02000 1[0m in 1.41s]
[0m03:23:45  556 of 1658 START sql table model netsuite.netsuite_customers_source ........... [RUN]
[0m03:23:45  553 of 1658 OK created sql table model netsuite.netsuite_consolidated_exchange_rates_source  [[32m02000 1[0m in 1.34s]
[0m03:23:45  557 of 1658 START sql table model netsuite.netsuite_entity_source .............. [RUN]
[0m03:23:45  554 of 1658 OK created sql table model netsuite.netsuite_currencies_source ..... [[32m02000 1[0m in 1.34s]
[0m03:23:45  558 of 1658 START sql table model netsuite.netsuite_subsidiaries_source ........ [RUN]
[0m03:23:46  555 of 1658 OK created sql table model netsuite.netsuite_currency_exchange_rates_source  [[32m02000 1[0m in 1.35s]
[0m03:23:46  559 of 1658 START sql table model netsuite.netsuite_transaction_lines_source ... [RUN]
[0m03:23:46  556 of 1658 OK created sql table model netsuite.netsuite_customers_source ...... [[32m02000 1[0m in 1.39s]
[0m03:23:46  560 of 1658 START sql table model netsuite.netsuite_transactions_source ........ [RUN]
[0m03:23:46  557 of 1658 OK created sql table model netsuite.netsuite_entity_source ......... [[32m02000 1[0m in 1.47s]
[0m03:23:46  561 of 1658 START sql table model netsuite.netsuite_vendors_source ............. [RUN]
[0m03:23:47  558 of 1658 OK created sql table model netsuite.netsuite_subsidiaries_source ... [[32m02000 1[0m in 1.37s]
[0m03:23:47  562 of 1658 START sql table model gainsight_customer_success.nps_survey_response  [RUN]
[0m03:23:47  559 of 1658 OK created sql table model netsuite.netsuite_transaction_lines_source  [[32m02000 1[0m in 1.42s]
[0m03:23:47  563 of 1658 START sql table model specific.ntv_handbook_file_classification_mapping  [RUN]
[0m03:23:47  560 of 1658 OK created sql table model netsuite.netsuite_transactions_source ... [[32m02000 1[0m in 1.33s]
[0m03:23:47  564 of 1658 START sql table model specific.ntv_projects_part_of_product ........ [RUN]
[0m03:23:48  561 of 1658 OK created sql table model netsuite.netsuite_vendors_source ........ [[32m02000 1[0m in 1.31s]
[0m03:23:48  565 of 1658 START sql incremental model omamori.omamori_entity_data_source ..... [RUN]
[0m03:23:48  562 of 1658 OK created sql table model gainsight_customer_success.nps_survey_response  [[32m02000 1[0m in 1.41s]
[0m03:23:48  566 of 1658 START sql incremental model omamori.omamori_gitlab_deleted_projects_source  [RUN]
[0m03:23:49  563 of 1658 OK created sql table model specific.ntv_handbook_file_classification_mapping  [[32m02000 1[0m in 1.35s]
[0m03:23:49  567 of 1658 START sql incremental model omamori.omamori_mitigation_plan_entity_data_source  [RUN]
[0m03:23:49  564 of 1658 OK created sql table model specific.ntv_projects_part_of_product ... [[32m02000 1[0m in 1.40s]
[0m03:23:49  568 of 1658 START sql incremental model omamori.omamori_mitigation_plan_tags_source  [RUN]
[0m03:23:49  565 of 1658 OK created sql incremental model omamori.omamori_entity_data_source  [[32m02000 1[0m in 1.09s]
[0m03:23:49  569 of 1658 START sql incremental model omamori.omamori_mitigation_plan_template_tags_source  [RUN]
[0m03:23:50  566 of 1658 OK created sql incremental model omamori.omamori_gitlab_deleted_projects_source  [[32m02000 1[0m in 1.46s]
[0m03:23:50  570 of 1658 START sql incremental model omamori.omamori_mitigation_plans_source  [RUN]
[0m03:23:50  569 of 1658 OK created sql incremental model omamori.omamori_mitigation_plan_template_tags_source  [[32m02000 1[0m in 1.31s]
[0m03:23:50  571 of 1658 START sql incremental model omamori.omamori_rule_evaluation_matches_source  [RUN]
[0m03:23:50  568 of 1658 OK created sql incremental model omamori.omamori_mitigation_plan_tags_source  [[32m02000 1[0m in 1.44s]
[0m03:23:50  572 of 1658 START sql incremental model omamori.omamori_rule_evaluations_source  [RUN]
[0m03:23:50  567 of 1658 OK created sql incremental model omamori.omamori_mitigation_plan_entity_data_source  [[32m02000 1[0m in 1.49s]
[0m03:23:50  573 of 1658 START sql incremental model omamori.omamori_tags_source ............ [RUN]
[0m03:23:51  571 of 1658 OK created sql incremental model omamori.omamori_rule_evaluation_matches_source  [[32m02000 1[0m in 1.11s]
[0m03:23:51  574 of 1658 START sql incremental model omamori.omamori_users_source ........... [RUN]
[0m03:23:51  570 of 1658 OK created sql incremental model omamori.omamori_mitigation_plans_source  [[32m02000 1[0m in 1.72s]
[0m03:23:51  575 of 1658 START sql table model data_science.opportunity_forecasting_scores_source  [RUN]
[0m03:23:51  573 of 1658 OK created sql incremental model omamori.omamori_tags_source ....... [[32m02000 1[0m in 1.08s]
[0m03:23:51  576 of 1658 START sql table model gainsight_customer_success.opt_out_emails .... [RUN]
[0m03:23:52  575 of 1658 OK created sql table model data_science.opportunity_forecasting_scores_source  [[32m02000 1[0m in 0.98s]
[0m03:23:52  577 of 1658 START sql table model workday.performance_growth_potential_source .. [RUN]
[0m03:23:52  574 of 1658 OK created sql incremental model omamori.omamori_users_source ...... [[32m02000 1[0m in 1.02s]
[0m03:23:52  578 of 1658 START sql table model gitlab_data_yaml.performance_indicators_corporate_finance_source  [RUN]
[0m03:23:52  572 of 1658 OK created sql incremental model omamori.omamori_rule_evaluations_source  [[32m02000 1[0m in 2.05s]
[0m03:23:52  579 of 1658 START sql table model gitlab_data_yaml.performance_indicators_cost_source  [RUN]
[0m03:23:53  576 of 1658 OK created sql table model gainsight_customer_success.opt_out_emails  [[32m02000 1[0m in 1.40s]
[0m03:23:53  580 of 1658 START sql table model gitlab_data_yaml.performance_indicators_customer_support_source  [RUN]
[0m03:23:56  577 of 1658 OK created sql table model workday.performance_growth_potential_source  [[32m02000 1[0m in 3.32s]
[0m03:23:56  581 of 1658 START sql table model gitlab_data_yaml.performance_indicators_dev_section_source  [RUN]
[0m03:23:56  578 of 1658 OK created sql table model gitlab_data_yaml.performance_indicators_corporate_finance_source  [[32m02000 1[0m in 3.77s]
[0m03:23:56  579 of 1658 OK created sql table model gitlab_data_yaml.performance_indicators_cost_source  [[32m02000 1[0m in 3.75s]
[0m03:23:56  582 of 1658 START sql table model gitlab_data_yaml.performance_indicators_development_department_source  [RUN]
[0m03:23:56  583 of 1658 START sql table model gitlab_data_yaml.performance_indicators_enablement_section_source  [RUN]
[0m03:23:57  580 of 1658 OK created sql table model gitlab_data_yaml.performance_indicators_customer_support_source  [[32m02000 1[0m in 4.20s]
[0m03:23:57  584 of 1658 START sql table model gitlab_data_yaml.performance_indicators_engineering_source  [RUN]
[0m03:23:58  581 of 1658 OK created sql table model gitlab_data_yaml.performance_indicators_dev_section_source  [[32m02000 1[0m in 2.48s]
[0m03:23:58  583 of 1658 OK created sql table model gitlab_data_yaml.performance_indicators_enablement_section_source  [[32m02000 1[0m in 2.02s]
[0m03:23:58  585 of 1658 START sql table model gitlab_data_yaml.performance_indicators_finance_source  [RUN]
[0m03:23:58  586 of 1658 START sql table model gitlab_data_yaml.performance_indicators_infrastructure_department_source  [RUN]
[0m03:23:59  582 of 1658 OK created sql table model gitlab_data_yaml.performance_indicators_development_department_source  [[32m02000 1[0m in 2.73s]
[0m03:23:59  587 of 1658 START sql table model gitlab_data_yaml.performance_indicators_marketing_source  [RUN]
[0m03:24:00  584 of 1658 OK created sql table model gitlab_data_yaml.performance_indicators_engineering_source  [[32m02000 1[0m in 3.17s]
[0m03:24:00  588 of 1658 START sql table model gitlab_data_yaml.performance_indicators_ops_section_source  [RUN]
[0m03:24:01  586 of 1658 OK created sql table model gitlab_data_yaml.performance_indicators_infrastructure_department_source  [[32m02000 1[0m in 2.86s]
[0m03:24:01  589 of 1658 START sql table model gitlab_data_yaml.performance_indicators_people_success_source  [RUN]
[0m03:24:01  587 of 1658 OK created sql table model gitlab_data_yaml.performance_indicators_marketing_source  [[32m02000 1[0m in 2.36s]
[0m03:24:01  590 of 1658 START sql table model gitlab_data_yaml.performance_indicators_product_source  [RUN]
[0m03:24:02  585 of 1658 OK created sql table model gitlab_data_yaml.performance_indicators_finance_source  [[32m02000 1[0m in 3.44s]
[0m03:24:02  591 of 1658 START sql table model gitlab_data_yaml.performance_indicators_quality_department_source  [RUN]
[0m03:24:03  588 of 1658 OK created sql table model gitlab_data_yaml.performance_indicators_ops_section_source  [[32m02000 1[0m in 2.81s]
[0m03:24:03  592 of 1658 START sql table model gitlab_data_yaml.performance_indicators_recruiting_source  [RUN]
[0m03:24:04  589 of 1658 OK created sql table model gitlab_data_yaml.performance_indicators_people_success_source  [[32m02000 1[0m in 3.16s]
[0m03:24:04  590 of 1658 OK created sql table model gitlab_data_yaml.performance_indicators_product_source  [[32m02000 1[0m in 2.96s]
[0m03:24:04  593 of 1658 START sql table model gitlab_data_yaml.performance_indicators_sales_source  [RUN]
[0m03:24:04  594 of 1658 START sql table model gitlab_data_yaml.performance_indicators_security_department_source  [RUN]
[0m03:24:06  591 of 1658 OK created sql table model gitlab_data_yaml.performance_indicators_quality_department_source  [[32m02000 1[0m in 4.00s]
[0m03:24:06  595 of 1658 START sql table model gitlab_data_yaml.performance_indicators_ux_department_source  [RUN]
[0m03:24:07  592 of 1658 OK created sql table model gitlab_data_yaml.performance_indicators_recruiting_source  [[32m02000 1[0m in 3.84s]
[0m03:24:07  596 of 1658 START sql table model common_prep.prep_dim_subscription_snapshot_base  [RUN]
[0m03:24:07  593 of 1658 OK created sql table model gitlab_data_yaml.performance_indicators_sales_source  [[32m02000 1[0m in 2.68s]
[0m03:24:07  597 of 1658 START sql table model common_prep.prep_environment ................. [RUN]
[0m03:24:07  597 of 1658 OK created sql table model common_prep.prep_environment ............ [[32m02000 1[0m in 0.22s]
[0m03:24:07  594 of 1658 OK created sql table model gitlab_data_yaml.performance_indicators_security_department_source  [[32m02000 1[0m in 3.28s]
[0m03:24:07  598 of 1658 START sql table model restricted_safe_common_prep.prep_fct_mrr_snapshot_base  [RUN]
[0m03:24:07  599 of 1658 START sql table model restricted_safe_common_prep.prep_mart_arr_snapshot_base  [RUN]
[0m03:24:08  596 of 1658 OK created sql table model common_prep.prep_dim_subscription_snapshot_base  [[32m02000 1[0m in 1.21s]
[0m03:24:08  595 of 1658 OK created sql table model gitlab_data_yaml.performance_indicators_ux_department_source  [[32m02000 1[0m in 2.47s]
[0m03:24:08  600 of 1658 START sql table model restricted_safe_common_prep.prep_mart_available_to_renew_snapshot_base  [RUN]
[0m03:24:08  601 of 1658 START sql table model restricted_safe_common_prep.prep_mart_retention_parent_account_snapshot_base  [RUN]
[0m03:24:09  598 of 1658 OK created sql table model restricted_safe_common_prep.prep_fct_mrr_snapshot_base  [[32m02000 1[0m in 1.20s]
[0m03:24:09  602 of 1658 START sql table model common_prep.prep_namespace_hist .............. [RUN]
[0m03:24:09  602 of 1658 ERROR creating sql table model common_prep.prep_namespace_hist ..... [[31mERROR[0m in 0.09s]
[0m03:24:09  603 of 1658 START sql table model workspace_engineering.projects_pl ............ [RUN]
[0m03:24:09  599 of 1658 OK created sql table model restricted_safe_common_prep.prep_mart_arr_snapshot_base  [[32m02000 1[0m in 1.32s]
[0m03:24:09  604 of 1658 START sql table model data_science.ptpl_scores_source .............. [RUN]
[0m03:24:09  601 of 1658 OK created sql table model restricted_safe_common_prep.prep_mart_retention_parent_account_snapshot_base  [[32m02000 1[0m in 1.30s]
[0m03:24:09  600 of 1658 OK created sql table model restricted_safe_common_prep.prep_mart_available_to_renew_snapshot_base  [[32m02000 1[0m in 1.31s]
[0m03:24:09  605 of 1658 START sql table model qualtrics.qualtrics_distribution ............. [RUN]
[0m03:24:09  606 of 1658 START sql table model sensitive.qualtrics_mailing_contacts ......... [RUN]
[0m03:24:10  604 of 1658 OK created sql table model data_science.ptpl_scores_source ......... [[32m02000 1[0m in 1.58s]
[0m03:24:10  607 of 1658 START sql table model qualtrics.qualtrics_question ................. [RUN]
[0m03:24:12  605 of 1658 OK created sql table model qualtrics.qualtrics_distribution ........ [[32m02000 1[0m in 2.67s]
[0m03:24:12  608 of 1658 START sql table model qualtrics.qualtrics_survey ................... [RUN]
[0m03:24:13  606 of 1658 OK created sql table model sensitive.qualtrics_mailing_contacts .... [[32m02000 1[0m in 3.47s]
[0m03:24:13  609 of 1658 START sql table model rally_initial_export.rally_initial_export_optouts_source  [RUN]
[0m03:24:13  603 of 1658 OK created sql table model workspace_engineering.projects_pl ....... [[32m02000 1[0m in 4.71s]
[0m03:24:13  610 of 1658 START sql table model rally_initial_export.rally_webhook_stitch_optouts_source  [RUN]
[0m03:24:15  607 of 1658 OK created sql table model qualtrics.qualtrics_question ............ [[32m02000 1[0m in 4.18s]
[0m03:24:15  609 of 1658 OK created sql table model rally_initial_export.rally_initial_export_optouts_source  [[32m02000 1[0m in 1.71s]
[0m03:24:15  608 of 1658 OK created sql table model qualtrics.qualtrics_survey .............. [[32m02000 1[0m in 2.52s]
[0m03:24:15  611 of 1658 START sql table model gitlab_data_yaml.releases_source ............. [RUN]
[0m03:24:15  613 of 1658 START sql table model rspec.rspec_overall_time_source .............. [RUN]
[0m03:24:15  612 of 1658 START sql table model gitlab_data_yaml.roles_yaml_source ........... [RUN]
[0m03:24:15  610 of 1658 OK created sql table model rally_initial_export.rally_webhook_stitch_optouts_source  [[32m02000 1[0m in 1.77s]
[0m03:24:15  614 of 1658 START sql incremental model saas_usage_ping.saas_usage_ping_namespace  [RUN]
[0m03:24:16  613 of 1658 OK created sql table model rspec.rspec_overall_time_source ......... [[32m02000 1[0m in 1.13s]
[0m03:24:16  615 of 1658 START sql table model data_classification.sensitive_queries_tags ... [RUN]
[0m03:24:17  611 of 1658 OK created sql table model gitlab_data_yaml.releases_source ........ [[32m02000 1[0m in 2.44s]
[0m03:24:17  616 of 1658 START sql table model servicenow_prd.servicenow_prd_incident_source  [RUN]
[0m03:24:17  614 of 1658 OK created sql incremental model saas_usage_ping.saas_usage_ping_namespace  [[32m02000 1[0m in 1.83s]
[0m03:24:17  617 of 1658 START sql table model servicenow_prd.servicenow_prd_incident_task_source  [RUN]
[0m03:24:18  612 of 1658 OK created sql table model gitlab_data_yaml.roles_yaml_source ...... [[32m02000 1[0m in 3.66s]
[0m03:24:18  618 of 1658 START sql table model servicenow_prd.servicenow_prd_problem_source . [RUN]
[0m03:24:19  616 of 1658 OK created sql table model servicenow_prd.servicenow_prd_incident_source  [[32m02000 1[0m in 2.22s]
[0m03:24:19  619 of 1658 START sql table model servicenow_prd.servicenow_prd_problem_task_source  [RUN]
[0m03:24:19  615 of 1658 OK created sql table model data_classification.sensitive_queries_tags  [[32m02000 1[0m in 3.60s]
[0m03:24:19  620 of 1658 START sql table model servicenow_prd.servicenow_prd_sla_source ..... [RUN]
[0m03:24:19  617 of 1658 OK created sql table model servicenow_prd.servicenow_prd_incident_task_source  [[32m02000 1[0m in 2.28s]
[0m03:24:19  621 of 1658 START sql table model servicenow_prd.servicenow_prd_sys_user_group_source  [RUN]
[0m03:24:20  620 of 1658 OK created sql table model servicenow_prd.servicenow_prd_sla_source  [[32m02000 1[0m in 0.73s]
[0m03:24:20  618 of 1658 OK created sql table model servicenow_prd.servicenow_prd_problem_source  [[32m02000 1[0m in 1.82s]
[0m03:24:20  619 of 1658 OK created sql table model servicenow_prd.servicenow_prd_problem_task_source  [[32m02000 1[0m in 0.81s]
[0m03:24:20  622 of 1658 START sql table model servicenow_prd.servicenow_prd_sys_user_source  [RUN]
[0m03:24:20  623 of 1658 START sql table model servicenow_prd.servicenow_prd_task_source .... [RUN]
[0m03:24:20  624 of 1658 START sql table model sfdc.sfdc_account_history_source ............. [RUN]
[0m03:24:21  621 of 1658 OK created sql table model servicenow_prd.servicenow_prd_sys_user_group_source  [[32m02000 1[0m in 1.41s]
[0m03:24:21  625 of 1658 START sql table model sfdc.sfdc_account_share_source ............... [RUN]
[0m03:24:22  624 of 1658 OK created sql table model sfdc.sfdc_account_history_source ........ [[32m02000 1[0m in 1.44s]
[0m03:24:22  626 of 1658 START sql table model sfdc.sfdc_account_team_member_source ......... [RUN]
[0m03:24:22  622 of 1658 OK created sql table model servicenow_prd.servicenow_prd_sys_user_source  [[32m02000 1[0m in 1.46s]
[0m03:24:22  623 of 1658 OK created sql table model servicenow_prd.servicenow_prd_task_source  [[32m02000 1[0m in 1.45s]
[0m03:24:22  627 of 1658 START sql table model legacy.sfdc_bizible_attribution_touchpoint_snapshots_source  [RUN]
[0m03:24:22  628 of 1658 START sql table model sfdc.sfdc_bizible_attribution_touchpoint_source  [RUN]
[0m03:24:22  625 of 1658 OK created sql table model sfdc.sfdc_account_share_source .......... [[32m02000 1[0m in 1.26s]
[0m03:24:22  629 of 1658 START sql table model sfdc.sfdc_bizible_person_source .............. [RUN]
[0m03:24:23  626 of 1658 OK created sql table model sfdc.sfdc_account_team_member_source .... [[32m02000 1[0m in 1.02s]
[0m03:24:23  630 of 1658 START sql table model legacy.sfdc_bizible_touchpoint_snapshots_source  [RUN]
[0m03:24:23  628 of 1658 OK created sql table model sfdc.sfdc_bizible_attribution_touchpoint_source  [[32m02000 1[0m in 1.49s]
[0m03:24:23  631 of 1658 START sql table model sfdc.sfdc_bizible_touchpoint_source .......... [RUN]
[0m03:24:24  627 of 1658 OK created sql table model legacy.sfdc_bizible_attribution_touchpoint_snapshots_source  [[32m02000 1[0m in 1.79s]
[0m03:24:24  632 of 1658 START sql table model sfdc.sfdc_campaign_member_source ............. [RUN]
[0m03:24:24  630 of 1658 OK created sql table model legacy.sfdc_bizible_touchpoint_snapshots_source  [[32m02000 1[0m in 1.21s]
[0m03:24:24  633 of 1658 START sql table model sfdc.sfdc_campaign_source .................... [RUN]
[0m03:24:24  633 of 1658 ERROR creating sql table model sfdc.sfdc_campaign_source ........... [[31mERROR[0m in 0.67s]
[0m03:24:24  634 of 1658 START sql table model sfdc.sfdc_case_history_source ................ [RUN]
[0m03:24:24  631 of 1658 OK created sql table model sfdc.sfdc_bizible_touchpoint_source ..... [[32m02000 1[0m in 1.10s]
[0m03:24:24  635 of 1658 START sql table model sfdc.sfdc_case_source ........................ [RUN]
[0m03:24:24  629 of 1658 OK created sql table model sfdc.sfdc_bizible_person_source ......... [[32m02000 1[0m in 2.46s]
[0m03:24:24  636 of 1658 START sql table model sfdc.sfdc_contact_history_source ............. [RUN]
[0m03:24:25  632 of 1658 OK created sql table model sfdc.sfdc_campaign_member_source ........ [[32m02000 1[0m in 1.52s]
[0m03:24:25  637 of 1658 START sql table model sfdc.sfdc_customer_subscription_source ....... [RUN]
[0m03:24:26  634 of 1658 OK created sql table model sfdc.sfdc_case_history_source ........... [[32m02000 1[0m in 1.35s]
[0m03:24:26  635 of 1658 OK created sql table model sfdc.sfdc_case_source ................... [[32m02000 1[0m in 1.32s]
[0m03:24:26  636 of 1658 OK created sql table model sfdc.sfdc_contact_history_source ........ [[32m02000 1[0m in 1.31s]
[0m03:24:26  638 of 1658 START sql table model sfdc.sfdc_event_source ....................... [RUN]
[0m03:24:26  639 of 1658 START sql table model sfdc.sfdc_executive_business_review_source ... [RUN]
[0m03:24:26  640 of 1658 START sql table model sfdc.sfdc_group_member_source ................ [RUN]
[0m03:24:26  638 of 1658 ERROR creating sql table model sfdc.sfdc_event_source .............. [[31mERROR[0m in 0.10s]
[0m03:24:26  641 of 1658 START sql table model sfdc.sfdc_impartner_mdf_funds_claim_source ... [RUN]
[0m03:24:27  637 of 1658 OK created sql table model sfdc.sfdc_customer_subscription_source .. [[32m02000 1[0m in 1.65s]
[0m03:24:27  639 of 1658 OK created sql table model sfdc.sfdc_executive_business_review_source  [[32m02000 1[0m in 1.04s]
[0m03:24:27  640 of 1658 OK created sql table model sfdc.sfdc_group_member_source ........... [[32m02000 1[0m in 1.03s]
[0m03:24:27  642 of 1658 START sql table model sfdc.sfdc_impartner_mdf_funds_request_source . [RUN]
[0m03:24:27  643 of 1658 START sql table model sfdc.sfdc_lead_history_source ................ [RUN]
[0m03:24:27  644 of 1658 START sql table model sfdc.sfdc_opportunity_contact_role_source .... [RUN]
[0m03:24:28  641 of 1658 OK created sql table model sfdc.sfdc_impartner_mdf_funds_claim_source  [[32m02000 1[0m in 1.64s]
[0m03:24:28  645 of 1658 START sql table model sfdc.sfdc_opportunity_field_history_source ... [RUN]
[0m03:24:28  644 of 1658 OK created sql table model sfdc.sfdc_opportunity_contact_role_source  [[32m02000 1[0m in 1.30s]
[0m03:24:28  643 of 1658 OK created sql table model sfdc.sfdc_lead_history_source ........... [[32m02000 1[0m in 1.30s]
[0m03:24:28  642 of 1658 OK created sql table model sfdc.sfdc_impartner_mdf_funds_request_source  [[32m02000 1[0m in 1.31s]
[0m03:24:28  646 of 1658 START sql table model sfdc.sfdc_opportunity_history_source ......... [RUN]
[0m03:24:28  647 of 1658 START sql table model restricted_safe_legacy.sfdc_opportunity_product_snapshots_source  [RUN]
[0m03:24:28  648 of 1658 START sql table model sfdc.sfdc_opportunity_product_source ......... [RUN]
[0m03:24:29  645 of 1658 OK created sql table model sfdc.sfdc_opportunity_field_history_source  [[32m02000 1[0m in 1.11s]
[0m03:24:29  649 of 1658 START sql table model sfdc.sfdc_opportunity_share_source ........... [RUN]
[0m03:24:30  646 of 1658 OK created sql table model sfdc.sfdc_opportunity_history_source .... [[32m02000 1[0m in 1.43s]
[0m03:24:30  650 of 1658 START sql table model restricted_safe_legacy.sfdc_opportunity_snapshots_source  [RUN]
[0m03:24:30  647 of 1658 OK created sql table model restricted_safe_legacy.sfdc_opportunity_product_snapshots_source  [[32m02000 1[0m in 1.53s]
[0m03:24:30  648 of 1658 OK created sql table model sfdc.sfdc_opportunity_product_source .... [[32m02000 1[0m in 1.53s]
[0m03:24:30  651 of 1658 START sql table model legacy.sfdc_opportunity_split_source ......... [RUN]
[0m03:24:30  652 of 1658 START sql table model legacy.sfdc_opportunity_split_type_source .... [RUN]
[0m03:24:30  649 of 1658 OK created sql table model sfdc.sfdc_opportunity_share_source ...... [[32m02000 1[0m in 1.60s]
[0m03:24:30  653 of 1658 START sql table model sfdc.sfdc_opportunity_stage_source ........... [RUN]
[0m03:24:31  652 of 1658 OK created sql table model legacy.sfdc_opportunity_split_type_source  [[32m02000 1[0m in 1.48s]
[0m03:24:31  651 of 1658 OK created sql table model legacy.sfdc_opportunity_split_source .... [[32m02000 1[0m in 1.49s]
[0m03:24:31  654 of 1658 START sql table model legacy.sfdc_opportunity_team_member_source ... [RUN]
[0m03:24:31  655 of 1658 START sql table model sfdc.sfdc_permission_set_assignment_source ... [RUN]
[0m03:24:32  653 of 1658 OK created sql table model sfdc.sfdc_opportunity_stage_source ...... [[32m02000 1[0m in 1.53s]
[0m03:24:32  656 of 1658 START sql table model sfdc.sfdc_profile_source ..................... [RUN]
[0m03:24:32  650 of 1658 OK created sql table model restricted_safe_legacy.sfdc_opportunity_snapshots_source  [[32m02000 1[0m in 2.20s]
[0m03:24:32  657 of 1658 START sql table model legacy.sfdc_proof_of_concept_source .......... [RUN]
[0m03:24:32  654 of 1658 OK created sql table model legacy.sfdc_opportunity_team_member_source  [[32m02000 1[0m in 1.01s]
[0m03:24:32  658 of 1658 START sql table model sfdc.sfdc_quote_source ....................... [RUN]
[0m03:24:32  655 of 1658 OK created sql table model sfdc.sfdc_permission_set_assignment_source  [[32m02000 1[0m in 1.30s]
[0m03:24:32  659 of 1658 START sql table model sfdc.sfdc_record_type_source ................. [RUN]
[0m03:24:33  657 of 1658 OK created sql table model legacy.sfdc_proof_of_concept_source ..... [[32m02000 1[0m in 1.30s]
[0m03:24:33  656 of 1658 OK created sql table model sfdc.sfdc_profile_source ................ [[32m02000 1[0m in 1.67s]
[0m03:24:33  660 of 1658 START sql table model sfdc_sandbox.sfdc_sandbox_user_roles_source .. [RUN]
[0m03:24:33  661 of 1658 START sql table model sfdc.sfdc_statement_of_work_source ........... [RUN]
[0m03:24:34  658 of 1658 OK created sql table model sfdc.sfdc_quote_source .................. [[32m02000 1[0m in 1.36s]
[0m03:24:34  662 of 1658 START sql table model sfdc.sfdc_task_source ........................ [RUN]
[0m03:24:34  662 of 1658 ERROR creating sql table model sfdc.sfdc_task_source ............... [[31mERROR[0m in 0.09s]
[0m03:24:34  663 of 1658 START sql table model sfdc.sfdc_traction_history_log_source ........ [RUN]
[0m03:24:34  659 of 1658 OK created sql table model sfdc.sfdc_record_type_source ............ [[32m02000 1[0m in 1.54s]
[0m03:24:34  664 of 1658 START sql table model sfdc.sfdc_user_roles_source .................. [RUN]
[0m03:24:35  660 of 1658 OK created sql table model sfdc_sandbox.sfdc_sandbox_user_roles_source  [[32m02000 1[0m in 1.08s]
[0m03:24:35  665 of 1658 START sql table model sfdc.sfdc_user_territory_association_source .. [RUN]
[0m03:24:35  661 of 1658 OK created sql table model sfdc.sfdc_statement_of_work_source ...... [[32m02000 1[0m in 1.51s]
[0m03:24:35  666 of 1658 START sql table model sfdc.sfdc_vartopia_drs_registration_source ... [RUN]
[0m03:24:35  663 of 1658 OK created sql table model sfdc.sfdc_traction_history_log_source ... [[32m02000 1[0m in 1.56s]
[0m03:24:35  667 of 1658 START sql table model sfdc.sfdc_zoom_webinar_attendee_source ....... [RUN]
[0m03:24:36  664 of 1658 OK created sql table model sfdc.sfdc_user_roles_source ............. [[32m02000 1[0m in 1.54s]
[0m03:24:36  668 of 1658 START sql table model sfdc.sfdc_zoom_webinar_history_source ........ [RUN]
[0m03:24:36  665 of 1658 OK created sql table model sfdc.sfdc_user_territory_association_source  [[32m02000 1[0m in 1.39s]
[0m03:24:36  669 of 1658 START sql table model sfdc.sfdc_zoom_webinar_registrant_source ..... [RUN]
[0m03:24:36  666 of 1658 OK created sql table model sfdc.sfdc_vartopia_drs_registration_source  [[32m02000 1[0m in 1.32s]
[0m03:24:36  670 of 1658 START sql table model sfdc.sfdc_zoom_webinar_source ................ [RUN]
[0m03:24:37  667 of 1658 OK created sql table model sfdc.sfdc_zoom_webinar_attendee_source .. [[32m02000 1[0m in 1.45s]
[0m03:24:37  671 of 1658 START sql table model sfdc.sfdc_zqu_product_rate_plan_source ....... [RUN]
[0m03:24:37  668 of 1658 OK created sql table model sfdc.sfdc_zoom_webinar_history_source ... [[32m02000 1[0m in 1.19s]
[0m03:24:37  672 of 1658 START sql table model sfdc.sfdc_zqu_quote_amendment_source ......... [RUN]
[0m03:24:38  669 of 1658 OK created sql table model sfdc.sfdc_zoom_webinar_registrant_source  [[32m02000 1[0m in 1.73s]
[0m03:24:38  670 of 1658 OK created sql table model sfdc.sfdc_zoom_webinar_source ........... [[32m02000 1[0m in 1.37s]
[0m03:24:38  673 of 1658 START sql table model sfdc.sfdc_zqu_quote_history_source ........... [RUN]
[0m03:24:38  674 of 1658 START sql table model sfdc.sfdc_zqu_quote_rate_plan_charge_source .. [RUN]
[0m03:24:38  671 of 1658 OK created sql table model sfdc.sfdc_zqu_product_rate_plan_source .. [[32m02000 1[0m in 1.46s]
[0m03:24:38  675 of 1658 START sql table model sfdc.sfdc_zqu_quote_rate_plan_source ......... [RUN]
[0m03:24:38  672 of 1658 OK created sql table model sfdc.sfdc_zqu_quote_amendment_source .... [[32m02000 1[0m in 1.45s]
[0m03:24:38  676 of 1658 START sql table model sfdc.sfdc_zqu_zproduct_source ................ [RUN]
[0m03:24:39  673 of 1658 OK created sql table model sfdc.sfdc_zqu_quote_history_source ...... [[32m02000 1[0m in 1.44s]
[0m03:24:39  677 of 1658 START sql table model sheetload.sheetload_abm_key_account_list_source  [RUN]
[0m03:24:39  674 of 1658 OK created sql table model sfdc.sfdc_zqu_quote_rate_plan_charge_source  [[32m02000 1[0m in 1.53s]
[0m03:24:39  678 of 1658 START sql table model sheetload.sheetload_bizible_to_pathfactory_mapping_source  [RUN]
[0m03:24:40  675 of 1658 OK created sql table model sfdc.sfdc_zqu_quote_rate_plan_source .... [[32m02000 1[0m in 1.51s]
[0m03:24:40  679 of 1658 START sql table model sheetload.sheetload_books_source ............. [RUN]
[0m03:24:40  676 of 1658 OK created sql table model sfdc.sfdc_zqu_zproduct_source ........... [[32m02000 1[0m in 1.68s]
[0m03:24:40  680 of 1658 START sql table model sheetload.sheetload_case_creation_data_source  [RUN]
[0m03:24:40  677 of 1658 OK created sql table model sheetload.sheetload_abm_key_account_list_source  [[32m02000 1[0m in 1.14s]
[0m03:24:40  681 of 1658 START sql table model sheetload.sheetload_cert_customer_segmentation_dashboard_source  [RUN]
[0m03:24:41  678 of 1658 OK created sql table model sheetload.sheetload_bizible_to_pathfactory_mapping_source  [[32m02000 1[0m in 1.40s]
[0m03:24:41  682 of 1658 START sql table model sheetload.sheetload_cert_customer_segmentation_sql_source  [RUN]
[0m03:24:41  679 of 1658 OK created sql table model sheetload.sheetload_books_source ........ [[32m02000 1[0m in 1.32s]
[0m03:24:41  683 of 1658 START sql table model sheetload.sheetload_cert_customer_segmentation_viewer_source  [RUN]
[0m03:24:41  680 of 1658 OK created sql table model sheetload.sheetload_case_creation_data_source  [[32m02000 1[0m in 1.51s]
[0m03:24:41  684 of 1658 START sql table model sheetload.sheetload_cert_pricing_customer_discount_dashboard_source  [RUN]
[0m03:24:42  681 of 1658 OK created sql table model sheetload.sheetload_cert_customer_segmentation_dashboard_source  [[32m02000 1[0m in 1.52s]
[0m03:24:42  685 of 1658 START sql table model sheetload.sheetload_cert_pricing_customer_discount_viewer_source  [RUN]
[0m03:24:42  682 of 1658 OK created sql table model sheetload.sheetload_cert_customer_segmentation_sql_source  [[32m02000 1[0m in 1.40s]
[0m03:24:42  686 of 1658 START sql table model sheetload.sheetload_cert_product_adoption_dashboard_user_source  [RUN]
[0m03:24:43  685 of 1658 OK created sql table model sheetload.sheetload_cert_pricing_customer_discount_viewer_source  [[32m02000 1[0m in 0.99s]
[0m03:24:43  684 of 1658 OK created sql table model sheetload.sheetload_cert_pricing_customer_discount_dashboard_source  [[32m02000 1[0m in 1.36s]
[0m03:24:43  683 of 1658 OK created sql table model sheetload.sheetload_cert_customer_segmentation_viewer_source  [[32m02000 1[0m in 1.42s]
[0m03:24:43  687 of 1658 START sql table model sheetload.sheetload_cert_product_geo_dashboard_source  [RUN]
[0m03:24:43  688 of 1658 START sql table model sheetload.sheetload_cert_product_geo_sql_source  [RUN]
[0m03:24:43  689 of 1658 START sql table model sheetload.sheetload_cert_product_geo_viewer_source  [RUN]
[0m03:24:44  686 of 1658 OK created sql table model sheetload.sheetload_cert_product_adoption_dashboard_user_source  [[32m02000 1[0m in 1.86s]
[0m03:24:44  689 of 1658 OK created sql table model sheetload.sheetload_cert_product_geo_viewer_source  [[32m02000 1[0m in 1.06s]
[0m03:24:44  690 of 1658 START sql table model sheetload.sheetload_cert_sales_funnel_dashboard_developer_source  [RUN]
[0m03:24:44  687 of 1658 OK created sql table model sheetload.sheetload_cert_product_geo_dashboard_source  [[32m02000 1[0m in 1.06s]
[0m03:24:44  691 of 1658 START sql table model sheetload.sheetload_cert_sales_funnel_dashboard_user_source  [RUN]
[0m03:24:44  692 of 1658 START sql table model sheetload.sheetload_ci_runner_machine_type_mapping_source  [RUN]
[0m03:24:45  688 of 1658 OK created sql table model sheetload.sheetload_cert_product_geo_sql_source  [[32m02000 1[0m in 1.76s]
[0m03:24:45  693 of 1658 START sql table model sheetload.sheetload_deleted_mrs_source ....... [RUN]
[0m03:24:45  690 of 1658 OK created sql table model sheetload.sheetload_cert_sales_funnel_dashboard_developer_source  [[32m02000 1[0m in 1.31s]
[0m03:24:45  694 of 1658 START sql table model sheetload.sheetload_devrel_blog_posts_views_source  [RUN]
[0m03:24:45  692 of 1658 OK created sql table model sheetload.sheetload_ci_runner_machine_type_mapping_source  [[32m02000 1[0m in 1.40s]
[0m03:24:45  691 of 1658 OK created sql table model sheetload.sheetload_cert_sales_funnel_dashboard_user_source  [[32m02000 1[0m in 1.41s]
[0m03:24:45  695 of 1658 START sql table model sheetload.sheetload_devrel_influenced_campaigns_source  [RUN]
[0m03:24:45  696 of 1658 START sql table model sheetload.sheetload_engineering_infra_prod_console_access_source  [RUN]
[0m03:24:46  693 of 1658 OK created sql table model sheetload.sheetload_deleted_mrs_source .. [[32m02000 1[0m in 1.51s]
[0m03:24:46  694 of 1658 OK created sql table model sheetload.sheetload_devrel_blog_posts_views_source  [[32m02000 1[0m in 0.91s]
[0m03:24:46  695 of 1658 OK created sql table model sheetload.sheetload_devrel_influenced_campaigns_source  [[32m02000 1[0m in 0.81s]
[0m03:24:46  697 of 1658 START sql table model sheetload.sheetload_engineering_speciality_prior_to_capture_source  [RUN]
[0m03:24:46  698 of 1658 START sql table model sheetload.sheetload_fmm_kpi_targets_source ... [RUN]
[0m03:24:46  699 of 1658 START sql table model sheetload.sheetload_fy25_account_geo_map ..... [RUN]
[0m03:24:46  697 of 1658 ERROR creating sql table model sheetload.sheetload_engineering_speciality_prior_to_capture_source  [[31mERROR[0m in 0.06s]
[0m03:24:46  700 of 1658 START sql table model sheetload.sheetload_fy25_yearlies_target_source  [RUN]
[0m03:24:47  699 of 1658 OK created sql table model sheetload.sheetload_fy25_account_geo_map  [[32m02000 1[0m in 1.19s]
[0m03:24:47  701 of 1658 START sql table model sheetload.sheetload_ga360_custom_dimensions_source  [RUN]
[0m03:24:47  696 of 1658 OK created sql table model sheetload.sheetload_engineering_infra_prod_console_access_source  [[32m02000 1[0m in 2.00s]
[0m03:24:47  698 of 1658 OK created sql table model sheetload.sheetload_fmm_kpi_targets_source  [[32m02000 1[0m in 1.19s]
[0m03:24:47  702 of 1658 START sql table model sheetload.sheetload_gitlab_contributing_organizations_source  [RUN]
[0m03:24:47  703 of 1658 START sql table model sheetload.sheetload_gitlab_data_driven_attribution_weights_source  [RUN]
[0m03:24:48  700 of 1658 OK created sql table model sheetload.sheetload_fy25_yearlies_target_source  [[32m02000 1[0m in 1.82s]
[0m03:24:48  704 of 1658 START sql table model sheetload.sheetload_hire_replan_source ....... [RUN]
[0m03:24:49  701 of 1658 OK created sql table model sheetload.sheetload_ga360_custom_dimensions_source  [[32m02000 1[0m in 1.30s]
[0m03:24:49  702 of 1658 OK created sql table model sheetload.sheetload_gitlab_contributing_organizations_source  [[32m02000 1[0m in 1.29s]
[0m03:24:49  705 of 1658 START sql table model sheetload.sheetload_hostnames_to_domains_source  [RUN]
[0m03:24:49  703 of 1658 OK created sql table model sheetload.sheetload_gitlab_data_driven_attribution_weights_source  [[32m02000 1[0m in 1.29s]
[0m03:24:49  706 of 1658 START sql table model sheetload.sheetload_job_roles_prior_to_2020_02_source  [RUN]
[0m03:24:49  707 of 1658 START sql table model sheetload.sheetload_license_md5_to_subscription_mapping_source  [RUN]
[0m03:24:49  704 of 1658 OK created sql table model sheetload.sheetload_hire_replan_source .. [[32m02000 1[0m in 1.31s]
[0m03:24:49  708 of 1658 START sql table model sheetload.sheetload_location_factor_targets_source  [RUN]
[0m03:24:50  705 of 1658 OK created sql table model sheetload.sheetload_hostnames_to_domains_source  [[32m02000 1[0m in 1.31s]
[0m03:24:50  709 of 1658 START sql table model sheetload.sheetload_map_ramp_deals_source .... [RUN]
[0m03:24:50  706 of 1658 OK created sql table model sheetload.sheetload_job_roles_prior_to_2020_02_source  [[32m02000 1[0m in 1.31s]
[0m03:24:50  707 of 1658 OK created sql table model sheetload.sheetload_license_md5_to_subscription_mapping_source  [[32m02000 1[0m in 1.31s]
[0m03:24:50  710 of 1658 START sql table model sheetload.sheetload_mapping_sdr_sfdc_bamboohr_source  [RUN]
[0m03:24:50  711 of 1658 START sql table model sheetload.sheetload_marketo_lead_scores_source  [RUN]
[0m03:24:51  708 of 1658 OK created sql table model sheetload.sheetload_location_factor_targets_source  [[32m02000 1[0m in 1.31s]
[0m03:24:51  712 of 1658 START sql table model sheetload.sheetload_maxmind_countries_source . [RUN]
[0m03:24:51  709 of 1658 OK created sql table model sheetload.sheetload_map_ramp_deals_source  [[32m02000 1[0m in 1.31s]
[0m03:24:51  711 of 1658 OK created sql table model sheetload.sheetload_marketo_lead_scores_source  [[32m02000 1[0m in 1.30s]
[0m03:24:51  710 of 1658 OK created sql table model sheetload.sheetload_mapping_sdr_sfdc_bamboohr_source  [[32m02000 1[0m in 1.30s]
[0m03:24:51  713 of 1658 START sql table model sheetload.sheetload_maxmind_ip_ranges_source . [RUN]
[0m03:24:51  714 of 1658 START sql table model sheetload.sheetload_multiple_delivery_types_per_month_charge_ids_source  [RUN]
[0m03:24:51  715 of 1658 START sql table model sheetload.sheetload_net_arr_net_iacv_conversion_factors_agg_source  [RUN]
[0m03:24:52  712 of 1658 OK created sql table model sheetload.sheetload_maxmind_countries_source  [[32m02000 1[0m in 1.31s]
[0m03:24:52  716 of 1658 START sql table model sheetload.sheetload_net_arr_net_iacv_conversion_factors_source  [RUN]
[0m03:24:53  714 of 1658 OK created sql table model sheetload.sheetload_multiple_delivery_types_per_month_charge_ids_source  [[32m02000 1[0m in 1.40s]
[0m03:24:53  713 of 1658 OK created sql table model sheetload.sheetload_maxmind_ip_ranges_source  [[32m02000 1[0m in 1.41s]
[0m03:24:53  715 of 1658 OK created sql table model sheetload.sheetload_net_arr_net_iacv_conversion_factors_agg_source  [[32m02000 1[0m in 1.31s]
[0m03:24:53  717 of 1658 START sql table model sheetload.sheetload_pagerslack_stats_source .. [RUN]
[0m03:24:53  718 of 1658 START sql table model sheetload.sheetload_partner_discount_summary_source  [RUN]
[0m03:24:53  719 of 1658 START sql table model sheetload.sheetload_people_budget_source ..... [RUN]
[0m03:24:53  716 of 1658 OK created sql table model sheetload.sheetload_net_arr_net_iacv_conversion_factors_source  [[32m02000 1[0m in 1.01s]
[0m03:24:53  720 of 1658 START sql table model sheetload.sheetload_percent_over_comp_band_historical_source  [RUN]
[0m03:24:53  719 of 1658 ERROR creating sql table model sheetload.sheetload_people_budget_source  [[31mERROR[0m in 0.07s]
[0m03:24:53  721 of 1658 START sql table model sheetload.sheetload_product_maturity_historical_source  [RUN]
[0m03:24:55  721 of 1658 OK created sql table model sheetload.sheetload_product_maturity_historical_source  [[32m02000 1[0m in 2.49s]
[0m03:24:55  722 of 1658 START sql table model sheetload.sheetload_sales_analytics_tableau_rls_roles_source  [RUN]
[0m03:24:56  718 of 1658 OK created sql table model sheetload.sheetload_partner_discount_summary_source  [[32m02000 1[0m in 2.57s]
[0m03:24:56  720 of 1658 OK created sql table model sheetload.sheetload_percent_over_comp_band_historical_source  [[32m02000 1[0m in 2.54s]
[0m03:24:56  717 of 1658 OK created sql table model sheetload.sheetload_pagerslack_stats_source  [[32m02000 1[0m in 2.57s]
[0m03:24:56  723 of 1658 START sql table model sheetload.sheetload_sales_analytics_tableau_rls_users_source  [RUN]
[0m03:24:56  724 of 1658 START sql table model sheetload.sheetload_sales_dev_role_hierarchy_source  [RUN]
[0m03:24:56  725 of 1658 START sql table model sheetload.sheetload_sales_dev_targets_fy25_sources  [RUN]
[0m03:24:58  723 of 1658 OK created sql table model sheetload.sheetload_sales_analytics_tableau_rls_users_source  [[32m02000 1[0m in 2.51s]
[0m03:24:58  725 of 1658 OK created sql table model sheetload.sheetload_sales_dev_targets_fy25_sources  [[32m02000 1[0m in 2.51s]
[0m03:24:58  726 of 1658 START sql table model sheetload.sheetload_sdr_bdr_metric_targets_source  [RUN]
[0m03:24:58  727 of 1658 START sql table model sheetload.sheetload_sisense_user_roles_source  [RUN]
[0m03:24:58  724 of 1658 OK created sql table model sheetload.sheetload_sales_dev_role_hierarchy_source  [[32m02000 1[0m in 2.52s]
[0m03:24:58  722 of 1658 OK created sql table model sheetload.sheetload_sales_analytics_tableau_rls_roles_source  [[32m02000 1[0m in 2.54s]
[0m03:24:58  728 of 1658 START sql table model sheetload.sheetload_sisense_users_source ..... [RUN]
[0m03:24:58  729 of 1658 START sql table model sheetload.sheetload_ta_team_assignment_source  [RUN]
[0m03:25:01  729 of 1658 OK created sql table model sheetload.sheetload_ta_team_assignment_source  [[32m02000 1[0m in 2.61s]
[0m03:25:01  730 of 1658 START sql table model sheetload.sheetload_team_health_data_source .. [RUN]
[0m03:25:01  727 of 1658 OK created sql table model sheetload.sheetload_sisense_user_roles_source  [[32m02000 1[0m in 2.63s]
[0m03:25:01  731 of 1658 START sql table model sheetload.sheetload_toy_marketing_handbook_source  [RUN]
[0m03:25:01  726 of 1658 OK created sql table model sheetload.sheetload_sdr_bdr_metric_targets_source  [[32m02000 1[0m in 2.64s]
[0m03:25:01  728 of 1658 OK created sql table model sheetload.sheetload_sisense_users_source  [[32m02000 1[0m in 2.62s]
[0m03:25:01  732 of 1658 START sql table model sheetload.sheetload_usage_ping_metrics_sections_source  [RUN]
[0m03:25:01  733 of 1658 START sql table model sheetload.sheetload_xactly_credit_source ..... [RUN]
[0m03:25:01  731 of 1658 ERROR creating sql table model sheetload.sheetload_toy_marketing_handbook_source  [[31mERROR[0m in 0.06s]
[0m03:25:01  734 of 1658 START sql table model sheetload.sheetload_youtube_views_gitlab_source  [RUN]
[0m03:25:02  733 of 1658 OK created sql table model sheetload.sheetload_xactly_credit_source  [[32m02000 1[0m in 1.19s]
[0m03:25:02  735 of 1658 START sql table model sheetload.sheetload_zero_dollar_subscription_to_paid_subscription_source  [RUN]
[0m03:25:02  732 of 1658 OK created sql table model sheetload.sheetload_usage_ping_metrics_sections_source  [[32m02000 1[0m in 1.30s]
[0m03:25:02  730 of 1658 OK created sql table model sheetload.sheetload_team_health_data_source  [[32m02000 1[0m in 1.33s]
[0m03:25:02  736 of 1658 START sql table model snowflake.snowflake_automatic_clustering_history_source  [RUN]
[0m03:25:02  737 of 1658 START sql table model snowflake.snowflake_contract_rates_source .... [RUN]
[0m03:25:03  736 of 1658 OK created sql table model snowflake.snowflake_automatic_clustering_history_source  [[32m02000 1[0m in 0.80s]
[0m03:25:03  738 of 1658 START sql table model snowflake.snowflake_databases_source ......... [RUN]
[0m03:25:03  735 of 1658 OK created sql table model sheetload.sheetload_zero_dollar_subscription_to_paid_subscription_source  [[32m02000 1[0m in 0.91s]
[0m03:25:03  734 of 1658 OK created sql table model sheetload.sheetload_youtube_views_gitlab_source  [[32m02000 1[0m in 2.07s]
[0m03:25:03  739 of 1658 START sql table model snowflake.snowflake_non_team_member_user_type_source  [RUN]
[0m03:25:03  740 of 1658 START sql incremental model snowflake.snowflake_query_history_source  [RUN]
[0m03:25:03  737 of 1658 OK created sql table model snowflake.snowflake_contract_rates_source  [[32m02000 1[0m in 1.36s]
[0m03:25:03  741 of 1658 START sql table model snowflake.snowflake_tables_source ............ [RUN]
[0m03:25:04  738 of 1658 OK created sql table model snowflake.snowflake_databases_source .... [[32m02000 1[0m in 1.07s]
[0m03:25:04  739 of 1658 OK created sql table model snowflake.snowflake_non_team_member_user_type_source  [[32m02000 1[0m in 1.06s]
[0m03:25:04  742 of 1658 START sql table model snowflake.snowflake_warehouse_metering_history_source  [RUN]
[0m03:25:04  743 of 1658 START sql table model legacy.snowplow_fishtown_bad_events_source ... [RUN]
[0m03:25:04  743 of 1658 ERROR creating sql table model legacy.snowplow_fishtown_bad_events_source  [[31mERROR[0m in 0.05s]
[0m03:25:04  744 of 1658 START sql table model legacy.snowplow_fishtown_good_events_sample_source  [RUN]
[0m03:25:04  744 of 1658 ERROR creating sql table model legacy.snowplow_fishtown_good_events_sample_source  [[31mERROR[0m in 0.03s]
[0m03:25:04  745 of 1658 START sql table model legacy.snowplow_gitlab_bad_events_source ..... [RUN]
[0m03:25:04  745 of 1658 ERROR creating sql table model legacy.snowplow_gitlab_bad_events_source  [[31mERROR[0m in 0.29s]
[0m03:25:04  746 of 1658 START sql table model legacy.snowplow_gitlab_good_events_sample_source  [RUN]
[0m03:25:05  741 of 1658 OK created sql table model snowflake.snowflake_tables_source ....... [[32m02000 1[0m in 1.39s]
[0m03:25:05  740 of 1658 OK created sql incremental model snowflake.snowflake_query_history_source  [[32m02000 1[0m in 1.95s]
[0m03:25:05  746 of 1658 ERROR creating sql table model legacy.snowplow_gitlab_good_events_sample_source  [[31mERROR[0m in 0.21s]
[0m03:25:05  747 of 1658 START sql table model legacy.snowplow_gitlab_good_events_source .... [RUN]
[0m03:25:05  748 of 1658 START sql table model workday.staffing_history_approved_source ..... [RUN]
[0m03:25:05  749 of 1658 START sql table model gainsight_customer_success.success_plan ...... [RUN]
[0m03:25:05  747 of 1658 ERROR creating sql table model legacy.snowplow_gitlab_good_events_source  [[31mERROR[0m in 0.30s]
[0m03:25:05  750 of 1658 START sql table model tableau_cloud.tableau_cloud_groups_source .... [RUN]
[0m03:25:05  742 of 1658 OK created sql table model snowflake.snowflake_warehouse_metering_history_source  [[32m02000 1[0m in 1.58s]
[0m03:25:05  751 of 1658 START sql table model tableau_cloud.tableau_cloud_site_content_source  [RUN]
[0m03:25:06  750 of 1658 OK created sql table model tableau_cloud.tableau_cloud_groups_source  [[32m02000 1[0m in 1.21s]
[0m03:25:06  749 of 1658 OK created sql table model gainsight_customer_success.success_plan . [[32m02000 1[0m in 1.50s]
[0m03:25:06  752 of 1658 START sql table model tableau_cloud.tableau_cloud_users_source ..... [RUN]
[0m03:25:06  753 of 1658 START sql table model tableau_fivetran.tableau_fivetran_data_source_source  [RUN]
[0m03:25:07  748 of 1658 OK created sql table model workday.staffing_history_approved_source  [[32m02000 1[0m in 2.44s]
[0m03:25:07  754 of 1658 START sql table model tableau_fivetran.tableau_fivetran_extract_refresh_task_source  [RUN]
[0m03:25:07  751 of 1658 OK created sql table model tableau_cloud.tableau_cloud_site_content_source  [[32m02000 1[0m in 1.84s]
[0m03:25:07  755 of 1658 START sql table model tableau_fivetran.tableau_fivetran_project_source  [RUN]
[0m03:25:08  753 of 1658 OK created sql table model tableau_fivetran.tableau_fivetran_data_source_source  [[32m02000 1[0m in 1.63s]
[0m03:25:08  752 of 1658 OK created sql table model tableau_cloud.tableau_cloud_users_source  [[32m02000 1[0m in 1.64s]
[0m03:25:08  756 of 1658 START sql table model tableau_fivetran.tableau_fivetran_workbook_source  [RUN]
[0m03:25:08  757 of 1658 START sql table model legacy.team_yaml_historical_counts ........... [RUN]
[0m03:25:09  755 of 1658 OK created sql table model tableau_fivetran.tableau_fivetran_project_source  [[32m02000 1[0m in 1.30s]
[0m03:25:09  754 of 1658 OK created sql table model tableau_fivetran.tableau_fivetran_extract_refresh_task_source  [[32m02000 1[0m in 1.32s]
[0m03:25:09  758 of 1658 START sql table model gitlab_data_yaml.team_yaml_source ............ [RUN]
[0m03:25:09  759 of 1658 START sql table model e2e_metrics.test_stats_e2e_source ............ [RUN]
[0m03:25:09  759 of 1658 ERROR creating sql table model e2e_metrics.test_stats_e2e_source ... [[31mERROR[0m in 0.13s]
[0m03:25:09  760 of 1658 START sql table model gitlab_data_yaml.usage_ping_metrics_source ... [RUN]
[0m03:25:09  757 of 1658 OK created sql table model legacy.team_yaml_historical_counts ...... [[32m02000 1[0m in 1.14s]
[0m03:25:09  761 of 1658 START sql table model gainsight_customer_success.user_sfdcgitlabproduction  [RUN]
[0m03:25:09  756 of 1658 OK created sql table model tableau_fivetran.tableau_fivetran_workbook_source  [[32m02000 1[0m in 1.24s]
[0m03:25:09  762 of 1658 START sql incremental model version_db.version_conversational_development_indices_source  [RUN]
[0m03:25:12  761 of 1658 OK created sql table model gainsight_customer_success.user_sfdcgitlabproduction  [[32m02000 1[0m in 2.93s]
[0m03:25:12  763 of 1658 START sql incremental model version_db.version_hosts_source ........ [RUN]
[0m03:25:12  762 of 1658 OK created sql incremental model version_db.version_conversational_development_indices_source  [[32m02000 1[0m in 2.87s]
[0m03:25:12  764 of 1658 START sql incremental model version_db.version_raw_usage_data_source  [RUN]
[0m03:25:12  758 of 1658 OK created sql table model gitlab_data_yaml.team_yaml_source ....... [[32m02000 1[0m in 3.57s]
[0m03:25:12  765 of 1658 START sql incremental model version_db.version_usage_ping_errors_source  [RUN]
[0m03:25:13  760 of 1658 ERROR creating sql table model gitlab_data_yaml.usage_ping_metrics_source  [[31mERROR[0m in 3.82s]
[0m03:25:13  766 of 1658 START sql incremental model version_db.version_usage_ping_metadata_source  [RUN]
[0m03:25:14  763 of 1658 OK created sql incremental model version_db.version_hosts_source ... [[32m02000 1[0m in 1.59s]
[0m03:25:14  765 of 1658 OK created sql incremental model version_db.version_usage_ping_errors_source  [[32m02000 1[0m in 1.50s]
[0m03:25:14  767 of 1658 START sql table model version_db.version_versions_source ........... [RUN]
[0m03:25:14  768 of 1658 START sql table model workday.workday_absence_source ............... [RUN]
[0m03:25:14  764 of 1658 OK created sql incremental model version_db.version_raw_usage_data_source  [[32m02000 1[0m in 1.58s]
[0m03:25:14  769 of 1658 START sql table model workday.workday_cost_centers_snapshots_source  [RUN]
[0m03:25:15  766 of 1658 OK created sql incremental model version_db.version_usage_ping_metadata_source  [[32m02000 1[0m in 2.02s]
[0m03:25:15  770 of 1658 START sql table model workday.workday_directory_source ............. [RUN]
[0m03:25:15  768 of 1658 OK created sql table model workday.workday_absence_source .......... [[32m02000 1[0m in 1.70s]
[0m03:25:15  771 of 1658 START sql table model workday.workday_employee_mapping_source ...... [RUN]
[0m03:25:15  769 of 1658 OK created sql table model workday.workday_cost_centers_snapshots_source  [[32m02000 1[0m in 1.72s]
[0m03:25:15  767 of 1658 OK created sql table model version_db.version_versions_source ...... [[32m02000 1[0m in 1.75s]
[0m03:25:15  772 of 1658 START sql table model workday.workday_hcm_job_family_job_profile_source  [RUN]
[0m03:25:15  773 of 1658 START sql table model workday.workday_hcm_job_family_source ........ [RUN]
[0m03:25:16  770 of 1658 OK created sql table model workday.workday_directory_source ........ [[32m02000 1[0m in 1.65s]
[0m03:25:16  774 of 1658 START sql table model workday.workday_hcm_job_profile_source ....... [RUN]
[0m03:25:17  772 of 1658 OK created sql table model workday.workday_hcm_job_family_job_profile_source  [[32m02000 1[0m in 1.41s]
[0m03:25:17  775 of 1658 START sql table model workday.workday_hcm_organization_hierarchy_detail_source  [RUN]
[0m03:25:17  773 of 1658 OK created sql table model workday.workday_hcm_job_family_source ... [[32m02000 1[0m in 1.42s]
[0m03:25:17  776 of 1658 START sql table model workday.workday_hcm_organization_source ...... [RUN]
[0m03:25:17  771 of 1658 OK created sql table model workday.workday_employee_mapping_source . [[32m02000 1[0m in 1.46s]
[0m03:25:17  777 of 1658 START sql table model workday.workday_hcm_person_name_source ....... [RUN]
[0m03:25:17  774 of 1658 OK created sql table model workday.workday_hcm_job_profile_source .. [[32m02000 1[0m in 1.24s]
[0m03:25:18  778 of 1658 START sql table model workday.workday_hcm_worker_source ............ [RUN]
[0m03:25:18  775 of 1658 OK created sql table model workday.workday_hcm_organization_hierarchy_detail_source  [[32m02000 1[0m in 1.54s]
[0m03:25:18  777 of 1658 OK created sql table model workday.workday_hcm_person_name_source .. [[32m02000 1[0m in 1.14s]
[0m03:25:18  776 of 1658 OK created sql table model workday.workday_hcm_organization_source . [[32m02000 1[0m in 1.54s]
[0m03:25:18  779 of 1658 START sql table model workday.workday_supervisory_organizations_source  [RUN]
[0m03:25:18  780 of 1658 START sql table model legacy.xactly_attainment_measure_criteria_source  [RUN]
[0m03:25:18  781 of 1658 START sql table model legacy.xactly_attainment_measure_source ...... [RUN]
[0m03:25:19  778 of 1658 OK created sql table model workday.workday_hcm_worker_source ....... [[32m02000 1[0m in 1.72s]
[0m03:25:19  782 of 1658 START sql table model legacy.xactly_commission_source .............. [RUN]
[0m03:25:20  781 of 1658 OK created sql table model legacy.xactly_attainment_measure_source . [[32m02000 1[0m in 1.41s]
[0m03:25:20  783 of 1658 START sql table model legacy.xactly_comp_order_item_detail_source .. [RUN]
[0m03:25:20  780 of 1658 OK created sql table model legacy.xactly_attainment_measure_criteria_source  [[32m02000 1[0m in 1.41s]
[0m03:25:20  779 of 1658 OK created sql table model workday.workday_supervisory_organizations_source  [[32m02000 1[0m in 1.42s]
[0m03:25:20  784 of 1658 START sql table model legacy.xactly_comp_order_item_source ......... [RUN]
[0m03:25:20  785 of 1658 START sql table model legacy.xactly_credit_adjustment_source ....... [RUN]
[0m03:25:21  782 of 1658 OK created sql table model legacy.xactly_commission_source ......... [[32m02000 1[0m in 1.52s]
[0m03:25:21  786 of 1658 START sql table model legacy.xactly_credit_held_source ............. [RUN]
[0m03:25:21  785 of 1658 OK created sql table model legacy.xactly_credit_adjustment_source .. [[32m02000 1[0m in 1.40s]
[0m03:25:21  787 of 1658 START sql table model legacy.xactly_credit_source .................. [RUN]
[0m03:25:21  783 of 1658 OK created sql table model legacy.xactly_comp_order_item_detail_source  [[32m02000 1[0m in 1.51s]
[0m03:25:21  784 of 1658 OK created sql table model legacy.xactly_comp_order_item_source .... [[32m02000 1[0m in 1.51s]
[0m03:25:21  788 of 1658 START sql table model legacy.xactly_credit_totals_source ........... [RUN]
[0m03:25:21  789 of 1658 START sql table model legacy.xactly_credit_type_source ............. [RUN]
[0m03:25:22  786 of 1658 OK created sql table model legacy.xactly_credit_held_source ........ [[32m02000 1[0m in 1.61s]
[0m03:25:22  787 of 1658 OK created sql table model legacy.xactly_credit_source ............. [[32m02000 1[0m in 1.11s]
[0m03:25:22  790 of 1658 START sql table model legacy.xactly_participant_source ............. [RUN]
[0m03:25:22  791 of 1658 START sql table model legacy.xactly_period_source .................. [RUN]
[0m03:25:22  789 of 1658 OK created sql table model legacy.xactly_credit_type_source ........ [[32m02000 1[0m in 1.11s]
[0m03:25:22  792 of 1658 START sql table model legacy.xactly_period_type_source ............. [RUN]
[0m03:25:23  788 of 1658 OK created sql table model legacy.xactly_credit_totals_source ...... [[32m02000 1[0m in 1.91s]
[0m03:25:23  793 of 1658 START sql table model legacy.xactly_plan_approval_source ........... [RUN]
[0m03:25:25  792 of 1658 OK created sql table model legacy.xactly_period_type_source ........ [[32m02000 1[0m in 2.25s]
[0m03:25:25  791 of 1658 OK created sql table model legacy.xactly_period_source ............. [[32m02000 1[0m in 2.37s]
[0m03:25:25  790 of 1658 OK created sql table model legacy.xactly_participant_source ........ [[32m02000 1[0m in 2.60s]
[0m03:25:25  793 of 1658 OK created sql table model legacy.xactly_plan_approval_source ...... [[32m02000 1[0m in 1.70s]
[0m03:25:25  794 of 1658 START sql table model legacy.xactly_plan_assignment_source ......... [RUN]
[0m03:25:25  795 of 1658 START sql table model legacy.xactly_plan_source .................... [RUN]
[0m03:25:25  796 of 1658 START sql table model legacy.xactly_planrules_source ............... [RUN]
[0m03:25:25  797 of 1658 START sql table model legacy.xactly_pos_hierarchy_hist_source ...... [RUN]
[0m03:25:28  795 of 1658 OK created sql table model legacy.xactly_plan_source ............... [[32m02000 1[0m in 2.64s]
[0m03:25:28  798 of 1658 START sql table model legacy.xactly_pos_hierarchy_source ........... [RUN]
[0m03:25:28  797 of 1658 OK created sql table model legacy.xactly_pos_hierarchy_hist_source . [[32m02000 1[0m in 2.64s]
[0m03:25:28  794 of 1658 OK created sql table model legacy.xactly_plan_assignment_source .... [[32m02000 1[0m in 2.65s]
[0m03:25:28  796 of 1658 OK created sql table model legacy.xactly_planrules_source .......... [[32m02000 1[0m in 2.65s]
[0m03:25:28  799 of 1658 START sql table model legacy.xactly_pos_hierarchy_type_hist_source . [RUN]
[0m03:25:28  800 of 1658 START sql table model legacy.xactly_pos_hierarchy_type_source ...... [RUN]
[0m03:25:28  801 of 1658 START sql table model legacy.xactly_pos_part_assignment_hist_source  [RUN]
[0m03:25:30  799 of 1658 OK created sql table model legacy.xactly_pos_hierarchy_type_hist_source  [[32m02000 1[0m in 2.62s]
[0m03:25:30  802 of 1658 START sql table model legacy.xactly_pos_part_assignment_source ..... [RUN]
[0m03:25:30  800 of 1658 OK created sql table model legacy.xactly_pos_hierarchy_type_source . [[32m02000 1[0m in 2.62s]
[0m03:25:30  801 of 1658 OK created sql table model legacy.xactly_pos_part_assignment_hist_source  [[32m02000 1[0m in 2.62s]
[0m03:25:30  798 of 1658 OK created sql table model legacy.xactly_pos_hierarchy_source ...... [[32m02000 1[0m in 2.64s]
[0m03:25:30  803 of 1658 START sql table model legacy.xactly_pos_rel_type_hist_source ....... [RUN]
[0m03:25:30  804 of 1658 START sql table model legacy.xactly_pos_rel_type_source ............ [RUN]
[0m03:25:30  805 of 1658 START sql table model legacy.xactly_pos_relations_hist_source ...... [RUN]
[0m03:25:33  804 of 1658 OK created sql table model legacy.xactly_pos_rel_type_source ....... [[32m02000 1[0m in 2.61s]
[0m03:25:33  806 of 1658 START sql table model legacy.xactly_pos_relations_source ........... [RUN]
[0m03:25:33  802 of 1658 OK created sql table model legacy.xactly_pos_part_assignment_source  [[32m02000 1[0m in 2.63s]
[0m03:25:33  805 of 1658 OK created sql table model legacy.xactly_pos_relations_hist_source . [[32m02000 1[0m in 2.62s]
[0m03:25:33  803 of 1658 OK created sql table model legacy.xactly_pos_rel_type_hist_source .. [[32m02000 1[0m in 2.62s]
[0m03:25:33  807 of 1658 START sql table model legacy.xactly_pos_title_assignment_hist_source  [RUN]
[0m03:25:33  808 of 1658 START sql table model legacy.xactly_pos_title_assignment_source .... [RUN]
[0m03:25:33  809 of 1658 START sql table model legacy.xactly_position_hist_source ........... [RUN]
[0m03:25:35  806 of 1658 OK created sql table model legacy.xactly_pos_relations_source ...... [[32m02000 1[0m in 2.13s]
[0m03:25:35  810 of 1658 START sql table model legacy.xactly_position_source ................ [RUN]
[0m03:25:36  807 of 1658 OK created sql table model legacy.xactly_pos_title_assignment_hist_source  [[32m02000 1[0m in 3.07s]
[0m03:25:36  808 of 1658 OK created sql table model legacy.xactly_pos_title_assignment_source  [[32m02000 1[0m in 3.08s]
[0m03:25:36  809 of 1658 OK created sql table model legacy.xactly_position_hist_source ...... [[32m02000 1[0m in 3.08s]
[0m03:25:36  811 of 1658 START sql table model legacy.xactly_quota_assignment_hist_source ... [RUN]
[0m03:25:36  812 of 1658 START sql table model legacy.xactly_quota_assignment_source ........ [RUN]
[0m03:25:36  813 of 1658 START sql table model legacy.xactly_quota_hist_source .............. [RUN]
[0m03:25:38  810 of 1658 OK created sql table model legacy.xactly_position_source ........... [[32m02000 1[0m in 2.73s]
[0m03:25:38  814 of 1658 START sql table model legacy.xactly_quota_relationship_source ...... [RUN]
[0m03:25:39  813 of 1658 OK created sql table model legacy.xactly_quota_hist_source ......... [[32m02000 1[0m in 2.62s]
[0m03:25:39  812 of 1658 OK created sql table model legacy.xactly_quota_assignment_source ... [[32m02000 1[0m in 2.63s]
[0m03:25:39  815 of 1658 START sql table model legacy.xactly_quota_source ................... [RUN]
[0m03:25:39  811 of 1658 OK created sql table model legacy.xactly_quota_assignment_hist_source  [[32m02000 1[0m in 2.63s]
[0m03:25:39  816 of 1658 START sql table model legacy.xactly_quota_totals_source ............ [RUN]
[0m03:25:39  817 of 1658 START sql table model legacy.xactly_role_source .................... [RUN]
[0m03:25:40  814 of 1658 OK created sql table model legacy.xactly_quota_relationship_source . [[32m02000 1[0m in 2.53s]
[0m03:25:40  818 of 1658 START sql table model legacy.xactly_rule_source .................... [RUN]
[0m03:25:41  815 of 1658 OK created sql table model legacy.xactly_quota_source .............. [[32m02000 1[0m in 2.52s]
[0m03:25:41  819 of 1658 START sql table model legacy.xactly_user_source .................... [RUN]
[0m03:25:42  816 of 1658 OK created sql table model legacy.xactly_quota_totals_source ....... [[32m02000 1[0m in 2.62s]
[0m03:25:42  817 of 1658 OK created sql table model legacy.xactly_role_source ............... [[32m02000 1[0m in 2.62s]
[0m03:25:42  820 of 1658 START sql table model zendesk.zendesk_group_memberships_source ..... [RUN]
[0m03:25:42  821 of 1658 START sql table model zendesk.zendesk_groups_source ................ [RUN]
[0m03:25:42  820 of 1658 ERROR creating sql table model zendesk.zendesk_group_memberships_source  [[31mERROR[0m in 0.05s]
[0m03:25:42  822 of 1658 START sql table model zendesk.zendesk_macros_source ................ [RUN]
[0m03:25:43  818 of 1658 OK created sql table model legacy.xactly_rule_source ............... [[32m02000 1[0m in 2.33s]
[0m03:25:43  819 of 1658 OK created sql table model legacy.xactly_user_source ............... [[32m02000 1[0m in 1.12s]
[0m03:25:43  823 of 1658 START sql table model zendesk.zendesk_satisfaction_ratings_source .. [RUN]
[0m03:25:43  824 of 1658 START sql table model zendesk.zendesk_sla_policies_source .......... [RUN]
[0m03:25:43  822 of 1658 OK created sql table model zendesk.zendesk_macros_source ........... [[32m02000 1[0m in 1.64s]
[0m03:25:43  821 of 1658 OK created sql table model zendesk.zendesk_groups_source ........... [[32m02000 1[0m in 1.69s]
[0m03:25:43  825 of 1658 START sql table model zendesk.zendesk_tags_source .................. [RUN]
[0m03:25:43  826 of 1658 START sql incremental model zendesk.zendesk_ticket_audits_dedupe_source  [RUN]
[0m03:25:44  823 of 1658 OK created sql table model zendesk.zendesk_satisfaction_ratings_source  [[32m02000 1[0m in 1.59s]
[0m03:25:44  827 of 1658 START sql table model sensitive.zendesk_ticket_comments_source ..... [RUN]
[0m03:25:44  827 of 1658 ERROR creating sql table model sensitive.zendesk_ticket_comments_source  [[31mERROR[0m in 0.05s]
[0m03:25:44  828 of 1658 START sql table model zendesk.zendesk_ticket_fields_source ......... [RUN]
[0m03:25:45  825 of 1658 OK created sql table model zendesk.zendesk_tags_source ............. [[32m02000 1[0m in 1.41s]
[0m03:25:45  829 of 1658 START sql table model zendesk.zendesk_ticket_forms_source .......... [RUN]
[0m03:25:45  829 of 1658 ERROR creating sql table model zendesk.zendesk_ticket_forms_source . [[31mERROR[0m in 0.05s]
[0m03:25:45  830 of 1658 START sql incremental model zendesk.zendesk_tickets_dedupe_source .. [RUN]
[0m03:25:45  826 of 1658 OK created sql incremental model zendesk.zendesk_ticket_audits_dedupe_source  [[32m02000 1[0m in 1.72s]
[0m03:25:45  831 of 1658 START sql table model zendesk.zendesk_users_masked_source .......... [RUN]
[0m03:25:45  824 of 1658 OK created sql table model zendesk.zendesk_sla_policies_source ..... [[32m02000 1[0m in 2.43s]
[0m03:25:45  832 of 1658 START sql view model zengrc.zengrc_objective_source ................ [RUN]
[0m03:25:45  832 of 1658 OK created sql view model zengrc.zengrc_objective_source ........... [[32m02000 1[0m in 0.04s]
[0m03:25:45  833 of 1658 START sql view model zengrc.zengrc_risk_source ..................... [RUN]
[0m03:25:45  833 of 1658 OK created sql view model zengrc.zengrc_risk_source ................ [[32m02000 1[0m in 0.35s]
[0m03:25:45  834 of 1658 START sql table model zuora.zuora_accounting_period_source ......... [RUN]
[0m03:25:46  828 of 1658 OK created sql table model zendesk.zendesk_ticket_fields_source .... [[32m02000 1[0m in 1.50s]
[0m03:25:46  835 of 1658 START sql table model legacy.zuora_amendment_snapshots_source ...... [RUN]
[0m03:25:46  830 of 1658 OK created sql incremental model zendesk.zendesk_tickets_dedupe_source  [[32m02000 1[0m in 1.42s]
[0m03:25:46  836 of 1658 START sql table model zuora.zuora_amendment_source ................. [RUN]
[0m03:25:47  831 of 1658 OK created sql table model zendesk.zendesk_users_masked_source ..... [[32m02000 1[0m in 1.48s]
[0m03:25:47  837 of 1658 START sql table model zuora_api_sandbox.zuora_api_sandbox_accounting_period_source  [RUN]
[0m03:25:47  835 of 1658 OK created sql table model legacy.zuora_amendment_snapshots_source . [[32m02000 1[0m in 1.16s]
[0m03:25:47  838 of 1658 START sql table model zuora_api_sandbox.zuora_api_sandbox_amendment_source  [RUN]
[0m03:25:47  834 of 1658 OK created sql table model zuora.zuora_accounting_period_source .... [[32m02000 1[0m in 1.48s]
[0m03:25:47  839 of 1658 START sql table model zuora_api_sandbox.zuora_api_sandbox_contact_source  [RUN]
[0m03:25:48  836 of 1658 OK created sql table model zuora.zuora_amendment_source ............ [[32m02000 1[0m in 1.54s]
[0m03:25:48  840 of 1658 START sql table model zuora_api_sandbox.zuora_api_sandbox_invoice_item_source  [RUN]
[0m03:25:48  837 of 1658 OK created sql table model zuora_api_sandbox.zuora_api_sandbox_accounting_period_source  [[32m02000 1[0m in 1.42s]
[0m03:25:48  838 of 1658 OK created sql table model zuora_api_sandbox.zuora_api_sandbox_amendment_source  [[32m02000 1[0m in 1.40s]
[0m03:25:48  841 of 1658 START sql table model zuora_api_sandbox.zuora_api_sandbox_invoice_payment_source  [RUN]
[0m03:25:48  839 of 1658 OK created sql table model zuora_api_sandbox.zuora_api_sandbox_contact_source  [[32m02000 1[0m in 1.39s]
[0m03:25:48  842 of 1658 START sql table model zuora_api_sandbox.zuora_api_sandbox_invoice_source  [RUN]
[0m03:25:48  843 of 1658 START sql table model zuora_api_sandbox.zuora_api_sandbox_order_action_source  [RUN]
[0m03:25:49  840 of 1658 OK created sql table model zuora_api_sandbox.zuora_api_sandbox_invoice_item_source  [[32m02000 1[0m in 1.41s]
[0m03:25:49  844 of 1658 START sql table model zuora_api_sandbox.zuora_api_sandbox_product_rate_plan_charge_source  [RUN]
[0m03:25:50  842 of 1658 OK created sql table model zuora_api_sandbox.zuora_api_sandbox_invoice_source  [[32m02000 1[0m in 1.40s]
[0m03:25:50  843 of 1658 OK created sql table model zuora_api_sandbox.zuora_api_sandbox_order_action_source  [[32m02000 1[0m in 1.40s]
[0m03:25:50  841 of 1658 OK created sql table model zuora_api_sandbox.zuora_api_sandbox_invoice_payment_source  [[32m02000 1[0m in 1.41s]
[0m03:25:50  845 of 1658 START sql table model zuora_api_sandbox.zuora_api_sandbox_product_rate_plan_charge_tier_source  [RUN]
[0m03:25:50  846 of 1658 START sql table model zuora_api_sandbox.zuora_api_sandbox_product_rate_plan_source  [RUN]
[0m03:25:50  847 of 1658 START sql table model zuora_api_sandbox.zuora_api_sandbox_product_source  [RUN]
[0m03:25:51  844 of 1658 OK created sql table model zuora_api_sandbox.zuora_api_sandbox_product_rate_plan_charge_source  [[32m02000 1[0m in 1.42s]
[0m03:25:51  848 of 1658 START sql table model zuora_api_sandbox.zuora_api_sandbox_rate_plan_charge_source  [RUN]
[0m03:25:51  847 of 1658 OK created sql table model zuora_api_sandbox.zuora_api_sandbox_product_source  [[32m02000 1[0m in 1.50s]
[0m03:25:51  849 of 1658 START sql table model zuora_api_sandbox.zuora_api_sandbox_rate_plan_charge_tier_source  [RUN]
[0m03:25:51  845 of 1658 OK created sql table model zuora_api_sandbox.zuora_api_sandbox_product_rate_plan_charge_tier_source  [[32m02000 1[0m in 1.51s]
[0m03:25:51  846 of 1658 OK created sql table model zuora_api_sandbox.zuora_api_sandbox_product_rate_plan_source  [[32m02000 1[0m in 1.51s]
[0m03:25:51  850 of 1658 START sql table model zuora_api_sandbox.zuora_api_sandbox_refund_source  [RUN]
[0m03:25:51  851 of 1658 START sql table model zuora_api_sandbox.zuora_api_sandbox_revenue_schedule_item_source  [RUN]
[0m03:25:52  848 of 1658 OK created sql table model zuora_api_sandbox.zuora_api_sandbox_rate_plan_charge_source  [[32m02000 1[0m in 1.51s]
[0m03:25:52  852 of 1658 START sql view model zuora.zuora_booking_transaction_source ........ [RUN]
[0m03:25:52  852 of 1658 OK created sql view model zuora.zuora_booking_transaction_source ... [[32m02000 1[0m in 0.05s]
[0m03:25:52  853 of 1658 START sql table model zuora_central_sandbox.zuora_central_sandbox_accounting_period_source  [RUN]
[0m03:25:53  850 of 1658 OK created sql table model zuora_api_sandbox.zuora_api_sandbox_refund_source  [[32m02000 1[0m in 1.50s]
[0m03:25:53  849 of 1658 OK created sql table model zuora_api_sandbox.zuora_api_sandbox_rate_plan_charge_tier_source  [[32m02000 1[0m in 1.52s]
[0m03:25:53  851 of 1658 OK created sql table model zuora_api_sandbox.zuora_api_sandbox_revenue_schedule_item_source  [[32m02000 1[0m in 1.50s]
[0m03:25:53  854 of 1658 START sql table model zuora_central_sandbox.zuora_central_sandbox_amendment_source  [RUN]
[0m03:25:53  855 of 1658 START sql table model zuora_central_sandbox.zuora_central_sandbox_contact_source  [RUN]
[0m03:25:53  856 of 1658 START sql table model zuora_central_sandbox.zuora_central_sandbox_invoice_item_source  [RUN]
[0m03:25:54  853 of 1658 OK created sql table model zuora_central_sandbox.zuora_central_sandbox_accounting_period_source  [[32m02000 1[0m in 1.47s]
[0m03:25:54  857 of 1658 START sql table model zuora_central_sandbox.zuora_central_sandbox_invoice_payment_source  [RUN]
[0m03:25:54  854 of 1658 OK created sql table model zuora_central_sandbox.zuora_central_sandbox_amendment_source  [[32m02000 1[0m in 1.41s]
[0m03:25:54  855 of 1658 OK created sql table model zuora_central_sandbox.zuora_central_sandbox_contact_source  [[32m02000 1[0m in 1.41s]
[0m03:25:54  856 of 1658 OK created sql table model zuora_central_sandbox.zuora_central_sandbox_invoice_item_source  [[32m02000 1[0m in 1.41s]
[0m03:25:54  858 of 1658 START sql table model zuora_central_sandbox.zuora_central_sandbox_invoice_source  [RUN]
[0m03:25:54  859 of 1658 START sql table model zuora_central_sandbox.zuora_central_sandbox_order_action_source  [RUN]
[0m03:25:54  860 of 1658 START sql table model zuora_central_sandbox.zuora_central_sandbox_order_source  [RUN]
[0m03:25:55  857 of 1658 OK created sql table model zuora_central_sandbox.zuora_central_sandbox_invoice_payment_source  [[32m02000 1[0m in 1.41s]
[0m03:25:55  861 of 1658 START sql table model zuora_central_sandbox.zuora_central_sandbox_product_rate_plan_charge_source  [RUN]
[0m03:25:56  860 of 1658 OK created sql table model zuora_central_sandbox.zuora_central_sandbox_order_source  [[32m02000 1[0m in 1.39s]
[0m03:25:56  858 of 1658 OK created sql table model zuora_central_sandbox.zuora_central_sandbox_invoice_source  [[32m02000 1[0m in 1.40s]
[0m03:25:56  859 of 1658 OK created sql table model zuora_central_sandbox.zuora_central_sandbox_order_action_source  [[32m02000 1[0m in 1.41s]
[0m03:25:56  862 of 1658 START sql table model zuora_central_sandbox.zuora_central_sandbox_product_rate_plan_charge_tier_source  [RUN]
[0m03:25:56  863 of 1658 START sql table model zuora_central_sandbox.zuora_central_sandbox_product_rate_plan_source  [RUN]
[0m03:25:56  864 of 1658 START sql table model zuora_central_sandbox.zuora_central_sandbox_product_source  [RUN]
[0m03:25:56  861 of 1658 OK created sql table model zuora_central_sandbox.zuora_central_sandbox_product_rate_plan_charge_source  [[32m02000 1[0m in 1.41s]
[0m03:25:56  865 of 1658 START sql table model zuora_central_sandbox.zuora_central_sandbox_rate_plan_charge_source  [RUN]
[0m03:25:57  864 of 1658 OK created sql table model zuora_central_sandbox.zuora_central_sandbox_product_source  [[32m02000 1[0m in 1.40s]
[0m03:25:57  866 of 1658 START sql table model zuora_central_sandbox.zuora_central_sandbox_rate_plan_charge_tier_source  [RUN]
[0m03:25:57  863 of 1658 OK created sql table model zuora_central_sandbox.zuora_central_sandbox_product_rate_plan_source  [[32m02000 1[0m in 1.41s]
[0m03:25:57  862 of 1658 OK created sql table model zuora_central_sandbox.zuora_central_sandbox_product_rate_plan_charge_tier_source  [[32m02000 1[0m in 1.41s]
[0m03:25:57  867 of 1658 START sql table model zuora_central_sandbox.zuora_central_sandbox_rate_plan_source  [RUN]
[0m03:25:57  868 of 1658 START sql table model zuora_central_sandbox.zuora_central_sandbox_refund_source  [RUN]
[0m03:25:58  865 of 1658 OK created sql table model zuora_central_sandbox.zuora_central_sandbox_rate_plan_charge_source  [[32m02000 1[0m in 1.11s]
[0m03:25:58  869 of 1658 START sql table model zuora_central_sandbox.zuora_central_sandbox_revenue_schedule_item_source  [RUN]
[0m03:25:58  866 of 1658 OK created sql table model zuora_central_sandbox.zuora_central_sandbox_rate_plan_charge_tier_source  [[32m02000 1[0m in 1.11s]
[0m03:25:58  870 of 1658 START sql table model legacy.zuora_contact_snapshots_source ........ [RUN]
[0m03:25:59  867 of 1658 OK created sql table model zuora_central_sandbox.zuora_central_sandbox_rate_plan_source  [[32m02000 1[0m in 1.30s]
[0m03:25:59  871 of 1658 START sql table model zuora.zuora_contact_source ................... [RUN]
[0m03:25:59  868 of 1658 OK created sql table model zuora_central_sandbox.zuora_central_sandbox_refund_source  [[32m02000 1[0m in 1.68s]
[0m03:25:59  872 of 1658 START sql view model zuora.zuora_credit_balance_adjustment_source .. [RUN]
[0m03:25:59  872 of 1658 OK created sql view model zuora.zuora_credit_balance_adjustment_source  [[32m02000 1[0m in 0.04s]
[0m03:25:59  873 of 1658 START sql table model zuora.zuora_discount_applied_metrics_source .. [RUN]
[0m03:25:59  869 of 1658 OK created sql table model zuora_central_sandbox.zuora_central_sandbox_revenue_schedule_item_source  [[32m02000 1[0m in 1.83s]
[0m03:25:59  874 of 1658 START sql view model zuora.zuora_invoice_item_adjustment_source .... [RUN]
[0m03:25:59  874 of 1658 OK created sql view model zuora.zuora_invoice_item_adjustment_source  [[32m02000 1[0m in 0.04s]
[0m03:25:59  875 of 1658 START sql table model legacy.zuora_invoice_item_snapshots_source ... [RUN]
[0m03:26:00  870 of 1658 OK created sql table model legacy.zuora_contact_snapshots_source ... [[32m02000 1[0m in 1.66s]
[0m03:26:00  876 of 1658 START sql table model zuora.zuora_invoice_item_source .............. [RUN]
[0m03:26:00  871 of 1658 OK created sql table model zuora.zuora_contact_source .............. [[32m02000 1[0m in 1.50s]
[0m03:26:00  877 of 1658 START sql table model zuora.zuora_invoice_payment_source ........... [RUN]
[0m03:26:01  873 of 1658 OK created sql table model zuora.zuora_discount_applied_metrics_source  [[32m02000 1[0m in 1.44s]
[0m03:26:01  878 of 1658 START sql table model legacy.zuora_invoice_snapshots_source ........ [RUN]
[0m03:26:01  875 of 1658 OK created sql table model legacy.zuora_invoice_item_snapshots_source  [[32m02000 1[0m in 1.65s]
[0m03:26:01  879 of 1658 START sql table model zuora.zuora_invoice_source ................... [RUN]
[0m03:26:01  876 of 1658 OK created sql table model zuora.zuora_invoice_item_source ......... [[32m02000 1[0m in 1.53s]
[0m03:26:01  880 of 1658 START sql table model zuora_order.zuora_order_action_source ........ [RUN]
[0m03:26:02  877 of 1658 OK created sql table model zuora.zuora_invoice_payment_source ...... [[32m02000 1[0m in 1.62s]
[0m03:26:02  881 of 1658 START sql table model zuora.zuora_payment_method_source ............ [RUN]
[0m03:26:02  878 of 1658 OK created sql table model legacy.zuora_invoice_snapshots_source ... [[32m02000 1[0m in 1.63s]
[0m03:26:02  882 of 1658 START sql view model zuora.zuora_payment_source .................... [RUN]
[0m03:26:02  882 of 1658 OK created sql view model zuora.zuora_payment_source ............... [[32m02000 1[0m in 0.04s]
[0m03:26:02  883 of 1658 START sql table model legacy.zuora_product_rate_plan_charge_snapshots_source  [RUN]
[0m03:26:03  879 of 1658 OK created sql table model zuora.zuora_invoice_source .............. [[32m02000 1[0m in 1.44s]
[0m03:26:03  884 of 1658 START sql table model zuora.zuora_product_rate_plan_charge_source .. [RUN]
[0m03:26:03  880 of 1658 OK created sql table model zuora_order.zuora_order_action_source ... [[32m02000 1[0m in 1.65s]
[0m03:26:03  885 of 1658 START sql table model legacy.zuora_product_rate_plan_charge_tier_snapshots_source  [RUN]
[0m03:26:03  881 of 1658 OK created sql table model zuora.zuora_payment_method_source ....... [[32m02000 1[0m in 1.45s]
[0m03:26:03  886 of 1658 START sql table model zuora.zuora_product_rate_plan_charge_tier_source  [RUN]
[0m03:26:04  883 of 1658 OK created sql table model legacy.zuora_product_rate_plan_charge_snapshots_source  [[32m02000 1[0m in 1.52s]
[0m03:26:04  887 of 1658 START sql table model legacy.zuora_product_rate_plan_snapshots_source  [RUN]
[0m03:26:04  884 of 1658 OK created sql table model zuora.zuora_product_rate_plan_charge_source  [[32m02000 1[0m in 1.55s]
[0m03:26:04  888 of 1658 START sql table model zuora.zuora_product_rate_plan_source ......... [RUN]
[0m03:26:04  885 of 1658 OK created sql table model legacy.zuora_product_rate_plan_charge_tier_snapshots_source  [[32m02000 1[0m in 1.16s]
[0m03:26:04  889 of 1658 START sql table model legacy.zuora_product_snapshots_source ........ [RUN]
[0m03:26:05  887 of 1658 OK created sql table model legacy.zuora_product_rate_plan_snapshots_source  [[32m02000 1[0m in 1.38s]
[0m03:26:05  886 of 1658 OK created sql table model zuora.zuora_product_rate_plan_charge_tier_source  [[32m02000 1[0m in 1.88s]
[0m03:26:05  890 of 1658 START sql table model zuora.zuora_product_source ................... [RUN]
[0m03:26:05  891 of 1658 START sql table model restricted_safe_legacy.zuora_rate_plan_charge_snapshots_source  [RUN]
[0m03:26:05  889 of 1658 OK created sql table model legacy.zuora_product_snapshots_source ... [[32m02000 1[0m in 1.09s]
[0m03:26:05  892 of 1658 START sql table model zuora.zuora_rate_plan_charge_source .......... [RUN]
[0m03:26:06  888 of 1658 OK created sql table model zuora.zuora_product_rate_plan_source .... [[32m02000 1[0m in 1.60s]
[0m03:26:06  893 of 1658 START sql table model zuora.zuora_rate_plan_charge_tier_source ..... [RUN]
[0m03:26:07  891 of 1658 OK created sql table model restricted_safe_legacy.zuora_rate_plan_charge_snapshots_source  [[32m02000 1[0m in 1.64s]
[0m03:26:07  894 of 1658 START sql table model restricted_safe_legacy.zuora_rate_plan_snapshots_source  [RUN]
[0m03:26:07  890 of 1658 OK created sql table model zuora.zuora_product_source .............. [[32m02000 1[0m in 1.65s]
[0m03:26:07  892 of 1658 OK created sql table model zuora.zuora_rate_plan_charge_source ..... [[32m02000 1[0m in 1.55s]
[0m03:26:07  895 of 1658 START sql table model zuora.zuora_rate_plan_source ................. [RUN]
[0m03:26:07  896 of 1658 START sql view model zuora.zuora_refund_invoice_payment_source ..... [RUN]
[0m03:26:07  896 of 1658 OK created sql view model zuora.zuora_refund_invoice_payment_source  [[32m02000 1[0m in 0.06s]
[0m03:26:07  897 of 1658 START sql table model legacy.zuora_refund_snapshots_source ......... [RUN]
[0m03:26:07  893 of 1658 OK created sql table model zuora.zuora_rate_plan_charge_tier_source  [[32m02000 1[0m in 1.75s]
[0m03:26:07  898 of 1658 START sql table model zuora.zuora_refund_source .................... [RUN]
[0m03:26:08  894 of 1658 OK created sql table model restricted_safe_legacy.zuora_rate_plan_snapshots_source  [[32m02000 1[0m in 1.20s]
[0m03:26:08  899 of 1658 START sql table model zuora_revenue.zuora_revenue_accounting_type_source  [RUN]
[0m03:26:08  895 of 1658 OK created sql table model zuora.zuora_rate_plan_source ............ [[32m02000 1[0m in 1.30s]
[0m03:26:08  900 of 1658 START sql table model zuora_revenue.zuora_revenue_approval_detail_source  [RUN]
[0m03:26:09  897 of 1658 OK created sql table model legacy.zuora_refund_snapshots_source .... [[32m02000 1[0m in 1.85s]
[0m03:26:09  898 of 1658 OK created sql table model zuora.zuora_refund_source ............... [[32m02000 1[0m in 1.69s]
[0m03:26:09  901 of 1658 START sql table model zuora_revenue.zuora_revenue_book_source ...... [RUN]
[0m03:26:09  902 of 1658 START sql table model zuora_revenue.zuora_revenue_calendar_source .. [RUN]
[0m03:26:10  899 of 1658 OK created sql table model zuora_revenue.zuora_revenue_accounting_type_source  [[32m02000 1[0m in 1.79s]
[0m03:26:10  900 of 1658 OK created sql table model zuora_revenue.zuora_revenue_approval_detail_source  [[32m02000 1[0m in 1.69s]
[0m03:26:10  903 of 1658 START sql table model zuora_revenue.zuora_revenue_manual_journal_entry_source  [RUN]
[0m03:26:10  904 of 1658 START sql table model zuora_revenue.zuora_revenue_organization_source  [RUN]
[0m03:26:10  901 of 1658 OK created sql table model zuora_revenue.zuora_revenue_book_source . [[32m02000 1[0m in 1.22s]
[0m03:26:10  902 of 1658 OK created sql table model zuora_revenue.zuora_revenue_calendar_source  [[32m02000 1[0m in 1.22s]
[0m03:26:10  905 of 1658 START sql table model zuora_revenue.zuora_revenue_revenue_contract_bill_source  [RUN]
[0m03:26:10  906 of 1658 START sql table model zuora_revenue.zuora_revenue_revenue_contract_header_source  [RUN]
[0m03:26:11  904 of 1658 OK created sql table model zuora_revenue.zuora_revenue_organization_source  [[32m02000 1[0m in 1.65s]
[0m03:26:11  903 of 1658 OK created sql table model zuora_revenue.zuora_revenue_manual_journal_entry_source  [[32m02000 1[0m in 1.66s]
[0m03:26:11  907 of 1658 START sql table model zuora_revenue.zuora_revenue_revenue_contract_hold_source  [RUN]
[0m03:26:11  908 of 1658 START sql table model zuora_revenue.zuora_revenue_revenue_contract_line_source  [RUN]
[0m03:26:12  905 of 1658 OK created sql table model zuora_revenue.zuora_revenue_revenue_contract_bill_source  [[32m02000 1[0m in 1.34s]
[0m03:26:12  909 of 1658 START sql table model zuora_revenue.zuora_revenue_revenue_contract_performance_obligation_source  [RUN]
[0m03:26:13  907 of 1658 OK created sql table model zuora_revenue.zuora_revenue_revenue_contract_hold_source  [[32m02000 1[0m in 1.11s]
[0m03:26:13  906 of 1658 OK created sql table model zuora_revenue.zuora_revenue_revenue_contract_header_source  [[32m02000 1[0m in 2.25s]
[0m03:26:13  910 of 1658 START sql table model zuora_revenue.zuora_revenue_revenue_contract_schedule_deleted_source  [RUN]
[0m03:26:13  911 of 1658 START sql table model zuora_revenue.zuora_revenue_revenue_contract_schedule_source  [RUN]
[0m03:26:13  908 of 1658 OK created sql table model zuora_revenue.zuora_revenue_revenue_contract_line_source  [[32m02000 1[0m in 1.20s]
[0m03:26:13  912 of 1658 START sql table model legacy.zuora_revenue_schedule_item_snapshots_source  [RUN]
[0m03:26:14  910 of 1658 OK created sql table model zuora_revenue.zuora_revenue_revenue_contract_schedule_deleted_source  [[32m02000 1[0m in 1.21s]
[0m03:26:14  909 of 1658 OK created sql table model zuora_revenue.zuora_revenue_revenue_contract_performance_obligation_source  [[32m02000 1[0m in 2.13s]
[0m03:26:14  913 of 1658 START sql table model zuora.zuora_revenue_schedule_item_source ..... [RUN]
[0m03:26:14  914 of 1658 START sql table model zuora_revenue.zuora_revenue_waterfall_source . [RUN]
[0m03:26:14  912 of 1658 OK created sql table model legacy.zuora_revenue_schedule_item_snapshots_source  [[32m02000 1[0m in 1.21s]
[0m03:26:14  915 of 1658 START sql table model gainsight_customer_success.activity_timeline_pii  [RUN]
[0m03:26:15  911 of 1658 OK created sql table model zuora_revenue.zuora_revenue_revenue_contract_schedule_source  [[32m02000 1[0m in 2.23s]
[0m03:26:15  916 of 1658 START sql table model restricted_safe_workspace_sales.wk_gs_activity_attendee  [RUN]
[0m03:26:15  914 of 1658 OK created sql table model zuora_revenue.zuora_revenue_waterfall_source  [[32m02000 1[0m in 1.11s]
[0m03:26:15  917 of 1658 START sql table model restricted_safe_workspace_sales.wk_gs_activity_timeline  [RUN]
[0m03:26:15  913 of 1658 OK created sql table model zuora.zuora_revenue_schedule_item_source  [[32m02000 1[0m in 1.65s]
[0m03:26:15  918 of 1658 START sql table model restricted_safe_workspace_sales.wk_gs_activity_comments  [RUN]
[0m03:26:16  915 of 1658 OK created sql table model gainsight_customer_success.activity_timeline_pii  [[32m02000 1[0m in 1.65s]
[0m03:26:16  919 of 1658 START sql table model restricted_safe_workspace_sales.wk_gs_account_scorecard_history  [RUN]
[0m03:26:17  916 of 1658 OK created sql table model restricted_safe_workspace_sales.wk_gs_activity_attendee  [[32m02000 1[0m in 1.72s]
[0m03:26:17  920 of 1658 START sql table model restricted_safe_workspace_sales.wk_gs_advanced_outreach_cta  [RUN]
[0m03:26:17  917 of 1658 OK created sql table model restricted_safe_workspace_sales.wk_gs_activity_timeline  [[32m02000 1[0m in 1.62s]
[0m03:26:17  921 of 1658 START sql table model gainsight_customer_success.advanced_outreach_participants_pii  [RUN]
[0m03:26:17  919 of 1658 OK created sql table model restricted_safe_workspace_sales.wk_gs_account_scorecard_history  [[32m02000 1[0m in 1.70s]
[0m03:26:17  918 of 1658 OK created sql table model restricted_safe_workspace_sales.wk_gs_activity_comments  [[32m02000 1[0m in 1.80s]
[0m03:26:17  922 of 1658 START sql table model restricted_safe_workspace_sales.wk_gs_advanced_outreach_participants  [RUN]
[0m03:26:17  923 of 1658 START sql table model gainsight_customer_success.advanced_outreach_emails_pii  [RUN]
[0m03:26:18  921 of 1658 OK created sql table model gainsight_customer_success.advanced_outreach_participants_pii  [[32m02000 1[0m in 1.27s]
[0m03:26:18  924 of 1658 START sql table model restricted_safe_workspace_sales.wk_gs_advanced_outreach_emails  [RUN]
[0m03:26:18  920 of 1658 OK created sql table model restricted_safe_workspace_sales.wk_gs_advanced_outreach_cta  [[32m02000 1[0m in 1.38s]
[0m03:26:18  925 of 1658 START sql table model restricted_safe_workspace_sales.wk_gs_advanced_outreach_participant_activity  [RUN]
[0m03:26:18  923 of 1658 OK created sql table model gainsight_customer_success.advanced_outreach_emails_pii  [[32m02000 1[0m in 1.17s]
[0m03:26:18  926 of 1658 START sql table model workspace_data.airflow_dag_run ............... [RUN]
[0m03:26:20  924 of 1658 OK created sql table model restricted_safe_workspace_sales.wk_gs_advanced_outreach_emails  [[32m02000 1[0m in 1.69s]
[0m03:26:20  925 of 1658 OK created sql table model restricted_safe_workspace_sales.wk_gs_advanced_outreach_participant_activity  [[32m02000 1[0m in 1.58s]
[0m03:26:20  922 of 1658 OK created sql table model restricted_safe_workspace_sales.wk_gs_advanced_outreach_participants  [[32m02000 1[0m in 2.25s]
[0m03:26:20  927 of 1658 START sql table model workspace_engineering.influx_db_all_fabrication_stats  [RUN]
[0m03:26:20  928 of 1658 START sql table model restricted_safe_workspace_sales.wk_gs_ao_advanced_outreach_company  [RUN]
[0m03:26:20  929 of 1658 START sql table model sensitive.bizible_account_to_emails_source_pii  [RUN]
[0m03:26:20  926 of 1658 OK created sql table model workspace_data.airflow_dag_run .......... [[32m02000 1[0m in 1.47s]
[0m03:26:20  930 of 1658 START sql table model workspace_marketing.wk_bizible_account_to_emails  [RUN]
[0m03:26:21  929 of 1658 OK created sql table model sensitive.bizible_account_to_emails_source_pii  [[32m02000 1[0m in 1.39s]
[0m03:26:21  931 of 1658 START sql table model workspace_marketing.wk_bizible_activities .... [RUN]
[0m03:26:21  927 of 1658 OK created sql table model workspace_engineering.influx_db_all_fabrication_stats  [[32m02000 1[0m in 1.50s]
[0m03:26:21  928 of 1658 OK created sql table model restricted_safe_workspace_sales.wk_gs_ao_advanced_outreach_company  [[32m02000 1[0m in 1.50s]
[0m03:26:21  932 of 1658 START sql table model sensitive.bizible_accounts_source_pii ........ [RUN]
[0m03:26:21  933 of 1658 START sql table model workspace_marketing.wk_bizible_accounts ...... [RUN]
[0m03:26:22  930 of 1658 OK created sql table model workspace_marketing.wk_bizible_account_to_emails  [[32m02000 1[0m in 2.13s]
[0m03:26:22  934 of 1658 START sql table model workspace_marketing.wk_bizible_ad_campaigns .. [RUN]
[0m03:26:23  932 of 1658 OK created sql table model sensitive.bizible_accounts_source_pii ... [[32m02000 1[0m in 1.28s]
[0m03:26:23  935 of 1658 START sql table model workspace_marketing.wk_bizible_ad_accounts ... [RUN]
[0m03:26:23  931 of 1658 OK created sql table model workspace_marketing.wk_bizible_activities  [[32m02000 1[0m in 1.90s]
[0m03:26:23  933 of 1658 OK created sql table model workspace_marketing.wk_bizible_accounts . [[32m02000 1[0m in 1.79s]
[0m03:26:23  936 of 1658 START sql table model workspace_marketing.wk_bizible_ad_groups ..... [RUN]
[0m03:26:23  937 of 1658 START sql table model workspace_marketing.wk_bizible_ad_providers .. [RUN]
[0m03:26:24  934 of 1658 OK created sql table model workspace_marketing.wk_bizible_ad_campaigns  [[32m02000 1[0m in 2.24s]
[0m03:26:24  938 of 1658 START sql table model workspace_marketing.wk_bizible_advertisers ... [RUN]
[0m03:26:24  935 of 1658 OK created sql table model workspace_marketing.wk_bizible_ad_accounts  [[32m02000 1[0m in 1.72s]
[0m03:26:24  939 of 1658 START sql table model workspace_marketing.wk_bizible_ads ........... [RUN]
[0m03:26:25  936 of 1658 OK created sql table model workspace_marketing.wk_bizible_ad_groups  [[32m02000 1[0m in 1.51s]
[0m03:26:25  940 of 1658 START sql table model sensitive.bizible_attribution_touchpoints_source_pii  [RUN]
[0m03:26:25  937 of 1658 OK created sql table model workspace_marketing.wk_bizible_ad_providers  [[32m02000 1[0m in 2.01s]
[0m03:26:25  941 of 1658 START sql table model workspace_marketing.wk_bizible_attribution_touchpoints  [RUN]
[0m03:26:26  938 of 1658 OK created sql table model workspace_marketing.wk_bizible_advertisers  [[32m02000 1[0m in 1.57s]
[0m03:26:26  942 of 1658 START sql table model workspace_marketing.wk_bizible_channels ...... [RUN]
[0m03:26:26  939 of 1658 OK created sql table model workspace_marketing.wk_bizible_ads ...... [[32m02000 1[0m in 1.98s]
[0m03:26:26  943 of 1658 START sql table model sensitive.bizible_campaign_members_source_pii  [RUN]
[0m03:26:27  940 of 1658 OK created sql table model sensitive.bizible_attribution_touchpoints_source_pii  [[32m02000 1[0m in 2.04s]
[0m03:26:27  944 of 1658 START sql table model workspace_marketing.wk_bizible_campaign_members  [RUN]
[0m03:26:27  942 of 1658 OK created sql table model workspace_marketing.wk_bizible_channels . [[32m02000 1[0m in 1.37s]
[0m03:26:27  941 of 1658 OK created sql table model workspace_marketing.wk_bizible_attribution_touchpoints  [[32m02000 1[0m in 2.04s]
[0m03:26:27  945 of 1658 START sql table model sensitive.bizible_contacts_source_pii ........ [RUN]
[0m03:26:27  946 of 1658 START sql table model workspace_marketing.wk_bizible_contacts ...... [RUN]
[0m03:26:28  944 of 1658 OK created sql table model workspace_marketing.wk_bizible_campaign_members  [[32m02000 1[0m in 1.68s]
[0m03:26:28  943 of 1658 OK created sql table model sensitive.bizible_campaign_members_source_pii  [[32m02000 1[0m in 2.05s]
[0m03:26:28  947 of 1658 START sql table model workspace_marketing.wk_bizible_conversion_rates  [RUN]
[0m03:26:28  948 of 1658 START sql table model workspace_marketing.wk_bizible_costs ......... [RUN]
[0m03:26:29  945 of 1658 OK created sql table model sensitive.bizible_contacts_source_pii ... [[32m02000 1[0m in 1.37s]
[0m03:26:29  949 of 1658 START sql table model sensitive.bizible_crm_events_source_pii ...... [RUN]
[0m03:26:29  946 of 1658 OK created sql table model workspace_marketing.wk_bizible_contacts . [[32m02000 1[0m in 1.97s]
[0m03:26:29  950 of 1658 START sql table model workspace_marketing.wk_bizible_crm_events .... [RUN]
[0m03:26:30  949 of 1658 OK created sql table model sensitive.bizible_crm_events_source_pii . [[32m02000 1[0m in 1.27s]
[0m03:26:30  951 of 1658 START sql table model workspace_marketing.wk_bizible_currencies .... [RUN]
[0m03:26:30  947 of 1658 OK created sql table model workspace_marketing.wk_bizible_conversion_rates  [[32m02000 1[0m in 1.97s]
[0m03:26:30  952 of 1658 START sql table model workspace_marketing.wk_bizible_creatives ..... [RUN]
[0m03:26:31  948 of 1658 OK created sql table model workspace_marketing.wk_bizible_costs .... [[32m02000 1[0m in 2.37s]
[0m03:26:31  953 of 1658 START sql table model sensitive.bizible_crm_tasks_source_pii ....... [RUN]
[0m03:26:31  950 of 1658 OK created sql table model workspace_marketing.wk_bizible_crm_events  [[32m02000 1[0m in 2.12s]
[0m03:26:31  954 of 1658 START sql table model workspace_marketing.wk_bizible_crm_tasks ..... [RUN]
[0m03:26:32  951 of 1658 OK created sql table model workspace_marketing.wk_bizible_currencies  [[32m02000 1[0m in 1.96s]
[0m03:26:32  955 of 1658 START sql table model sensitive.bizible_customer_ab_tests_source_pii  [RUN]
[0m03:26:32  952 of 1658 OK created sql table model workspace_marketing.wk_bizible_creatives  [[32m02000 1[0m in 1.79s]
[0m03:26:32  956 of 1658 START sql table model workspace_marketing.wk_bizible_customer_ab_tests  [RUN]
[0m03:26:33  953 of 1658 OK created sql table model sensitive.bizible_crm_tasks_source_pii .. [[32m02000 1[0m in 1.89s]
[0m03:26:33  957 of 1658 START sql table model sensitive.bizible_form_submits_source_pii .... [RUN]
[0m03:26:33  954 of 1658 OK created sql table model workspace_marketing.wk_bizible_crm_tasks  [[32m02000 1[0m in 1.75s]
[0m03:26:33  958 of 1658 START sql table model workspace_marketing.wk_bizible_form_submits .. [RUN]
[0m03:26:33  955 of 1658 OK created sql table model sensitive.bizible_customer_ab_tests_source_pii  [[32m02000 1[0m in 1.34s]
[0m03:26:33  959 of 1658 START sql table model sensitive.bizible_email_to_visitor_ids_source_pii  [RUN]
[0m03:26:34  956 of 1658 OK created sql table model workspace_marketing.wk_bizible_customer_ab_tests  [[32m02000 1[0m in 1.88s]
[0m03:26:34  960 of 1658 START sql table model sensitive.bizible_facts_source_pii ........... [RUN]
[0m03:26:34  958 of 1658 OK created sql table model workspace_marketing.wk_bizible_form_submits  [[32m02000 1[0m in 0.98s]
[0m03:26:34  961 of 1658 START sql table model workspace_marketing.wk_bizible_email_to_visitor_ids  [RUN]
[0m03:26:34  957 of 1658 OK created sql table model sensitive.bizible_form_submits_source_pii  [[32m02000 1[0m in 1.12s]
[0m03:26:34  962 of 1658 START sql table model workspace_marketing.wk_bizible_facts ......... [RUN]
[0m03:26:35  959 of 1658 OK created sql table model sensitive.bizible_email_to_visitor_ids_source_pii  [[32m02000 1[0m in 1.64s]
[0m03:26:35  963 of 1658 START sql table model workspace_marketing.wk_bizible_keywords ...... [RUN]
[0m03:26:36  962 of 1658 OK created sql table model workspace_marketing.wk_bizible_facts .... [[32m02000 1[0m in 1.84s]
[0m03:26:36  961 of 1658 OK created sql table model workspace_marketing.wk_bizible_email_to_visitor_ids  [[32m02000 1[0m in 1.94s]
[0m03:26:36  960 of 1658 OK created sql table model sensitive.bizible_facts_source_pii ...... [[32m02000 1[0m in 1.95s]
[0m03:26:36  964 of 1658 START sql table model sensitive.bizible_lead_stage_transitions_source_pii  [RUN]
[0m03:26:36  965 of 1658 START sql table model workspace_marketing.wk_bizible_lead_stage_transitions  [RUN]
[0m03:26:36  966 of 1658 START sql table model sensitive.bizible_opp_stage_transitions_source_pii  [RUN]
[0m03:26:37  964 of 1658 OK created sql table model sensitive.bizible_lead_stage_transitions_source_pii  [[32m02000 1[0m in 1.25s]
[0m03:26:37  967 of 1658 START sql table model workspace_marketing.wk_bizible_opp_stage_transitions  [RUN]
[0m03:26:37  963 of 1658 OK created sql table model workspace_marketing.wk_bizible_keywords . [[32m02000 1[0m in 2.44s]
[0m03:26:37  966 of 1658 OK created sql table model sensitive.bizible_opp_stage_transitions_source_pii  [[32m02000 1[0m in 1.25s]
[0m03:26:37  968 of 1658 START sql table model sensitive.bizible_leads_source_pii ........... [RUN]
[0m03:26:37  969 of 1658 START sql table model workspace_marketing.wk_bizible_leads ......... [RUN]
[0m03:26:38  965 of 1658 OK created sql table model workspace_marketing.wk_bizible_lead_stage_transitions  [[32m02000 1[0m in 1.85s]
[0m03:26:38  970 of 1658 START sql table model workspace_marketing.wk_bizible_opportunities . [RUN]
[0m03:26:39  967 of 1658 OK created sql table model workspace_marketing.wk_bizible_opp_stage_transitions  [[32m02000 1[0m in 1.89s]
[0m03:26:39  968 of 1658 OK created sql table model sensitive.bizible_leads_source_pii ...... [[32m02000 1[0m in 1.87s]
[0m03:26:39  971 of 1658 START sql table model workspace_marketing.wk_bizible_placements .... [RUN]
[0m03:26:39  969 of 1658 OK created sql table model workspace_marketing.wk_bizible_leads .... [[32m02000 1[0m in 1.88s]
[0m03:26:39  972 of 1658 START sql table model sensitive.bizible_page_views_source_pii ...... [RUN]
[0m03:26:39  973 of 1658 START sql table model workspace_marketing.wk_bizible_page_views .... [RUN]
[0m03:26:40  970 of 1658 OK created sql table model workspace_marketing.wk_bizible_opportunities  [[32m02000 1[0m in 2.29s]
[0m03:26:40  974 of 1658 START sql table model workspace_marketing.wk_bizible_segments ...... [RUN]
[0m03:26:40  973 of 1658 OK created sql table model workspace_marketing.wk_bizible_page_views  [[32m02000 1[0m in 1.00s]
[0m03:26:40  975 of 1658 START sql table model workspace_marketing.wk_bizible_site_links .... [RUN]
[0m03:26:40  972 of 1658 OK created sql table model sensitive.bizible_page_views_source_pii . [[32m02000 1[0m in 1.10s]
[0m03:26:40  976 of 1658 START sql table model workspace_marketing.wk_bizible_sites ......... [RUN]
[0m03:26:42  971 of 1658 OK created sql table model workspace_marketing.wk_bizible_placements  [[32m02000 1[0m in 2.49s]
[0m03:26:42  977 of 1658 START sql table model sensitive.bizible_touchpoints_source_pii ..... [RUN]
[0m03:26:42  974 of 1658 OK created sql table model workspace_marketing.wk_bizible_segments . [[32m02000 1[0m in 1.48s]
[0m03:26:42  975 of 1658 OK created sql table model workspace_marketing.wk_bizible_site_links  [[32m02000 1[0m in 1.48s]
[0m03:26:42  978 of 1658 START sql table model workspace_marketing.wk_bizible_stage_definitions  [RUN]
[0m03:26:42  979 of 1658 START sql table model workspace_marketing.wk_bizible_touchpoints ... [RUN]
[0m03:26:43  977 of 1658 OK created sql table model sensitive.bizible_touchpoints_source_pii  [[32m02000 1[0m in 1.01s]
[0m03:26:43  976 of 1658 OK created sql table model workspace_marketing.wk_bizible_sites .... [[32m02000 1[0m in 2.40s]
[0m03:26:43  980 of 1658 START sql table model workspace_marketing.wk_bizible_urls .......... [RUN]
[0m03:26:43  981 of 1658 START sql table model legacy.categories_yaml_acquisitions .......... [RUN]
[0m03:26:43  979 of 1658 OK created sql table model workspace_marketing.wk_bizible_touchpoints  [[32m02000 1[0m in 1.11s]
[0m03:26:43  982 of 1658 START sql table model sensitive.bizible_user_touchpoints_source_pii  [RUN]
[0m03:26:44  981 of 1658 OK created sql table model legacy.categories_yaml_acquisitions ..... [[32m02000 1[0m in 0.96s]
[0m03:26:44  983 of 1658 START sql table model workspace_marketing.wk_bizible_user_touchpoints  [RUN]
[0m03:26:44  978 of 1658 OK created sql table model workspace_marketing.wk_bizible_stage_definitions  [[32m02000 1[0m in 1.98s]
[0m03:26:44  982 of 1658 OK created sql table model sensitive.bizible_user_touchpoints_source_pii  [[32m02000 1[0m in 0.87s]
[0m03:26:44  984 of 1658 START sql table model restricted_safe_workspace_sales.wk_gs_call_to_action  [RUN]
[0m03:26:44  985 of 1658 START sql table model workspace_data.cleanup_suggestions ........... [RUN]
[0m03:26:44  980 of 1658 OK created sql table model workspace_marketing.wk_bizible_urls ..... [[32m02000 1[0m in 1.74s]
[0m03:26:44  986 of 1658 START sql table model restricted_safe_workspace_sales.wk_gs_comments  [RUN]
[0m03:26:46  985 of 1658 OK created sql table model workspace_data.cleanup_suggestions ...... [[32m02000 1[0m in 1.65s]
[0m03:26:46  984 of 1658 OK created sql table model restricted_safe_workspace_sales.wk_gs_call_to_action  [[32m02000 1[0m in 1.65s]
[0m03:26:46  983 of 1658 OK created sql table model workspace_marketing.wk_bizible_user_touchpoints  [[32m02000 1[0m in 1.77s]
[0m03:26:46  987 of 1658 START sql table model workspace_data_science.churn_forecasting_scores  [RUN]
[0m03:26:46  988 of 1658 START sql table model legacy.categories_yaml_historical ............ [RUN]
[0m03:26:46  989 of 1658 START sql table model commonroom.commonroom_activities_source_pii .. [RUN]
[0m03:26:46  986 of 1658 OK created sql table model restricted_safe_workspace_sales.wk_gs_comments  [[32m02000 1[0m in 1.28s]
[0m03:26:46  990 of 1658 START sql table model workspace_marketing.wk_commonroom_activities . [RUN]
[0m03:26:47  989 of 1658 OK created sql table model commonroom.commonroom_activities_source_pii  [[32m02000 1[0m in 1.51s]
[0m03:26:47  988 of 1658 OK created sql table model legacy.categories_yaml_historical ....... [[32m02000 1[0m in 1.51s]
[0m03:26:47  987 of 1658 OK created sql table model workspace_data_science.churn_forecasting_scores  [[32m02000 1[0m in 1.52s]
[0m03:26:47  992 of 1658 START sql table model workspace_marketing.wk_commonroom_community_members  [RUN]
[0m03:26:47  991 of 1658 START sql table model commonroom.commonroom_community_members_source_pii  [RUN]
[0m03:26:47  993 of 1658 START sql table model workspace_marketing.wk_commonroom_organizations  [RUN]
[0m03:26:48  990 of 1658 OK created sql table model workspace_marketing.wk_commonroom_activities  [[32m02000 1[0m in 2.18s]
[0m03:26:48  994 of 1658 START sql table model gainsight_customer_success.companies_with_success_plan_details_pii  [RUN]
[0m03:26:49  992 of 1658 OK created sql table model workspace_marketing.wk_commonroom_community_members  [[32m02000 1[0m in 1.87s]
[0m03:26:49  995 of 1658 START sql table model restricted_safe_workspace_sales.wk_gs_companies_with_success_plan_details  [RUN]
[0m03:26:49  993 of 1658 OK created sql table model workspace_marketing.wk_commonroom_organizations  [[32m02000 1[0m in 1.87s]
[0m03:26:49  991 of 1658 OK created sql table model commonroom.commonroom_community_members_source_pii  [[32m02000 1[0m in 1.88s]
[0m03:26:49  996 of 1658 START sql table model gainsight_customer_success.companies_and_ebrs_pii  [RUN]
[0m03:26:49  997 of 1658 START sql table model restricted_safe_workspace_sales.wk_gs_companies_and_ebrs  [RUN]
[0m03:26:50  994 of 1658 OK created sql table model gainsight_customer_success.companies_with_success_plan_details_pii  [[32m02000 1[0m in 1.78s]
[0m03:26:50  998 of 1658 START sql table model restricted_safe_workspace_sales.wk_gs_company_person  [RUN]
[0m03:26:51  997 of 1658 OK created sql table model restricted_safe_workspace_sales.wk_gs_companies_and_ebrs  [[32m02000 1[0m in 1.77s]
[0m03:26:51  995 of 1658 OK created sql table model restricted_safe_workspace_sales.wk_gs_companies_with_success_plan_details  [[32m02000 1[0m in 1.79s]
[0m03:26:51  996 of 1658 OK created sql table model gainsight_customer_success.companies_and_ebrs_pii  [[32m02000 1[0m in 1.77s]
[0m03:26:51  999 of 1658 START sql table model restricted_safe_workspace_sales.wk_gs_companies_with_success_plan_objectives  [RUN]
[0m03:26:51  1000 of 1658 START sql table model restricted_safe_workspace_sales.wk_gs_company  [RUN]
[0m03:26:51  1001 of 1658 START sql table model restricted_safe_workspace_sales.wk_gs_ctas_healthscores  [RUN]
[0m03:26:52  998 of 1658 OK created sql table model restricted_safe_workspace_sales.wk_gs_company_person  [[32m02000 1[0m in 1.83s]
[0m03:26:52  1002 of 1658 START sql table model restricted_safe_workspace_sales.wk_gs_csat_survey_response  [RUN]
[0m03:26:53  1001 of 1658 OK created sql table model restricted_safe_workspace_sales.wk_gs_ctas_healthscores  [[32m02000 1[0m in 1.62s]
[0m03:26:53  999 of 1658 OK created sql table model restricted_safe_workspace_sales.wk_gs_companies_with_success_plan_objectives  [[32m02000 1[0m in 1.63s]
[0m03:26:53  1003 of 1658 START sql table model restricted_safe_workspace_sales.wk_gs_cs_task  [RUN]
[0m03:26:53  1004 of 1658 START sql table model restricted_safe_workspace_sales.wk_gs_customer_health_scorecard_fact_1  [RUN]
[0m03:26:53  1000 of 1658 OK created sql table model restricted_safe_workspace_sales.wk_gs_company  [[32m02000 1[0m in 1.72s]
[0m03:26:53  1005 of 1658 START sql table model common_prep.prep_cloud_activation ........... [RUN]
[0m03:26:54  1003 of 1658 OK created sql table model restricted_safe_workspace_sales.wk_gs_cs_task  [[32m02000 1[0m in 1.28s]
[0m03:26:54  1002 of 1658 OK created sql table model restricted_safe_workspace_sales.wk_gs_csat_survey_response  [[32m02000 1[0m in 2.27s]
[0m03:26:54  1006 of 1658 START sql table model workspace_product.wk_customers_db_license_versions  [RUN]
[0m03:26:54  1004 of 1658 OK created sql table model restricted_safe_workspace_sales.wk_gs_customer_health_scorecard_fact_1  [[32m02000 1[0m in 1.28s]
[0m03:26:54  1007 of 1658 START sql table model restricted_safe_common_prep.prep_lead ....... [RUN]
[0m03:26:54  1008 of 1658 START sql table model workspace_data.dbt_gdpr_logs ................ [RUN]
[0m03:26:54  1008 of 1658 ERROR creating sql table model workspace_data.dbt_gdpr_logs ....... [[31mERROR[0m in 0.09s]
[0m03:26:54  1009 of 1658 SKIP relation common_prep.prep_date ............................... [[33mSKIP[0m]
[0m03:26:54  1010 of 1658 START sql table model workspace_data.dashboard_analytics .......... [RUN]
[0m03:26:55  1005 of 1658 OK created sql table model common_prep.prep_cloud_activation ...... [[32m02000 1[0m in 1.89s]
[0m03:26:55  1011 of 1658 START sql table model restricted_safe_workspace_finance.driveload_booking_to_billing_monthly_reconciliation  [RUN]
[0m03:26:55  1010 of 1658 OK created sql table model workspace_data.dashboard_analytics ..... [[32m02000 1[0m in 1.36s]
[0m03:26:55  1012 of 1658 START sql table model workspace_finance.wk_financial_metrics_program_phase_1  [RUN]
[0m03:26:55  1011 of 1658 OK created sql table model restricted_safe_workspace_finance.driveload_booking_to_billing_monthly_reconciliation  [[32m02000 1[0m in 0.77s]
[0m03:26:55  1013 of 1658 START sql table model restricted_safe_workspace_finance.driveload_invoice_aging_detail  [RUN]
[0m03:26:55  1006 of 1658 OK created sql table model workspace_product.wk_customers_db_license_versions  [[32m02000 1[0m in 1.57s]
[0m03:26:55  1014 of 1658 START sql table model restricted_safe_workspace_finance.driveload_pending_invoices_report  [RUN]
[0m03:26:57  1007 of 1658 OK created sql table model restricted_safe_common_prep.prep_lead .. [[32m02000 1[0m in 2.71s]
[0m03:26:57  1015 of 1658 START sql table model restricted_safe_workspace_sales.ssa_quarterly_aggregated_metrics_for_coverage  [RUN]
[0m03:26:57  1012 of 1658 OK created sql table model workspace_finance.wk_financial_metrics_program_phase_1  [[32m02000 1[0m in 1.25s]
[0m03:26:57  1013 of 1658 OK created sql table model restricted_safe_workspace_finance.driveload_invoice_aging_detail  [[32m02000 1[0m in 1.24s]
[0m03:26:57  1016 of 1658 START sql table model restricted_safe_workspace_finance.driveload_zuora_revenue_billing_waterfall_report  [RUN]
[0m03:26:57  1017 of 1658 START sql table model restricted_safe_workspace_finance.driveload_zuora_revenue_billing_waterfall_report_with_additional_columns  [RUN]
[0m03:26:58  1014 of 1658 OK created sql table model restricted_safe_workspace_finance.driveload_pending_invoices_report  [[32m02000 1[0m in 1.96s]
[0m03:26:58  1018 of 1658 START sql table model restricted_safe_workspace_finance.driveload_zuora_revenue_rc_rollforward_report  [RUN]
[0m03:26:58  1015 of 1658 OK created sql table model restricted_safe_workspace_sales.ssa_quarterly_aggregated_metrics_for_coverage  [[32m02000 1[0m in 1.31s]
[0m03:26:58  1019 of 1658 START sql table model restricted_safe_workspace_finance.driveload_zuora_revenue_revenue_waterfall_report  [RUN]
[0m03:26:58  1016 of 1658 OK created sql table model restricted_safe_workspace_finance.driveload_zuora_revenue_billing_waterfall_report  [[32m02000 1[0m in 1.31s]
[0m03:26:58  1020 of 1658 START sql table model restricted_safe_workspace_finance.driveload_zuora_revenue_unbill_rollforward_report  [RUN]
[0m03:26:59  1018 of 1658 OK created sql table model restricted_safe_workspace_finance.driveload_zuora_revenue_rc_rollforward_report  [[32m02000 1[0m in 1.01s]
[0m03:26:59  1021 of 1658 START sql table model restricted_safe_workspace_finance.driveload_zuora_revenue_unreleased_pob_report  [RUN]
[0m03:26:59  1019 of 1658 OK created sql table model restricted_safe_workspace_finance.driveload_zuora_revenue_revenue_waterfall_report  [[32m02000 1[0m in 0.91s]
[0m03:26:59  1017 of 1658 OK created sql table model restricted_safe_workspace_finance.driveload_zuora_revenue_billing_waterfall_report_with_additional_columns  [[32m02000 1[0m in 2.21s]
[0m03:26:59  1022 of 1658 START sql table model restricted_safe_workspace_finance.driveload_zuora_revenue_waterfall_report_with_wf_type_adjustments  [RUN]
[0m03:26:59  1023 of 1658 START sql table model restricted_safe_workspace_finance.driveload_zuora_revenue_waterfall_report_with_wf_type_net_revenue_with_mje_flag_y  [RUN]
[0m03:27:00  1020 of 1658 OK created sql table model restricted_safe_workspace_finance.driveload_zuora_revenue_unbill_rollforward_report  [[32m02000 1[0m in 1.69s]
[0m03:27:00  1024 of 1658 START sql table model restricted_safe_workspace_finance.driveload_zuora_revenue_waterfall_report_with_wf_type_unbilled_revenue  [RUN]
[0m03:27:00  1022 of 1658 OK created sql table model restricted_safe_workspace_finance.driveload_zuora_revenue_waterfall_report_with_wf_type_adjustments  [[32m02000 1[0m in 1.50s]
[0m03:27:00  1021 of 1658 OK created sql table model restricted_safe_workspace_finance.driveload_zuora_revenue_unreleased_pob_report  [[32m02000 1[0m in 1.52s]
[0m03:27:00  1023 of 1658 OK created sql table model restricted_safe_workspace_finance.driveload_zuora_revenue_waterfall_report_with_wf_type_net_revenue_with_mje_flag_y  [[32m02000 1[0m in 1.49s]
[0m03:27:00  1025 of 1658 START sql table model restricted_safe_workspace_sales.bvs_ecosystems_document  [RUN]
[0m03:27:00  1027 of 1658 START sql table model restricted_safe_workspace_sales.bvs_ecosystems_collaborative_value_assessment  [RUN]
[0m03:27:00  1026 of 1658 START sql table model restricted_safe_workspace_sales.bvs_ecosystems_document_collaborator  [RUN]
[0m03:27:01  1024 of 1658 OK created sql table model restricted_safe_workspace_finance.driveload_zuora_revenue_waterfall_report_with_wf_type_unbilled_revenue  [[32m02000 1[0m in 1.62s]
[0m03:27:01  1028 of 1658 START sql table model workspace_engineering.rpt_elastic_billing_itemized_by_deployment  [RUN]
[0m03:27:01  1028 of 1658 ERROR creating sql table model workspace_engineering.rpt_elastic_billing_itemized_by_deployment  [[31mERROR[0m in 0.07s]
[0m03:27:01  1029 of 1658 START sql table model gainsight_customer_success.email_logs_pii ... [RUN]
[0m03:27:03  1025 of 1658 OK created sql table model restricted_safe_workspace_sales.bvs_ecosystems_document  [[32m02000 1[0m in 2.01s]
[0m03:27:03  1027 of 1658 OK created sql table model restricted_safe_workspace_sales.bvs_ecosystems_collaborative_value_assessment  [[32m02000 1[0m in 2.26s]
[0m03:27:03  1030 of 1658 START sql table model workspace_engineering.rpt_elastic_billing_itemized  [RUN]
[0m03:27:03  1031 of 1658 START sql table model workspace_data.events ....................... [RUN]
[0m03:27:03  1030 of 1658 ERROR creating sql table model workspace_engineering.rpt_elastic_billing_itemized  [[31mERROR[0m in 0.08s]
[0m03:27:03  1032 of 1658 START sql table model workspace_engineering.fabrication_stats_e2e_metrics  [RUN]
[0m03:27:03  1026 of 1658 OK created sql table model restricted_safe_workspace_sales.bvs_ecosystems_document_collaborator  [[32m02000 1[0m in 2.82s]
[0m03:27:03  1033 of 1658 START sql table model workspace_marketing.facebook_ads ............ [RUN]
[0m03:27:04  1029 of 1658 OK created sql table model gainsight_customer_success.email_logs_pii  [[32m02000 1[0m in 2.54s]
[0m03:27:04  1034 of 1658 START sql table model workspace_data.field_cleanup_suggestions .... [RUN]
[0m03:27:04  1031 of 1658 OK created sql table model workspace_data.events .................. [[32m02000 1[0m in 1.61s]
[0m03:27:04  1035 of 1658 START sql table model legacy.ga360_session_custom_dimension ....... [RUN]
[0m03:27:05  1032 of 1658 OK created sql table model workspace_engineering.fabrication_stats_e2e_metrics  [[32m02000 1[0m in 2.01s]
[0m03:27:05  1036 of 1658 START sql table model legacy.feature_flags_yaml_historical ........ [RUN]
[0m03:27:06  1034 of 1658 OK created sql table model workspace_data.field_cleanup_suggestions  [[32m02000 1[0m in 2.00s]
[0m03:27:06  1035 of 1658 OK created sql table model legacy.ga360_session_custom_dimension .. [[32m02000 1[0m in 1.63s]
[0m03:27:06  1037 of 1658 START sql table model workspace_marketing.ga360_session_hit_custom_dimension  [RUN]
[0m03:27:06  1038 of 1658 START sql table model gitlab_dotcom.gitlab_dotcom_alert_management_alert_assignees_source  [RUN]
[0m03:27:07  1036 of 1658 OK created sql table model legacy.feature_flags_yaml_historical ... [[32m02000 1[0m in 2.17s]
[0m03:27:07  1033 of 1658 OK created sql table model workspace_marketing.facebook_ads ....... [[32m02000 1[0m in 3.70s]
[0m03:27:07  1039 of 1658 START sql table model gitlab_dotcom.gitlab_dotcom_application_settings_source  [RUN]
[0m03:27:07  1040 of 1658 SKIP relation common_prep.prep_geozone ............................ [[33mSKIP[0m]
[0m03:27:07  1041 of 1658 START sql table model gitlab_dotcom.gitlab_dotcom_approval_project_rules_groups_source  [RUN]
[0m03:27:08  1037 of 1658 OK created sql table model workspace_marketing.ga360_session_hit_custom_dimension  [[32m02000 1[0m in 1.81s]
[0m03:27:08  1038 of 1658 OK created sql table model gitlab_dotcom.gitlab_dotcom_alert_management_alert_assignees_source  [[32m02000 1[0m in 1.81s]
[0m03:27:08  1042 of 1658 START sql table model gitlab_dotcom.gitlab_dotcom_approval_project_rules_users_source  [RUN]
[0m03:27:08  1043 of 1658 START sql table model gitlab_dotcom.gitlab_dotcom_approvals_source  [RUN]
[0m03:27:08  1041 of 1658 OK created sql table model gitlab_dotcom.gitlab_dotcom_approval_project_rules_groups_source  [[32m02000 1[0m in 1.49s]
[0m03:27:08  1039 of 1658 OK created sql table model gitlab_dotcom.gitlab_dotcom_application_settings_source  [[32m02000 1[0m in 1.51s]
[0m03:27:08  1044 of 1658 START sql table model gitlab_dotcom.gitlab_dotcom_audit_events_source  [RUN]
[0m03:27:08  1045 of 1658 START sql table model gitlab_dotcom.gitlab_dotcom_award_emoji_source  [RUN]
[0m03:27:09  1042 of 1658 OK created sql table model gitlab_dotcom.gitlab_dotcom_approval_project_rules_users_source  [[32m02000 1[0m in 1.51s]
[0m03:27:09  1043 of 1658 OK created sql table model gitlab_dotcom.gitlab_dotcom_approvals_source  [[32m02000 1[0m in 1.51s]
[0m03:27:09  1046 of 1658 START sql table model gitlab_dotcom.gitlab_dotcom_banned_users_source  [RUN]
[0m03:27:09  1047 of 1658 START sql table model gitlab_dotcom.gitlab_dotcom_board_labels_source  [RUN]
[0m03:27:10  1044 of 1658 OK created sql table model gitlab_dotcom.gitlab_dotcom_audit_events_source  [[32m02000 1[0m in 1.51s]
[0m03:27:10  1048 of 1658 START sql table model gitlab_dotcom.gitlab_dotcom_board_assignees_source  [RUN]
[0m03:27:10  1045 of 1658 OK created sql table model gitlab_dotcom.gitlab_dotcom_award_emoji_source  [[32m02000 1[0m in 1.52s]
[0m03:27:10  1049 of 1658 START sql table model gitlab_dotcom.gitlab_dotcom_boards_source ... [RUN]
[0m03:27:11  1046 of 1658 OK created sql table model gitlab_dotcom.gitlab_dotcom_banned_users_source  [[32m02000 1[0m in 1.71s]
[0m03:27:11  1050 of 1658 START sql table model gitlab_dotcom.gitlab_dotcom_ci_build_trace_chunks_source  [RUN]
[0m03:27:11  1048 of 1658 OK created sql table model gitlab_dotcom.gitlab_dotcom_board_assignees_source  [[32m02000 1[0m in 1.01s]
[0m03:27:11  1047 of 1658 OK created sql table model gitlab_dotcom.gitlab_dotcom_board_labels_source  [[32m02000 1[0m in 1.71s]
[0m03:27:11  1051 of 1658 START sql view model workspace_product.wk_gitlab_dotcom_direct_imports  [RUN]
[0m03:27:11  1052 of 1658 START sql table model gitlab_dotcom.gitlab_dotcom_catalog_resource_versions_source  [RUN]
[0m03:27:11  1051 of 1658 OK created sql view model workspace_product.wk_gitlab_dotcom_direct_imports  [[32m02000 1[0m in 0.07s]
[0m03:27:11  1053 of 1658 START sql table model gitlab_dotcom.gitlab_dotcom_catalog_resources_source  [RUN]
[0m03:27:12  1049 of 1658 OK created sql table model gitlab_dotcom.gitlab_dotcom_boards_source  [[32m02000 1[0m in 1.45s]
[0m03:27:12  1054 of 1658 START sql table model gitlab_dotcom.gitlab_dotcom_ci_builds_source  [RUN]
[0m03:27:12  1050 of 1658 OK created sql table model gitlab_dotcom.gitlab_dotcom_ci_build_trace_chunks_source  [[32m02000 1[0m in 1.27s]
[0m03:27:12  1052 of 1658 OK created sql table model gitlab_dotcom.gitlab_dotcom_catalog_resource_versions_source  [[32m02000 1[0m in 1.26s]
[0m03:27:12  1055 of 1658 START sql table model gitlab_dotcom.gitlab_dotcom_ci_builds_metadata_source  [RUN]
[0m03:27:12  1056 of 1658 START sql table model gitlab_dotcom.gitlab_dotcom_ci_group_variables_source  [RUN]
[0m03:27:13  1053 of 1658 OK created sql table model gitlab_dotcom.gitlab_dotcom_catalog_resources_source  [[32m02000 1[0m in 2.40s]
[0m03:27:13  1057 of 1658 START sql table model gitlab_dotcom.gitlab_dotcom_ci_job_artifacts_source  [RUN]
[0m03:27:14  1055 of 1658 OK created sql table model gitlab_dotcom.gitlab_dotcom_ci_builds_metadata_source  [[32m02000 1[0m in 1.58s]
[0m03:27:14  1058 of 1658 START sql table model gitlab_dotcom.gitlab_dotcom_ci_namespace_monthly_usages_source  [RUN]
[0m03:27:14  1056 of 1658 OK created sql table model gitlab_dotcom.gitlab_dotcom_ci_group_variables_source  [[32m02000 1[0m in 2.00s]
[0m03:27:14  1059 of 1658 START sql table model gitlab_dotcom.gitlab_dotcom_ci_pipeline_artifacts_source  [RUN]
[0m03:27:15  1054 of 1658 OK created sql table model gitlab_dotcom.gitlab_dotcom_ci_builds_source  [[32m02000 1[0m in 2.94s]
[0m03:27:15  1060 of 1658 START sql table model gitlab_dotcom.gitlab_dotcom_ci_pipeline_metadata_internal_only_source  [RUN]
[0m03:27:15  1057 of 1658 OK created sql table model gitlab_dotcom.gitlab_dotcom_ci_job_artifacts_source  [[32m02000 1[0m in 1.67s]
[0m03:27:15  1061 of 1658 START sql table model gitlab_dotcom.gitlab_dotcom_ci_pipeline_schedule_variables_source  [RUN]
[0m03:27:15  1058 of 1658 OK created sql table model gitlab_dotcom.gitlab_dotcom_ci_namespace_monthly_usages_source  [[32m02000 1[0m in 1.72s]
[0m03:27:15  1062 of 1658 START sql table model gitlab_dotcom.gitlab_dotcom_ci_pipeline_schedules_source  [RUN]
[0m03:27:16  1059 of 1658 OK created sql table model gitlab_dotcom.gitlab_dotcom_ci_pipeline_artifacts_source  [[32m02000 1[0m in 1.83s]
[0m03:27:16  1063 of 1658 START sql table model gitlab_dotcom.gitlab_dotcom_ci_pipelines_source  [RUN]
[0m03:27:16  1060 of 1658 OK created sql table model gitlab_dotcom.gitlab_dotcom_ci_pipeline_metadata_internal_only_source  [[32m02000 1[0m in 1.77s]
[0m03:27:16  1064 of 1658 START sql table model gitlab_dotcom.gitlab_dotcom_ci_runner_machines_source  [RUN]
[0m03:27:17  1061 of 1658 OK created sql table model gitlab_dotcom.gitlab_dotcom_ci_pipeline_schedule_variables_source  [[32m02000 1[0m in 1.74s]
[0m03:27:17  1065 of 1658 START sql table model gitlab_dotcom.gitlab_dotcom_ci_runner_projects_source  [RUN]
[0m03:27:17  1062 of 1658 OK created sql table model gitlab_dotcom.gitlab_dotcom_ci_pipeline_schedules_source  [[32m02000 1[0m in 1.75s]
[0m03:27:17  1066 of 1658 START sql table model gitlab_dotcom.gitlab_dotcom_ci_secure_files_source  [RUN]
[0m03:27:18  1064 of 1658 OK created sql table model gitlab_dotcom.gitlab_dotcom_ci_runner_machines_source  [[32m02000 1[0m in 2.02s]
[0m03:27:18  1063 of 1658 OK created sql table model gitlab_dotcom.gitlab_dotcom_ci_pipelines_source  [[32m02000 1[0m in 2.45s]
[0m03:27:18  1067 of 1658 START sql table model gitlab_dotcom.gitlab_dotcom_ci_sources_pipelines_source  [RUN]
[0m03:27:18  1068 of 1658 START sql table model gitlab_dotcom.gitlab_dotcom_ci_runners_source  [RUN]
[0m03:27:19  1065 of 1658 OK created sql table model gitlab_dotcom.gitlab_dotcom_ci_runner_projects_source  [[32m02000 1[0m in 1.76s]
[0m03:27:19  1069 of 1658 START sql table model gitlab_dotcom.gitlab_dotcom_ci_stages_source  [RUN]
[0m03:27:19  1066 of 1658 OK created sql table model gitlab_dotcom.gitlab_dotcom_ci_secure_files_source  [[32m02000 1[0m in 2.04s]
[0m03:27:19  1070 of 1658 START sql table model gitlab_dotcom.gitlab_dotcom_ci_trigger_requests_source  [RUN]
[0m03:27:20  1067 of 1658 OK created sql table model gitlab_dotcom.gitlab_dotcom_ci_sources_pipelines_source  [[32m02000 1[0m in 1.71s]
[0m03:27:20  1069 of 1658 OK created sql table model gitlab_dotcom.gitlab_dotcom_ci_stages_source  [[32m02000 1[0m in 1.62s]
[0m03:27:20  1068 of 1658 OK created sql table model gitlab_dotcom.gitlab_dotcom_ci_runners_source  [[32m02000 1[0m in 1.71s]
[0m03:27:20  1071 of 1658 START sql table model gitlab_dotcom.gitlab_dotcom_ci_triggers_source  [RUN]
[0m03:27:20  1072 of 1658 START sql table model gitlab_dotcom.gitlab_dotcom_ci_subscriptions_projects_source  [RUN]
[0m03:27:20  1073 of 1658 START sql table model gitlab_dotcom.gitlab_dotcom_cluster_groups_source  [RUN]
[0m03:27:21  1070 of 1658 OK created sql table model gitlab_dotcom.gitlab_dotcom_ci_trigger_requests_source  [[32m02000 1[0m in 1.81s]
[0m03:27:21  1074 of 1658 START sql table model gitlab_dotcom.gitlab_dotcom_cluster_agents_source  [RUN]
[0m03:27:22  1072 of 1658 OK created sql table model gitlab_dotcom.gitlab_dotcom_ci_subscriptions_projects_source  [[32m02000 1[0m in 1.60s]
[0m03:27:22  1075 of 1658 START sql table model gitlab_dotcom.gitlab_dotcom_clusters_applications_crossplane_source  [RUN]
[0m03:27:22  1071 of 1658 OK created sql table model gitlab_dotcom.gitlab_dotcom_ci_triggers_source  [[32m02000 1[0m in 1.61s]
[0m03:27:22  1073 of 1658 OK created sql table model gitlab_dotcom.gitlab_dotcom_cluster_groups_source  [[32m02000 1[0m in 1.62s]
[0m03:27:22  1076 of 1658 START sql table model gitlab_dotcom.gitlab_dotcom_cluster_projects_source  [RUN]
[0m03:27:22  1077 of 1658 START sql table model gitlab_dotcom.gitlab_dotcom_clusters_applications_cert_managers_source  [RUN]
[0m03:27:23  1074 of 1658 OK created sql table model gitlab_dotcom.gitlab_dotcom_cluster_agents_source  [[32m02000 1[0m in 1.61s]
[0m03:27:23  1078 of 1658 START sql table model gitlab_dotcom.gitlab_dotcom_clusters_applications_elastic_stacks_source  [RUN]
[0m03:27:24  1076 of 1658 OK created sql table model gitlab_dotcom.gitlab_dotcom_cluster_projects_source  [[32m02000 1[0m in 1.60s]
[0m03:27:24  1075 of 1658 OK created sql table model gitlab_dotcom.gitlab_dotcom_clusters_applications_crossplane_source  [[32m02000 1[0m in 1.62s]
[0m03:27:24  1079 of 1658 START sql table model gitlab_dotcom.gitlab_dotcom_clusters_applications_ingress_source  [RUN]
[0m03:27:24  1077 of 1658 OK created sql table model gitlab_dotcom.gitlab_dotcom_clusters_applications_cert_managers_source  [[32m02000 1[0m in 1.59s]
[0m03:27:24  1080 of 1658 START sql table model gitlab_dotcom.gitlab_dotcom_clusters_applications_jupyter_source  [RUN]
[0m03:27:24  1081 of 1658 START sql table model gitlab_dotcom.gitlab_dotcom_clusters_applications_helm_source  [RUN]
[0m03:27:24  1078 of 1658 OK created sql table model gitlab_dotcom.gitlab_dotcom_clusters_applications_elastic_stacks_source  [[32m02000 1[0m in 1.11s]
[0m03:27:24  1082 of 1658 START sql table model gitlab_dotcom.gitlab_dotcom_clusters_applications_knative_source  [RUN]
[0m03:27:27  1082 of 1658 OK created sql table model gitlab_dotcom.gitlab_dotcom_clusters_applications_knative_source  [[32m02000 1[0m in 3.12s]
[0m03:27:27  1079 of 1658 OK created sql table model gitlab_dotcom.gitlab_dotcom_clusters_applications_ingress_source  [[32m02000 1[0m in 3.17s]
[0m03:27:27  1081 of 1658 OK created sql table model gitlab_dotcom.gitlab_dotcom_clusters_applications_helm_source  [[32m02000 1[0m in 3.17s]
[0m03:27:27  1083 of 1658 START sql table model gitlab_dotcom.gitlab_dotcom_clusters_applications_runners_source  [RUN]
[0m03:27:27  1080 of 1658 OK created sql table model gitlab_dotcom.gitlab_dotcom_clusters_applications_jupyter_source  [[32m02000 1[0m in 3.17s]
[0m03:27:27  1084 of 1658 START sql table model gitlab_dotcom.gitlab_dotcom_clusters_applications_prometheus_source  [RUN]
[0m03:27:27  1085 of 1658 START sql table model gitlab_dotcom.gitlab_dotcom_clusters_source . [RUN]
[0m03:27:27  1086 of 1658 START sql table model gitlab_dotcom.gitlab_dotcom_container_repositories_source  [RUN]
[0m03:27:29  1083 of 1658 OK created sql table model gitlab_dotcom.gitlab_dotcom_clusters_applications_runners_source  [[32m02000 1[0m in 2.02s]
[0m03:27:29  1087 of 1658 START sql table model gitlab_dotcom.gitlab_dotcom_dast_profiles_source  [RUN]
[0m03:27:30  1085 of 1658 OK created sql table model gitlab_dotcom.gitlab_dotcom_clusters_source  [[32m02000 1[0m in 3.32s]
[0m03:27:30  1088 of 1658 START sql table model gitlab_dotcom.gitlab_dotcom_deployment_merge_requests_source  [RUN]
[0m03:27:30  1086 of 1658 OK created sql table model gitlab_dotcom.gitlab_dotcom_container_repositories_source  [[32m02000 1[0m in 3.42s]
[0m03:27:30  1084 of 1658 OK created sql table model gitlab_dotcom.gitlab_dotcom_clusters_applications_prometheus_source  [[32m02000 1[0m in 3.43s]
[0m03:27:30  1089 of 1658 START sql table model gitlab_dotcom.gitlab_dotcom_deployments_source  [RUN]
[0m03:27:30  1090 of 1658 START sql table model gitlab_dotcom.gitlab_dotcom_elasticsearch_indexed_namespaces_source  [RUN]
[0m03:27:32  1087 of 1658 OK created sql table model gitlab_dotcom.gitlab_dotcom_dast_profiles_source  [[32m02000 1[0m in 2.63s]
[0m03:27:32  1088 of 1658 OK created sql table model gitlab_dotcom.gitlab_dotcom_deployment_merge_requests_source  [[32m02000 1[0m in 1.32s]
[0m03:27:32  1091 of 1658 START sql table model gitlab_dotcom.gitlab_dotcom_environments_source  [RUN]
[0m03:27:32  1092 of 1658 START sql table model gitlab_dotcom.gitlab_dotcom_epic_issues_source  [RUN]
[0m03:27:32  1089 of 1658 OK created sql table model gitlab_dotcom.gitlab_dotcom_deployments_source  [[32m02000 1[0m in 2.01s]
[0m03:27:32  1093 of 1658 START sql table model gitlab_dotcom.gitlab_dotcom_epics_source .... [RUN]
[0m03:27:32  1090 of 1658 OK created sql table model gitlab_dotcom.gitlab_dotcom_elasticsearch_indexed_namespaces_source  [[32m02000 1[0m in 2.02s]
[0m03:27:32  1094 of 1658 START sql table model gitlab_dotcom.gitlab_dotcom_events_source ... [RUN]
[0m03:27:33  1091 of 1658 OK created sql table model gitlab_dotcom.gitlab_dotcom_environments_source  [[32m02000 1[0m in 1.61s]
[0m03:27:33  1092 of 1658 OK created sql table model gitlab_dotcom.gitlab_dotcom_epic_issues_source  [[32m02000 1[0m in 1.61s]
[0m03:27:33  1095 of 1658 START sql table model gitlab_dotcom.gitlab_dotcom_fork_network_members_source  [RUN]
[0m03:27:33  1096 of 1658 START sql table model gitlab_dotcom.gitlab_dotcom_gpg_signatures_source  [RUN]
[0m03:27:34  1094 of 1658 OK created sql table model gitlab_dotcom.gitlab_dotcom_events_source  [[32m02000 1[0m in 2.00s]
[0m03:27:34  1095 of 1658 OK created sql table model gitlab_dotcom.gitlab_dotcom_fork_network_members_source  [[32m02000 1[0m in 1.21s]
[0m03:27:34  1097 of 1658 START sql table model gitlab_dotcom.gitlab_dotcom_group_audit_events_source  [RUN]
[0m03:27:34  1098 of 1658 START sql table model legacy.gitlab_dotcom_gitlab_subscriptions ... [RUN]
[0m03:27:35  1093 of 1658 OK created sql table model gitlab_dotcom.gitlab_dotcom_epics_source  [[32m02000 1[0m in 2.82s]
[0m03:27:35  1096 of 1658 OK created sql table model gitlab_dotcom.gitlab_dotcom_gpg_signatures_source  [[32m02000 1[0m in 2.02s]
[0m03:27:35  1099 of 1658 START sql table model gitlab_dotcom.gitlab_dotcom_identities_source  [RUN]
[0m03:27:35  1100 of 1658 START sql table model legacy.gitlab_dotcom_group_group_links ...... [RUN]
[0m03:27:36  1097 of 1658 OK created sql table model gitlab_dotcom.gitlab_dotcom_group_audit_events_source  [[32m02000 1[0m in 1.61s]
[0m03:27:36  1098 of 1658 OK created sql table model legacy.gitlab_dotcom_gitlab_subscriptions  [[32m02000 1[0m in 1.61s]
[0m03:27:36  1101 of 1658 START sql table model gitlab_dotcom.gitlab_dotcom_incident_management_issuable_escalation_statuses_source  [RUN]
[0m03:27:36  1102 of 1658 START sql table model gitlab_dotcom.gitlab_dotcom_incident_management_timeline_event_tag_links_source  [RUN]
[0m03:27:37  1099 of 1658 OK created sql table model gitlab_dotcom.gitlab_dotcom_identities_source  [[32m02000 1[0m in 1.61s]
[0m03:27:37  1100 of 1658 OK created sql table model legacy.gitlab_dotcom_group_group_links . [[32m02000 1[0m in 1.60s]
[0m03:27:37  1103 of 1658 START sql table model gitlab_dotcom.gitlab_dotcom_incident_management_timeline_event_tags_source  [RUN]
[0m03:27:37  1104 of 1658 START sql table model gitlab_dotcom.gitlab_dotcom_incident_management_timeline_events_source  [RUN]
[0m03:27:38  1102 of 1658 OK created sql table model gitlab_dotcom.gitlab_dotcom_incident_management_timeline_event_tag_links_source  [[32m02000 1[0m in 1.49s]
[0m03:27:38  1101 of 1658 OK created sql table model gitlab_dotcom.gitlab_dotcom_incident_management_issuable_escalation_statuses_source  [[32m02000 1[0m in 1.51s]
[0m03:27:38  1105 of 1658 START sql table model gitlab_dotcom.gitlab_dotcom_integrations_source  [RUN]
[0m03:27:38  1106 of 1658 START sql table model legacy.gitlab_dotcom_issue_assignees ........ [RUN]
[0m03:27:38  1103 of 1658 OK created sql table model gitlab_dotcom.gitlab_dotcom_incident_management_timeline_event_tags_source  [[32m02000 1[0m in 1.51s]
[0m03:27:38  1104 of 1658 OK created sql table model gitlab_dotcom.gitlab_dotcom_incident_management_timeline_events_source  [[32m02000 1[0m in 1.51s]
[0m03:27:38  1107 of 1658 START sql table model gitlab_dotcom.gitlab_dotcom_issuable_severities_source  [RUN]
[0m03:27:38  1108 of 1658 START sql table model gitlab_dotcom.gitlab_dotcom_issue_metrics_source  [RUN]
[0m03:27:40  1106 of 1658 OK created sql table model legacy.gitlab_dotcom_issue_assignees ... [[32m02000 1[0m in 1.61s]
[0m03:27:40  1105 of 1658 OK created sql table model gitlab_dotcom.gitlab_dotcom_integrations_source  [[32m02000 1[0m in 1.61s]
[0m03:27:40  1109 of 1658 START sql table model gitlab_dotcom.gitlab_dotcom_issues_source ... [RUN]
[0m03:27:40  1110 of 1658 START sql table model gitlab_dotcom.gitlab_dotcom_label_priorities_source  [RUN]
[0m03:27:40  1107 of 1658 OK created sql table model gitlab_dotcom.gitlab_dotcom_issuable_severities_source  [[32m02000 1[0m in 1.21s]
[0m03:27:40  1108 of 1658 OK created sql table model gitlab_dotcom.gitlab_dotcom_issue_metrics_source  [[32m02000 1[0m in 1.21s]
[0m03:27:40  1111 of 1658 START sql table model legacy.gitlab_dotcom_label_links ............ [RUN]
[0m03:27:40  1112 of 1658 START sql table model common_prep.prep_label_links ................ [RUN]
[0m03:27:41  1112 of 1658 OK created sql table model common_prep.prep_label_links ........... [[32m02000 1[0m in 1.31s]
[0m03:27:41  1113 of 1658 START sql table model gitlab_dotcom.gitlab_dotcom_labels_source ... [RUN]
[0m03:27:42  1110 of 1658 OK created sql table model gitlab_dotcom.gitlab_dotcom_label_priorities_source  [[32m02000 1[0m in 1.96s]
[0m03:27:42  1114 of 1658 START sql table model gitlab_dotcom.gitlab_dotcom_member_roles_source  [RUN]
[0m03:27:42  1114 of 1658 ERROR creating sql table model gitlab_dotcom.gitlab_dotcom_member_roles_source  [[31mERROR[0m in 0.40s]
[0m03:27:42  1115 of 1658 START sql table model gitlab_dotcom.gitlab_dotcom_lists_source .... [RUN]
[0m03:27:42  1111 of 1658 OK created sql table model legacy.gitlab_dotcom_label_links ....... [[32m02000 1[0m in 2.43s]
[0m03:27:42  1116 of 1658 START sql table model gitlab_dotcom.gitlab_dotcom_merge_request_metrics_source  [RUN]
[0m03:27:43  1109 of 1658 OK created sql table model gitlab_dotcom.gitlab_dotcom_issues_source  [[32m02000 1[0m in 3.51s]
[0m03:27:43  1117 of 1658 START sql table model gitlab_dotcom.gitlab_dotcom_merge_request_diffs_source  [RUN]
[0m03:27:43  1113 of 1658 OK created sql table model gitlab_dotcom.gitlab_dotcom_labels_source  [[32m02000 1[0m in 2.25s]
[0m03:27:43  1118 of 1658 START sql table model gitlab_dotcom.gitlab_dotcom_merge_request_diff_commit_users_source  [RUN]
[0m03:27:44  1115 of 1658 OK created sql table model gitlab_dotcom.gitlab_dotcom_lists_source  [[32m02000 1[0m in 1.69s]
[0m03:27:44  1119 of 1658 START sql table model legacy.gitlab_dotcom_members ................ [RUN]
[0m03:27:44  1116 of 1658 OK created sql table model gitlab_dotcom.gitlab_dotcom_merge_request_metrics_source  [[32m02000 1[0m in 2.01s]
[0m03:27:44  1120 of 1658 START sql table model gitlab_dotcom.gitlab_dotcom_merge_request_predictions_source  [RUN]
[0m03:27:45  1117 of 1658 OK created sql table model gitlab_dotcom.gitlab_dotcom_merge_request_diffs_source  [[32m02000 1[0m in 1.45s]
[0m03:27:45  1121 of 1658 START sql table model gitlab_dotcom.gitlab_dotcom_merge_requests_source  [RUN]
[0m03:27:45  1118 of 1658 OK created sql table model gitlab_dotcom.gitlab_dotcom_merge_request_diff_commit_users_source  [[32m02000 1[0m in 1.73s]
[0m03:27:45  1122 of 1658 START sql table model legacy.gitlab_dotcom_merge_request_reviewers  [RUN]
[0m03:27:46  1119 of 1658 OK created sql table model legacy.gitlab_dotcom_members ........... [[32m02000 1[0m in 1.85s]
[0m03:27:46  1123 of 1658 START sql table model gitlab_dotcom.gitlab_dotcom_milestones_source  [RUN]
[0m03:27:46  1120 of 1658 OK created sql table model gitlab_dotcom.gitlab_dotcom_merge_request_predictions_source  [[32m02000 1[0m in 1.85s]
[0m03:27:46  1124 of 1658 START sql table model gitlab_dotcom.gitlab_dotcom_ml_candidates_source  [RUN]
[0m03:27:47  1122 of 1658 OK created sql table model legacy.gitlab_dotcom_merge_request_reviewers  [[32m02000 1[0m in 1.71s]
[0m03:27:47  1125 of 1658 START sql table model workspace_product.wk_gitlab_dotcom_namespace_details_snapshots  [RUN]
[0m03:27:48  1124 of 1658 OK created sql table model gitlab_dotcom.gitlab_dotcom_ml_candidates_source  [[32m02000 1[0m in 1.75s]
[0m03:27:48  1121 of 1658 OK created sql table model gitlab_dotcom.gitlab_dotcom_merge_requests_source  [[32m02000 1[0m in 3.12s]
[0m03:27:48  1126 of 1658 START sql table model gitlab_dotcom.gitlab_dotcom_ml_experiments_source  [RUN]
[0m03:27:48  1127 of 1658 START sql table model gitlab_dotcom.gitlab_dotcom_namespace_details_source  [RUN]
[0m03:27:48  1123 of 1658 OK created sql table model gitlab_dotcom.gitlab_dotcom_milestones_source  [[32m02000 1[0m in 2.99s]
[0m03:27:48  1128 of 1658 START sql table model gitlab_dotcom.gitlab_dotcom_namespace_root_storage_statistics_source  [RUN]
[0m03:27:49  1125 of 1658 OK created sql table model workspace_product.wk_gitlab_dotcom_namespace_details_snapshots  [[32m02000 1[0m in 1.84s]
[0m03:27:49  1129 of 1658 START sql table model gitlab_dotcom.gitlab_dotcom_namespace_settings_source  [RUN]
[0m03:27:49  1127 of 1658 OK created sql table model gitlab_dotcom.gitlab_dotcom_namespace_details_source  [[32m02000 1[0m in 1.60s]
[0m03:27:49  1130 of 1658 START sql table model gitlab_dotcom.gitlab_dotcom_namespace_statistics_source  [RUN]
[0m03:27:49  1126 of 1658 OK created sql table model gitlab_dotcom.gitlab_dotcom_ml_experiments_source  [[32m02000 1[0m in 1.61s]
[0m03:27:49  1131 of 1658 START sql table model preparation.gitlab_dotcom_namespace_lineage_scd  [RUN]
[0m03:27:50  1131 of 1658 ERROR creating sql table model preparation.gitlab_dotcom_namespace_lineage_scd  [[31mERROR[0m in 0.45s]
[0m03:27:50  1132 of 1658 START sql table model gitlab_dotcom.gitlab_dotcom_namespaces_source  [RUN]
[0m03:27:50  1132 of 1658 ERROR creating sql table model gitlab_dotcom.gitlab_dotcom_namespaces_source  [[31mERROR[0m in 0.09s]
[0m03:27:50  1133 of 1658 START sql table model gitlab_dotcom.gitlab_dotcom_notification_settings_source  [RUN]
[0m03:27:50  1128 of 1658 OK created sql table model gitlab_dotcom.gitlab_dotcom_namespace_root_storage_statistics_source  [[32m02000 1[0m in 1.51s]
[0m03:27:50  1134 of 1658 START sql table model gitlab_dotcom.gitlab_dotcom_oauth_access_tokens_source  [RUN]
[0m03:27:50  1129 of 1658 OK created sql table model gitlab_dotcom.gitlab_dotcom_namespace_settings_source  [[32m02000 1[0m in 1.60s]
[0m03:27:50  1135 of 1658 START sql table model gitlab_dotcom.gitlab_dotcom_onboarding_progresses_source  [RUN]
[0m03:27:51  1130 of 1658 OK created sql table model gitlab_dotcom.gitlab_dotcom_namespace_statistics_source  [[32m02000 1[0m in 1.67s]
[0m03:27:51  1136 of 1658 START sql table model gitlab_dotcom.gitlab_dotcom_packages_packages_source  [RUN]
[0m03:27:51  1135 of 1658 OK created sql table model gitlab_dotcom.gitlab_dotcom_onboarding_progresses_source  [[32m02000 1[0m in 0.86s]
[0m03:27:51  1133 of 1658 OK created sql table model gitlab_dotcom.gitlab_dotcom_notification_settings_source  [[32m02000 1[0m in 1.12s]
[0m03:27:51  1137 of 1658 START sql table model gitlab_dotcom.gitlab_dotcom_pages_domains_source  [RUN]
[0m03:27:51  1138 of 1658 START sql table model gitlab_dotcom.gitlab_dotcom_plans_source .... [RUN]
[0m03:27:51  1137 of 1658 ERROR creating sql table model gitlab_dotcom.gitlab_dotcom_pages_domains_source  [[31mERROR[0m in 0.08s]
[0m03:27:51  1139 of 1658 START sql table model gitlab_dotcom.gitlab_dotcom_project_auto_devops_source  [RUN]
[0m03:27:52  1134 of 1658 OK created sql table model gitlab_dotcom.gitlab_dotcom_oauth_access_tokens_source  [[32m02000 1[0m in 1.67s]
[0m03:27:52  1140 of 1658 START sql table model gitlab_dotcom.gitlab_dotcom_programming_languages_source  [RUN]
[0m03:27:53  1136 of 1658 OK created sql table model gitlab_dotcom.gitlab_dotcom_packages_packages_source  [[32m02000 1[0m in 1.78s]
[0m03:27:53  1139 of 1658 OK created sql table model gitlab_dotcom.gitlab_dotcom_project_auto_devops_source  [[32m02000 1[0m in 1.31s]
[0m03:27:53  1141 of 1658 START sql table model gitlab_dotcom.gitlab_dotcom_project_ci_cd_settings_source  [RUN]
[0m03:27:53  1138 of 1658 OK created sql table model gitlab_dotcom.gitlab_dotcom_plans_source  [[32m02000 1[0m in 1.77s]
[0m03:27:53  1142 of 1658 START sql table model gitlab_dotcom.gitlab_dotcom_project_features_source  [RUN]
[0m03:27:53  1143 of 1658 START sql table model gitlab_dotcom.gitlab_dotcom_project_mirror_data_source  [RUN]
[0m03:27:53  1141 of 1658 ERROR creating sql table model gitlab_dotcom.gitlab_dotcom_project_ci_cd_settings_source  [[31mERROR[0m in 0.08s]
[0m03:27:53  1144 of 1658 START sql table model gitlab_dotcom.gitlab_dotcom_project_security_settings_source  [RUN]
[0m03:27:54  1140 of 1658 OK created sql table model gitlab_dotcom.gitlab_dotcom_programming_languages_source  [[32m02000 1[0m in 2.08s]
[0m03:27:54  1145 of 1658 START sql table model gitlab_dotcom.gitlab_dotcom_project_repositories_source  [RUN]
[0m03:27:54  1142 of 1658 OK created sql table model gitlab_dotcom.gitlab_dotcom_project_features_source  [[32m02000 1[0m in 1.71s]
[0m03:27:54  1144 of 1658 OK created sql table model gitlab_dotcom.gitlab_dotcom_project_security_settings_source  [[32m02000 1[0m in 1.63s]
[0m03:27:54  1143 of 1658 OK created sql table model gitlab_dotcom.gitlab_dotcom_project_mirror_data_source  [[32m02000 1[0m in 1.71s]
[0m03:27:54  1146 of 1658 START sql table model legacy.gitlab_dotcom_project_group_links .... [RUN]
[0m03:27:54  1147 of 1658 START sql table model gitlab_dotcom.gitlab_dotcom_project_settings_source  [RUN]
[0m03:27:54  1148 of 1658 START sql table model gitlab_dotcom.gitlab_dotcom_project_statistics_source  [RUN]
[0m03:27:55  1145 of 1658 OK created sql table model gitlab_dotcom.gitlab_dotcom_project_repositories_source  [[32m02000 1[0m in 1.62s]
[0m03:27:55  1149 of 1658 START sql table model gitlab_dotcom.gitlab_dotcom_projects_source . [RUN]
[0m03:27:56  1148 of 1658 OK created sql table model gitlab_dotcom.gitlab_dotcom_project_statistics_source  [[32m02000 1[0m in 1.70s]
[0m03:27:56  1146 of 1658 OK created sql table model legacy.gitlab_dotcom_project_group_links  [[32m02000 1[0m in 1.71s]
[0m03:27:56  1147 of 1658 OK created sql table model gitlab_dotcom.gitlab_dotcom_project_settings_source  [[32m02000 1[0m in 1.71s]
[0m03:27:56  1150 of 1658 START sql table model gitlab_dotcom.gitlab_dotcom_protected_branch_merge_access_levels_source  [RUN]
[0m03:27:56  1151 of 1658 START sql table model gitlab_dotcom.gitlab_dotcom_protected_branch_push_access_levels_source  [RUN]
[0m03:27:56  1152 of 1658 START sql table model gitlab_dotcom.gitlab_dotcom_releases_source . [RUN]
[0m03:27:59  1150 of 1658 OK created sql table model gitlab_dotcom.gitlab_dotcom_protected_branch_merge_access_levels_source  [[32m02000 1[0m in 3.02s]
[0m03:27:59  1151 of 1658 OK created sql table model gitlab_dotcom.gitlab_dotcom_protected_branch_push_access_levels_source  [[32m02000 1[0m in 3.03s]
[0m03:27:59  1152 of 1658 OK created sql table model gitlab_dotcom.gitlab_dotcom_releases_source  [[32m02000 1[0m in 3.03s]
[0m03:27:59  1153 of 1658 START sql table model gitlab_dotcom.gitlab_dotcom_repository_languages_source  [RUN]
[0m03:27:59  1154 of 1658 START sql table model gitlab_dotcom.gitlab_dotcom_resource_label_events_source  [RUN]
[0m03:27:59  1155 of 1658 START sql table model gitlab_dotcom.gitlab_dotcom_resource_weight_events_source  [RUN]
[0m03:28:00  1149 of 1658 OK created sql table model gitlab_dotcom.gitlab_dotcom_projects_source  [[32m02000 1[0m in 4.74s]
[0m03:28:00  1156 of 1658 START sql table model gitlab_dotcom.gitlab_dotcom_resource_milestone_events_source  [RUN]
[0m03:28:01  1154 of 1658 OK created sql table model gitlab_dotcom.gitlab_dotcom_resource_label_events_source  [[32m02000 1[0m in 1.50s]
[0m03:28:01  1157 of 1658 START sql table model gitlab_dotcom.gitlab_dotcom_reviews_source .. [RUN]
[0m03:28:01  1155 of 1658 OK created sql table model gitlab_dotcom.gitlab_dotcom_resource_weight_events_source  [[32m02000 1[0m in 1.60s]
[0m03:28:01  1153 of 1658 OK created sql table model gitlab_dotcom.gitlab_dotcom_repository_languages_source  [[32m02000 1[0m in 1.61s]
[0m03:28:01  1158 of 1658 START sql table model gitlab_dotcom.gitlab_dotcom_routes_source ... [RUN]
[0m03:28:01  1159 of 1658 START sql table model gitlab_dotcom.gitlab_dotcom_saml_providers_source  [RUN]
[0m03:28:02  1156 of 1658 OK created sql table model gitlab_dotcom.gitlab_dotcom_resource_milestone_events_source  [[32m02000 1[0m in 1.61s]
[0m03:28:02  1160 of 1658 START sql table model gitlab_dotcom.gitlab_dotcom_security_scans_source  [RUN]
[0m03:28:02  1159 of 1658 OK created sql table model gitlab_dotcom.gitlab_dotcom_saml_providers_source  [[32m02000 1[0m in 0.90s]
[0m03:28:02  1157 of 1658 OK created sql table model gitlab_dotcom.gitlab_dotcom_reviews_source  [[32m02000 1[0m in 1.02s]
[0m03:28:02  1161 of 1658 START sql table model gitlab_dotcom.gitlab_dotcom_snippets_source . [RUN]
[0m03:28:02  1162 of 1658 START sql table model gitlab_dotcom.gitlab_dotcom_sprints_internal_only_source  [RUN]
[0m03:28:03  1162 of 1658 OK created sql table model gitlab_dotcom.gitlab_dotcom_sprints_internal_only_source  [[32m02000 1[0m in 1.52s]
[0m03:28:03  1160 of 1658 OK created sql table model gitlab_dotcom.gitlab_dotcom_security_scans_source  [[32m02000 1[0m in 1.55s]
[0m03:28:03  1163 of 1658 START sql table model gitlab_dotcom.gitlab_dotcom_ssh_signatures_source  [RUN]
[0m03:28:03  1164 of 1658 START sql table model gitlab_dotcom.gitlab_dotcom_subscription_add_on_purchases_source  [RUN]
[0m03:28:04  1158 of 1658 OK created sql table model gitlab_dotcom.gitlab_dotcom_routes_source  [[32m02000 1[0m in 3.16s]
[0m03:28:04  1161 of 1658 OK created sql table model gitlab_dotcom.gitlab_dotcom_snippets_source  [[32m02000 1[0m in 2.24s]
[0m03:28:04  1165 of 1658 START sql table model gitlab_dotcom.gitlab_dotcom_subscription_user_add_on_assignment_versions_source  [RUN]
[0m03:28:04  1166 of 1658 START sql table model gitlab_dotcom.gitlab_dotcom_subscription_add_ons_source  [RUN]
[0m03:28:05  1164 of 1658 OK created sql table model gitlab_dotcom.gitlab_dotcom_subscription_add_on_purchases_source  [[32m02000 1[0m in 1.51s]
[0m03:28:05  1167 of 1658 START sql table model gitlab_dotcom.gitlab_dotcom_subscription_user_add_on_assignments_source  [RUN]
[0m03:28:05  1163 of 1658 OK created sql table model gitlab_dotcom.gitlab_dotcom_ssh_signatures_source  [[32m02000 1[0m in 1.52s]
[0m03:28:05  1168 of 1658 START sql table model gitlab_dotcom.gitlab_dotcom_subscriptions_source  [RUN]
[0m03:28:06  1165 of 1658 OK created sql table model gitlab_dotcom.gitlab_dotcom_subscription_user_add_on_assignment_versions_source  [[32m02000 1[0m in 1.61s]
[0m03:28:06  1166 of 1658 OK created sql table model gitlab_dotcom.gitlab_dotcom_subscription_add_ons_source  [[32m02000 1[0m in 1.61s]
[0m03:28:06  1169 of 1658 START sql table model gitlab_dotcom.gitlab_dotcom_system_note_metadata_source  [RUN]
[0m03:28:06  1170 of 1658 START sql table model gitlab_dotcom.gitlab_dotcom_terraform_states_source  [RUN]
[0m03:28:06  1168 of 1658 OK created sql table model gitlab_dotcom.gitlab_dotcom_subscriptions_source  [[32m02000 1[0m in 1.19s]
[0m03:28:06  1167 of 1658 OK created sql table model gitlab_dotcom.gitlab_dotcom_subscription_user_add_on_assignments_source  [[32m02000 1[0m in 1.22s]
[0m03:28:06  1171 of 1658 START sql table model gitlab_dotcom.gitlab_dotcom_todos_source .... [RUN]
[0m03:28:06  1172 of 1658 START sql table model gitlab_dotcom.gitlab_dotcom_user_custom_attributes_source  [RUN]
[0m03:28:09  1169 of 1658 OK created sql table model gitlab_dotcom.gitlab_dotcom_system_note_metadata_source  [[32m02000 1[0m in 3.16s]
[0m03:28:09  1173 of 1658 START sql table model gitlab_dotcom.gitlab_dotcom_user_preferences_source  [RUN]
[0m03:28:09  1172 of 1658 OK created sql table model gitlab_dotcom.gitlab_dotcom_user_custom_attributes_source  [[32m02000 1[0m in 3.12s]
[0m03:28:09  1171 of 1658 OK created sql table model gitlab_dotcom.gitlab_dotcom_todos_source  [[32m02000 1[0m in 3.12s]
[0m03:28:09  1170 of 1658 OK created sql table model gitlab_dotcom.gitlab_dotcom_terraform_states_source  [[32m02000 1[0m in 3.17s]
[0m03:28:09  1174 of 1658 START sql table model gitlab_dotcom.gitlab_dotcom_user_details_source  [RUN]
[0m03:28:09  1175 of 1658 START sql table model gitlab_dotcom.gitlab_dotcom_vulnerabilities_source  [RUN]
[0m03:28:09  1176 of 1658 START sql table model gitlab_dotcom.gitlab_dotcom_vulnerability_identifiers_source  [RUN]
[0m03:28:11  1175 of 1658 OK created sql table model gitlab_dotcom.gitlab_dotcom_vulnerabilities_source  [[32m02000 1[0m in 1.90s]
[0m03:28:11  1173 of 1658 OK created sql table model gitlab_dotcom.gitlab_dotcom_user_preferences_source  [[32m02000 1[0m in 1.93s]
[0m03:28:11  1177 of 1658 START sql table model gitlab_dotcom.gitlab_dotcom_vulnerability_occurrences_source  [RUN]
[0m03:28:11  1174 of 1658 OK created sql table model gitlab_dotcom.gitlab_dotcom_user_details_source  [[32m02000 1[0m in 1.91s]
[0m03:28:11  1178 of 1658 START sql table model gitlab_dotcom.gitlab_dotcom_vulnerability_state_transitions_source  [RUN]
[0m03:28:11  1179 of 1658 START sql table model gitlab_dotcom.gitlab_dotcom_vulnerability_reads_source  [RUN]
[0m03:28:13  1176 of 1658 OK created sql table model gitlab_dotcom.gitlab_dotcom_vulnerability_identifiers_source  [[32m02000 1[0m in 3.52s]
[0m03:28:13  1180 of 1658 START sql table model gitlab_dotcom.gitlab_dotcom_web_hooks_source  [RUN]
[0m03:28:14  1177 of 1658 ERROR creating sql table model gitlab_dotcom.gitlab_dotcom_vulnerability_occurrences_source  [[31mERROR[0m in 3.03s]
[0m03:28:14  1181 of 1658 START sql table model gitlab_dotcom.gitlab_dotcom_work_item_type_source  [RUN]
[0m03:28:14  1178 of 1658 OK created sql table model gitlab_dotcom.gitlab_dotcom_vulnerability_state_transitions_source  [[32m02000 1[0m in 3.12s]
[0m03:28:14  1182 of 1658 START sql table model gitlab_dotcom.gitlab_dotcom_zoekt_enabled_namespaces_source  [RUN]
[0m03:28:14  1179 of 1658 OK created sql table model gitlab_dotcom.gitlab_dotcom_vulnerability_reads_source  [[32m02000 1[0m in 3.12s]
[0m03:28:14  1183 of 1658 START sql table model gitlab_dotcom.gitlab_dotcom_zoekt_indices_source  [RUN]
[0m03:28:15  1180 of 1658 OK created sql table model gitlab_dotcom.gitlab_dotcom_web_hooks_source  [[32m02000 1[0m in 2.73s]
[0m03:28:15  1181 of 1658 OK created sql table model gitlab_dotcom.gitlab_dotcom_work_item_type_source  [[32m02000 1[0m in 1.31s]
[0m03:28:15  1184 of 1658 START sql table model legacy.gitlab_ops_ci_pipelines .............. [RUN]
[0m03:28:15  1185 of 1658 START sql table model legacy.gitlab_ops_ci_stages ................. [RUN]
[0m03:28:16  1182 of 1658 OK created sql table model gitlab_dotcom.gitlab_dotcom_zoekt_enabled_namespaces_source  [[32m02000 1[0m in 2.02s]
[0m03:28:16  1183 of 1658 OK created sql table model gitlab_dotcom.gitlab_dotcom_zoekt_indices_source  [[32m02000 1[0m in 2.01s]
[0m03:28:16  1186 of 1658 START sql table model legacy.gitlab_ops_labels .................... [RUN]
[0m03:28:16  1187 of 1658 START sql table model legacy.gitlab_ops_merge_request_metrics ..... [RUN]
[0m03:28:17  1184 of 1658 OK created sql table model legacy.gitlab_ops_ci_pipelines ......... [[32m02000 1[0m in 1.61s]
[0m03:28:17  1185 of 1658 OK created sql table model legacy.gitlab_ops_ci_stages ............ [[32m02000 1[0m in 1.61s]
[0m03:28:17  1188 of 1658 START sql table model legacy.gitlab_ops_label_links ............... [RUN]
[0m03:28:17  1189 of 1658 START sql table model legacy.gitlab_ops_merge_requests ............ [RUN]
[0m03:28:18  1186 of 1658 OK created sql table model legacy.gitlab_ops_labels ............... [[32m02000 1[0m in 1.51s]
[0m03:28:18  1187 of 1658 OK created sql table model legacy.gitlab_ops_merge_request_metrics  [[32m02000 1[0m in 1.50s]
[0m03:28:18  1190 of 1658 START sql table model legacy.gitlab_ops_projects .................. [RUN]
[0m03:28:18  1191 of 1658 START sql table model legacy.gitlab_ops_members ................... [RUN]
[0m03:28:19  1189 of 1658 OK created sql table model legacy.gitlab_ops_merge_requests ....... [[32m02000 1[0m in 1.51s]
[0m03:28:19  1188 of 1658 OK created sql table model legacy.gitlab_ops_label_links .......... [[32m02000 1[0m in 1.52s]
[0m03:28:19  1192 of 1658 START sql table model workspace_marketing.google_ad_group_hourly_stats  [RUN]
[0m03:28:19  1193 of 1658 START sql table model workspace_marketing.google_search_console_keyword_page_report  [RUN]
[0m03:28:19  1191 of 1658 OK created sql table model legacy.gitlab_ops_members .............. [[32m02000 1[0m in 1.61s]
[0m03:28:19  1194 of 1658 START sql table model legacy.rpt_interviewee_satisfaction_isat .... [RUN]
[0m03:28:20  1190 of 1658 OK created sql table model legacy.gitlab_ops_projects ............. [[32m02000 1[0m in 1.72s]
[0m03:28:20  1195 of 1658 START sql view model restricted_workspace_people.wk_talent_acquisition_candidate  [RUN]
[0m03:28:20  1195 of 1658 OK created sql view model restricted_workspace_people.wk_talent_acquisition_candidate  [[32m02000 1[0m in 0.06s]
[0m03:28:20  1196 of 1658 START sql view model restricted_workspace_people.wk_talent_acquisition_candidate_survey  [RUN]
[0m03:28:20  1196 of 1658 ERROR creating sql view model restricted_workspace_people.wk_talent_acquisition_candidate_survey  [[31mERROR[0m in 0.07s]
[0m03:28:20  1197 of 1658 START sql table model sensitive.greenhouse_sourcer ................ [RUN]
[0m03:28:20  1193 of 1658 OK created sql table model workspace_marketing.google_search_console_keyword_page_report  [[32m02000 1[0m in 1.61s]
[0m03:28:20  1198 of 1658 START sql view model restricted_workspace_people.wk_survey_builder  [RUN]
[0m03:28:21  1194 of 1658 OK created sql table model legacy.rpt_interviewee_satisfaction_isat  [[32m02000 1[0m in 1.19s]
[0m03:28:21  1192 of 1658 OK created sql table model workspace_marketing.google_ad_group_hourly_stats  [[32m02000 1[0m in 2.01s]
[0m03:28:21  1198 of 1658 ERROR creating sql view model restricted_workspace_people.wk_survey_builder  [[31mERROR[0m in 0.07s]
[0m03:28:21  1199 of 1658 START sql view model restricted_workspace_people.wk_talent_acquisition_candidate_tag  [RUN]
[0m03:28:21  1200 of 1658 START sql table model workspace_marketing.handbook_values_page_contributors  [RUN]
[0m03:28:21  1201 of 1658 START sql table model workspace_data.incident_history ............. [RUN]
[0m03:28:21  1199 of 1658 OK created sql view model restricted_workspace_people.wk_talent_acquisition_candidate_tag  [[32m02000 1[0m in 0.07s]
[0m03:28:21  1202 of 1658 START sql table model workspace_data_science.icp_successful_accounts_scores  [RUN]
[0m03:28:24  1200 of 1658 OK created sql table model workspace_marketing.handbook_values_page_contributors  [[32m02000 1[0m in 3.08s]
[0m03:28:24  1202 of 1658 OK created sql table model workspace_data_science.icp_successful_accounts_scores  [[32m02000 1[0m in 3.02s]
[0m03:28:24  1203 of 1658 START sql table model common_prep.prep_iterable_campaign_metrics .. [RUN]
[0m03:28:24  1204 of 1658 START sql table model common.dim_iterable_event ................... [RUN]
[0m03:28:24  1201 of 1658 OK created sql table model workspace_data.incident_history ........ [[32m02000 1[0m in 3.19s]
[0m03:28:24  1205 of 1658 START sql table model common.fct_iterable_event ................... [RUN]
[0m03:28:26  1205 of 1658 OK created sql table model common.fct_iterable_event .............. [[32m02000 1[0m in 1.84s]
[0m03:28:26  1206 of 1658 START sql table model common_prep.prep_iterable_list .............. [RUN]
[0m03:28:26  1204 of 1658 OK created sql table model common.dim_iterable_event .............. [[32m02000 1[0m in 1.95s]
[0m03:28:26  1207 of 1658 START sql table model common_prep.prep_iterable_email_template .... [RUN]
[0m03:28:27  1197 of 1658 OK created sql table model sensitive.greenhouse_sourcer ........... [[32m02000 1[0m in 7.38s]
[0m03:28:27  1208 of 1658 START sql table model workspace_engineering.demo_labs ............. [RUN]
[0m03:28:27  1203 of 1658 OK created sql table model common_prep.prep_iterable_campaign_metrics  [[32m02000 1[0m in 3.36s]
[0m03:28:27  1209 of 1658 SKIP relation common_prep.prep_location_factor .................... [[33mSKIP[0m]
[0m03:28:27  1210 of 1658 START sql table model workspace_data.key_assets ................... [RUN]
[0m03:28:28  1206 of 1658 OK created sql table model common_prep.prep_iterable_list ......... [[32m02000 1[0m in 2.56s]
[0m03:28:28  1211 of 1658 SKIP relation workspace_engineering.main_test_stats_e2e_metrics ... [[33mSKIP[0m]
[0m03:28:28  1212 of 1658 START sql table model workspace_marketing.wk_marketo_activity_add_to_list  [RUN]
[0m03:28:29  1210 of 1658 OK created sql table model workspace_data.key_assets .............. [[32m02000 1[0m in 1.95s]
[0m03:28:29  1207 of 1658 OK created sql table model common_prep.prep_iterable_email_template  [[32m02000 1[0m in 3.35s]
[0m03:28:29  1208 of 1658 OK created sql table model workspace_engineering.demo_labs ........ [[32m02000 1[0m in 2.05s]
[0m03:28:29  1213 of 1658 START sql table model workspace_marketing.wk_marketo_activity_add_to_nurture  [RUN]
[0m03:28:29  1214 of 1658 START sql table model workspace_marketing.wk_marketo_activity_add_to_sfdc_campaign  [RUN]
[0m03:28:29  1215 of 1658 START sql table model workspace_marketing.wk_marketo_activity_add_to_opportunity  [RUN]
[0m03:28:30  1212 of 1658 OK created sql table model workspace_marketing.wk_marketo_activity_add_to_list  [[32m02000 1[0m in 1.72s]
[0m03:28:30  1216 of 1658 START sql table model workspace_marketing.wk_marketo_activity_call_webhook  [RUN]
[0m03:28:31  1213 of 1658 OK created sql table model workspace_marketing.wk_marketo_activity_add_to_nurture  [[32m02000 1[0m in 1.71s]
[0m03:28:31  1214 of 1658 OK created sql table model workspace_marketing.wk_marketo_activity_add_to_sfdc_campaign  [[32m02000 1[0m in 1.71s]
[0m03:28:31  1215 of 1658 OK created sql table model workspace_marketing.wk_marketo_activity_add_to_opportunity  [[32m02000 1[0m in 1.72s]
[0m03:28:31  1217 of 1658 START sql table model workspace_marketing.wk_marketo_activity_change_nurture_cadence  [RUN]
[0m03:28:31  1218 of 1658 START sql table model workspace_marketing.wk_marketo_activity_change_data_value  [RUN]
[0m03:28:31  1219 of 1658 START sql table model workspace_marketing.wk_marketo_activity_change_nurture_track  [RUN]
[0m03:28:32  1216 of 1658 OK created sql table model workspace_marketing.wk_marketo_activity_call_webhook  [[32m02000 1[0m in 1.72s]
[0m03:28:32  1220 of 1658 START sql table model workspace_marketing.wk_marketo_activity_change_segment  [RUN]
[0m03:28:32  1217 of 1658 OK created sql table model workspace_marketing.wk_marketo_activity_change_nurture_cadence  [[32m02000 1[0m in 1.61s]
[0m03:28:32  1218 of 1658 OK created sql table model workspace_marketing.wk_marketo_activity_change_data_value  [[32m02000 1[0m in 1.60s]
[0m03:28:32  1219 of 1658 OK created sql table model workspace_marketing.wk_marketo_activity_change_nurture_track  [[32m02000 1[0m in 1.61s]
[0m03:28:32  1221 of 1658 START sql table model workspace_marketing.wk_marketo_activity_change_score  [RUN]
[0m03:28:32  1222 of 1658 START sql table model workspace_marketing.wk_marketo_activity_change_status_in_progression  [RUN]
[0m03:28:32  1223 of 1658 START sql table model workspace_marketing.wk_marketo_activity_change_owner  [RUN]
[0m03:28:33  1220 of 1658 OK created sql table model workspace_marketing.wk_marketo_activity_change_segment  [[32m02000 1[0m in 1.61s]
[0m03:28:33  1224 of 1658 START sql table model workspace_marketing.wk_marketo_activity_click_email  [RUN]
[0m03:28:34  1221 of 1658 OK created sql table model workspace_marketing.wk_marketo_activity_change_score  [[32m02000 1[0m in 1.61s]
[0m03:28:34  1223 of 1658 OK created sql table model workspace_marketing.wk_marketo_activity_change_owner  [[32m02000 1[0m in 1.60s]
[0m03:28:34  1225 of 1658 START sql table model workspace_marketing.wk_marketo_activity_change_status_in_sfdc_campaign  [RUN]
[0m03:28:34  1222 of 1658 OK created sql table model workspace_marketing.wk_marketo_activity_change_status_in_progression  [[32m02000 1[0m in 1.61s]
[0m03:28:34  1226 of 1658 START sql table model sensitive.marketo_activity_click_link_source_pii  [RUN]
[0m03:28:34  1227 of 1658 START sql table model workspace_marketing.wk_marketo_activity_click_link  [RUN]
[0m03:28:35  1224 of 1658 OK created sql table model workspace_marketing.wk_marketo_activity_click_email  [[32m02000 1[0m in 2.02s]
[0m03:28:35  1228 of 1658 START sql table model workspace_marketing.wk_marketo_activity_convert_lead  [RUN]
[0m03:28:35  1226 of 1658 OK created sql table model sensitive.marketo_activity_click_link_source_pii  [[32m02000 1[0m in 1.30s]
[0m03:28:35  1225 of 1658 OK created sql table model workspace_marketing.wk_marketo_activity_change_status_in_sfdc_campaign  [[32m02000 1[0m in 1.31s]
[0m03:28:35  1229 of 1658 START sql table model workspace_marketing.wk_marketo_activity_delete_lead  [RUN]
[0m03:28:35  1230 of 1658 START sql table model sensitive.marketo_activity_email_bounced_soft_source_pii  [RUN]
[0m03:28:37  1227 of 1658 OK created sql table model workspace_marketing.wk_marketo_activity_click_link  [[32m02000 1[0m in 2.21s]
[0m03:28:37  1231 of 1658 START sql table model workspace_marketing.wk_marketo_activity_email_bounced_soft  [RUN]
[0m03:28:37  1228 of 1658 OK created sql table model workspace_marketing.wk_marketo_activity_convert_lead  [[32m02000 1[0m in 1.31s]
[0m03:28:37  1232 of 1658 START sql table model workspace_marketing.wk_marketo_activity_email_delivered  [RUN]
[0m03:28:37  1229 of 1658 OK created sql table model workspace_marketing.wk_marketo_activity_delete_lead  [[32m02000 1[0m in 1.97s]
[0m03:28:37  1233 of 1658 START sql table model sensitive.marketo_activity_email_bounced_source_pii  [RUN]
[0m03:28:38  1230 of 1658 OK created sql table model sensitive.marketo_activity_email_bounced_soft_source_pii  [[32m02000 1[0m in 2.41s]
[0m03:28:38  1234 of 1658 START sql table model workspace_marketing.wk_marketo_activity_email_bounced  [RUN]
[0m03:28:38  1232 of 1658 OK created sql table model workspace_marketing.wk_marketo_activity_email_delivered  [[32m02000 1[0m in 1.72s]
[0m03:28:38  1231 of 1658 OK created sql table model workspace_marketing.wk_marketo_activity_email_bounced_soft  [[32m02000 1[0m in 1.75s]
[0m03:28:38  1235 of 1658 START sql table model sensitive.marketo_activity_fill_out_form_source_pii  [RUN]
[0m03:28:38  1236 of 1658 START sql table model workspace_marketing.wk_marketo_activity_fill_out_form  [RUN]
[0m03:28:39  1234 of 1658 OK created sql table model workspace_marketing.wk_marketo_activity_email_bounced  [[32m02000 1[0m in 1.61s]
[0m03:28:39  1233 of 1658 OK created sql table model sensitive.marketo_activity_email_bounced_source_pii  [[32m02000 1[0m in 2.05s]
[0m03:28:39  1237 of 1658 START sql table model workspace_marketing.wk_marketo_activity_execute_campaign  [RUN]
[0m03:28:39  1238 of 1658 START sql table model workspace_marketing.wk_marketo_activity_interesting_moment  [RUN]
[0m03:28:41  1235 of 1658 OK created sql table model sensitive.marketo_activity_fill_out_form_source_pii  [[32m02000 1[0m in 2.20s]
[0m03:28:41  1236 of 1658 OK created sql table model workspace_marketing.wk_marketo_activity_fill_out_form  [[32m02000 1[0m in 2.20s]
[0m03:28:41  1239 of 1658 START sql table model workspace_marketing.wk_marketo_activity_fill_out_linkedin_lead_gen_form  [RUN]
[0m03:28:41  1240 of 1658 START sql table model sensitive.marketo_activity_new_lead_source_pii  [RUN]
[0m03:28:41  1237 of 1658 OK created sql table model workspace_marketing.wk_marketo_activity_execute_campaign  [[32m02000 1[0m in 1.30s]
[0m03:28:41  1241 of 1658 START sql table model workspace_marketing.wk_marketo_activity_new_lead  [RUN]
[0m03:28:41  1238 of 1658 OK created sql table model workspace_marketing.wk_marketo_activity_interesting_moment  [[32m02000 1[0m in 2.00s]
[0m03:28:41  1242 of 1658 START sql table model workspace_marketing.wk_marketo_activity_merge_leads  [RUN]
[0m03:28:42  1239 of 1658 OK created sql table model workspace_marketing.wk_marketo_activity_fill_out_linkedin_lead_gen_form  [[32m02000 1[0m in 1.76s]
[0m03:28:42  1241 of 1658 OK created sql table model workspace_marketing.wk_marketo_activity_new_lead  [[32m02000 1[0m in 1.67s]
[0m03:28:42  1240 of 1658 OK created sql table model sensitive.marketo_activity_new_lead_source_pii  [[32m02000 1[0m in 1.77s]
[0m03:28:42  1243 of 1658 START sql table model sensitive.marketo_activity_push_lead_to_marketo_source_pii  [RUN]
[0m03:28:42  1244 of 1658 START sql table model workspace_marketing.wk_marketo_activity_push_lead_to_marketo  [RUN]
[0m03:28:42  1245 of 1658 START sql table model workspace_marketing.wk_marketo_activity_remove_from_sfdc_campaign  [RUN]
[0m03:28:43  1242 of 1658 OK created sql table model workspace_marketing.wk_marketo_activity_merge_leads  [[32m02000 1[0m in 1.74s]
[0m03:28:43  1246 of 1658 START sql table model workspace_marketing.wk_marketo_activity_open_email  [RUN]
[0m03:28:44  1245 of 1658 OK created sql table model workspace_marketing.wk_marketo_activity_remove_from_sfdc_campaign  [[32m02000 1[0m in 1.43s]
[0m03:28:44  1247 of 1658 START sql table model workspace_marketing.wk_marketo_activity_remove_from_list  [RUN]
[0m03:28:44  1243 of 1658 OK created sql table model sensitive.marketo_activity_push_lead_to_marketo_source_pii  [[32m02000 1[0m in 1.78s]
[0m03:28:44  1248 of 1658 START sql table model workspace_marketing.wk_marketo_activity_send_email  [RUN]
[0m03:28:45  1244 of 1658 OK created sql table model workspace_marketing.wk_marketo_activity_push_lead_to_marketo  [[32m02000 1[0m in 2.27s]
[0m03:28:45  1249 of 1658 START sql table model workspace_marketing.wk_marketo_activity_request_campaign  [RUN]
[0m03:28:45  1246 of 1658 OK created sql table model workspace_marketing.wk_marketo_activity_open_email  [[32m02000 1[0m in 1.90s]
[0m03:28:45  1250 of 1658 START sql table model sensitive.marketo_activity_sfdc_activity_source_pii  [RUN]
[0m03:28:46  1247 of 1658 OK created sql table model workspace_marketing.wk_marketo_activity_remove_from_list  [[32m02000 1[0m in 1.69s]
[0m03:28:46  1251 of 1658 START sql table model workspace_marketing.wk_marketo_activity_sfdc_activity  [RUN]
[0m03:28:46  1248 of 1658 OK created sql table model workspace_marketing.wk_marketo_activity_send_email  [[32m02000 1[0m in 1.86s]
[0m03:28:46  1252 of 1658 START sql table model sensitive.marketo_activity_send_alert_source_pii  [RUN]
[0m03:28:47  1250 of 1658 OK created sql table model sensitive.marketo_activity_sfdc_activity_source_pii  [[32m02000 1[0m in 1.92s]
[0m03:28:47  1253 of 1658 START sql table model workspace_marketing.wk_marketo_activity_send_alert  [RUN]
[0m03:28:47  1249 of 1658 OK created sql table model workspace_marketing.wk_marketo_activity_request_campaign  [[32m02000 1[0m in 2.34s]
[0m03:28:47  1251 of 1658 OK created sql table model workspace_marketing.wk_marketo_activity_sfdc_activity  [[32m02000 1[0m in 1.48s]
[0m03:28:47  1254 of 1658 START sql table model workspace_marketing.wk_marketo_activity_type  [RUN]
[0m03:28:47  1255 of 1658 START sql table model sensitive.marketo_activity_sfdc_activity_updated_source_pii  [RUN]
[0m03:28:48  1255 of 1658 OK created sql table model sensitive.marketo_activity_sfdc_activity_updated_source_pii  [[32m02000 1[0m in 1.41s]
[0m03:28:48  1256 of 1658 START sql table model workspace_marketing.wk_marketo_activity_sfdc_activity_updated  [RUN]
[0m03:28:48  1254 of 1658 OK created sql table model workspace_marketing.wk_marketo_activity_type  [[32m02000 1[0m in 1.43s]
[0m03:28:48  1252 of 1658 OK created sql table model sensitive.marketo_activity_send_alert_source_pii  [[32m02000 1[0m in 2.40s]
[0m03:28:48  1257 of 1658 START sql table model sensitive.marketo_activity_unsubscribe_email_source_pii  [RUN]
[0m03:28:48  1258 of 1658 START sql table model workspace_marketing.wk_marketo_activity_unsubscribe_email  [RUN]
[0m03:28:49  1253 of 1658 OK created sql table model workspace_marketing.wk_marketo_activity_send_alert  [[32m02000 1[0m in 2.15s]
[0m03:28:49  1259 of 1658 START sql table model sensitive.marketo_activity_sync_lead_to_sfdc_source_pii  [RUN]
[0m03:28:50  1258 of 1658 OK created sql table model workspace_marketing.wk_marketo_activity_unsubscribe_email  [[32m02000 1[0m in 2.02s]
[0m03:28:50  1260 of 1658 START sql table model workspace_marketing.wk_marketo_activity_sync_lead_to_sfdc  [RUN]
[0m03:28:51  1256 of 1658 OK created sql table model workspace_marketing.wk_marketo_activity_sfdc_activity_updated  [[32m02000 1[0m in 2.05s]
[0m03:28:51  1257 of 1658 OK created sql table model sensitive.marketo_activity_unsubscribe_email_source_pii  [[32m02000 1[0m in 2.02s]
[0m03:28:51  1261 of 1658 START sql table model workspace_marketing.wk_marketo_activity_update_opportunity  [RUN]
[0m03:28:51  1262 of 1658 START sql table model sensitive.marketo_activity_visit_webpage_source_pii  [RUN]
[0m03:28:51  1259 of 1658 OK created sql table model sensitive.marketo_activity_sync_lead_to_sfdc_source_pii  [[32m02000 1[0m in 2.14s]
[0m03:28:51  1263 of 1658 START sql table model workspace_marketing.wk_marketo_activity_visit_webpage  [RUN]
[0m03:28:53  1262 of 1658 OK created sql table model sensitive.marketo_activity_visit_webpage_source_pii  [[32m02000 1[0m in 1.77s]
[0m03:28:53  1264 of 1658 SKIP relation pumps.mart_crm_opportunity_id ....................... [[33mSKIP[0m]
[0m03:28:53  1260 of 1658 OK created sql table model workspace_marketing.wk_marketo_activity_sync_lead_to_sfdc  [[32m02000 1[0m in 2.19s]
[0m03:28:53  1261 of 1658 OK created sql table model workspace_marketing.wk_marketo_activity_update_opportunity  [[32m02000 1[0m in 1.78s]
[0m03:28:53  1265 of 1658 SKIP relation common_prep.prep_marketo_person ..................... [[33mSKIP[0m]
[0m03:28:53  1266 of 1658 START sql table model workspace_marketing.just_global_media_buys .. [RUN]
[0m03:28:53  1267 of 1658 START sql table model workspace_data.monitor_issues_and_solutions . [RUN]
[0m03:28:53  1268 of 1658 START sql table model workspace_data.monitor_recom_field_health ... [RUN]
[0m03:28:54  1263 of 1658 OK created sql table model workspace_marketing.wk_marketo_activity_visit_webpage  [[32m02000 1[0m in 2.29s]
[0m03:28:54  1269 of 1658 START sql table model workspace_data.monitors ..................... [RUN]
[0m03:28:54  1267 of 1658 OK created sql table model workspace_data.monitor_issues_and_solutions  [[32m02000 1[0m in 1.61s]
[0m03:28:54  1270 of 1658 START sql table model legacy.netsuite_accounting_books ............ [RUN]
[0m03:28:54  1268 of 1658 OK created sql table model workspace_data.monitor_recom_field_health  [[32m02000 1[0m in 1.61s]
[0m03:28:54  1271 of 1658 START sql table model legacy.netsuite_accounting_periods .......... [RUN]
[0m03:28:54  1266 of 1658 OK created sql table model workspace_marketing.just_global_media_buys  [[32m02000 1[0m in 1.62s]
[0m03:28:54  1272 of 1658 START sql table model legacy.netsuite_accounts .................... [RUN]
[0m03:28:55  1269 of 1658 OK created sql table model workspace_data.monitors ................ [[32m02000 1[0m in 1.62s]
[0m03:28:55  1273 of 1658 START sql table model legacy.netsuite_accounts_xf ................. [RUN]
[0m03:28:56  1271 of 1658 OK created sql table model legacy.netsuite_accounting_periods ..... [[32m02000 1[0m in 1.61s]
[0m03:28:56  1274 of 1658 START sql table model legacy.netsuite_budget_category ............. [RUN]
[0m03:28:56  1270 of 1658 OK created sql table model legacy.netsuite_accounting_books ....... [[32m02000 1[0m in 1.63s]
[0m03:28:56  1272 of 1658 OK created sql table model legacy.netsuite_accounts ............... [[32m02000 1[0m in 1.61s]
[0m03:28:56  1275 of 1658 START sql table model legacy.netsuite_budget ...................... [RUN]
[0m03:28:56  1276 of 1658 START sql table model legacy.netsuite_classes ..................... [RUN]
[0m03:28:59  1276 of 1658 OK created sql table model legacy.netsuite_classes ................ [[32m02000 1[0m in 3.04s]
[0m03:28:59  1277 of 1658 START sql table model legacy.netsuite_consolidated_exchange_rates . [RUN]
[0m03:28:59  1274 of 1658 OK created sql table model legacy.netsuite_budget_category ........ [[32m02000 1[0m in 3.08s]
[0m03:28:59  1278 of 1658 START sql table model legacy.netsuite_currencies .................. [RUN]
[0m03:28:59  1275 of 1658 OK created sql table model legacy.netsuite_budget ................. [[32m02000 1[0m in 3.11s]
[0m03:28:59  1279 of 1658 START sql table model workspace_finance.netsuite_currency_exchange_rates  [RUN]
[0m03:29:00  1278 of 1658 OK created sql table model legacy.netsuite_currencies ............. [[32m02000 1[0m in 1.24s]
[0m03:29:00  1280 of 1658 START sql table model legacy.netsuite_customers ................... [RUN]
[0m03:29:00  1277 of 1658 OK created sql table model legacy.netsuite_consolidated_exchange_rates  [[32m02000 1[0m in 1.29s]
[0m03:29:00  1281 of 1658 START sql table model legacy.netsuite_entity ...................... [RUN]
[0m03:29:00  1273 of 1658 OK created sql table model legacy.netsuite_accounts_xf ............ [[32m02000 1[0m in 5.07s]
[0m03:29:00  1282 of 1658 START sql table model sensitive.netsuite_entity_pii ............... [RUN]
[0m03:29:02  1282 of 1658 OK created sql table model sensitive.netsuite_entity_pii .......... [[32m02000 1[0m in 1.52s]
[0m03:29:02  1280 of 1658 OK created sql table model legacy.netsuite_customers .............. [[32m02000 1[0m in 1.57s]
[0m03:29:02  1283 of 1658 START sql table model workspace_finance.netsuite_consolidated_currency_exchange_rates  [RUN]
[0m03:29:02  1284 of 1658 START sql table model legacy.netsuite_subsidiaries ................ [RUN]
[0m03:29:03  1284 of 1658 OK created sql table model legacy.netsuite_subsidiaries ........... [[32m02000 1[0m in 1.20s]
[0m03:29:03  1281 of 1658 OK created sql table model legacy.netsuite_entity ................. [[32m02000 1[0m in 2.76s]
[0m03:29:03  1285 of 1658 START sql table model sensitive.netsuite_subsidiaries_pii ......... [RUN]
[0m03:29:03  1286 of 1658 START sql table model restricted_safe_legacy.netsuite_transaction_lines  [RUN]
[0m03:29:04  1286 of 1658 OK created sql table model restricted_safe_legacy.netsuite_transaction_lines  [[32m02000 1[0m in 0.92s]
[0m03:29:04  1279 of 1658 OK created sql table model workspace_finance.netsuite_currency_exchange_rates  [[32m02000 1[0m in 4.92s]
[0m03:29:04  1287 of 1658 START sql table model sensitive.netsuite_transaction_lines_pii .... [RUN]
[0m03:29:04  1288 of 1658 START sql table model restricted_safe_legacy.netsuite_transactions  [RUN]
[0m03:29:05  1285 of 1658 OK created sql table model sensitive.netsuite_subsidiaries_pii .... [[32m02000 1[0m in 2.04s]
[0m03:29:05  1289 of 1658 START sql table model legacy.netsuite_vendors ..................... [RUN]
[0m03:29:06  1288 of 1658 OK created sql table model restricted_safe_legacy.netsuite_transactions  [[32m02000 1[0m in 1.81s]
[0m03:29:06  1287 of 1658 OK created sql table model sensitive.netsuite_transaction_lines_pii  [[32m02000 1[0m in 1.82s]
[0m03:29:06  1290 of 1658 START sql table model sensitive.netsuite_vendors_pii .............. [RUN]
[0m03:29:06  1291 of 1658 START sql table model gainsight_customer_success.nps_survey_response_pii  [RUN]
[0m03:29:07  1289 of 1658 OK created sql table model legacy.netsuite_vendors ................ [[32m02000 1[0m in 1.91s]
[0m03:29:07  1292 of 1658 START sql table model restricted_safe_workspace_sales.wk_gs_nps_survey_response  [RUN]
[0m03:29:08  1290 of 1658 OK created sql table model sensitive.netsuite_vendors_pii ......... [[32m02000 1[0m in 2.11s]
[0m03:29:08  1293 of 1658 START sql table model workspace_engineering.wk_omamori_entity_data  [RUN]
[0m03:29:08  1291 of 1658 OK created sql table model gainsight_customer_success.nps_survey_response_pii  [[32m02000 1[0m in 2.61s]
[0m03:29:08  1292 of 1658 OK created sql table model restricted_safe_workspace_sales.wk_gs_nps_survey_response  [[32m02000 1[0m in 1.42s]
[0m03:29:08  1294 of 1658 START sql table model workspace_engineering.wk_omamori_gitlab_deleted_projects  [RUN]
[0m03:29:08  1295 of 1658 START sql table model workspace_engineering.wk_omamori_mitigation_plan_template_tags  [RUN]
[0m03:29:09  1283 of 1658 OK created sql table model workspace_finance.netsuite_consolidated_currency_exchange_rates  [[32m02000 1[0m in 7.04s]
[0m03:29:09  1296 of 1658 START sql table model workspace_engineering.wk_omamori_mitigation_plan_tags  [RUN]
[0m03:29:10  1295 of 1658 OK created sql table model workspace_engineering.wk_omamori_mitigation_plan_template_tags  [[32m02000 1[0m in 1.74s]
[0m03:29:10  1297 of 1658 START sql table model workspace_engineering.wk_omamori_mitigation_plan_entity_data  [RUN]
[0m03:29:10  1293 of 1658 OK created sql table model workspace_engineering.wk_omamori_entity_data  [[32m02000 1[0m in 1.91s]
[0m03:29:10  1294 of 1658 OK created sql table model workspace_engineering.wk_omamori_gitlab_deleted_projects  [[32m02000 1[0m in 1.76s]
[0m03:29:10  1298 of 1658 START sql table model workspace_engineering.wk_omamori_rule_evaluation_matches  [RUN]
[0m03:29:10  1299 of 1658 START sql table model workspace_engineering.wk_omamori_mitigation_plans  [RUN]
[0m03:29:11  1296 of 1658 OK created sql table model workspace_engineering.wk_omamori_mitigation_plan_tags  [[32m02000 1[0m in 2.23s]
[0m03:29:11  1300 of 1658 START sql table model workspace_engineering.wk_omamori_tags ....... [RUN]
[0m03:29:12  1298 of 1658 OK created sql table model workspace_engineering.wk_omamori_rule_evaluation_matches  [[32m02000 1[0m in 1.60s]
[0m03:29:12  1301 of 1658 START sql table model workspace_data_science.opportunity_forecasting_scores  [RUN]
[0m03:29:12  1299 of 1658 OK created sql table model workspace_engineering.wk_omamori_mitigation_plans  [[32m02000 1[0m in 1.60s]
[0m03:29:12  1297 of 1658 OK created sql table model workspace_engineering.wk_omamori_mitigation_plan_entity_data  [[32m02000 1[0m in 1.62s]
[0m03:29:12  1302 of 1658 START sql table model workspace_engineering.wk_omamori_users ...... [RUN]
[0m03:29:12  1303 of 1658 START sql table model workspace_engineering.wk_omamori_rule_evaluations  [RUN]
[0m03:29:13  1300 of 1658 OK created sql table model workspace_engineering.wk_omamori_tags .. [[32m02000 1[0m in 1.61s]
[0m03:29:13  1304 of 1658 START sql table model gainsight_customer_success.opt_out_emails_pii  [RUN]
[0m03:29:14  1301 of 1658 OK created sql table model workspace_data_science.opportunity_forecasting_scores  [[32m02000 1[0m in 1.92s]
[0m03:29:14  1303 of 1658 OK created sql table model workspace_engineering.wk_omamori_rule_evaluations  [[32m02000 1[0m in 1.94s]
[0m03:29:14  1302 of 1658 OK created sql table model workspace_engineering.wk_omamori_users . [[32m02000 1[0m in 2.17s]
[0m03:29:14  1305 of 1658 START sql table model restricted_safe_workspace_sales.wk_gs_opt_out_emails  [RUN]
[0m03:29:14  1306 of 1658 START sql table model common.dim_environment ...................... [RUN]
[0m03:29:14  1307 of 1658 START sql table model common_prep.prep_performance_indicators_yaml  [RUN]
[0m03:29:16  1304 of 1658 OK created sql table model gainsight_customer_success.opt_out_emails_pii  [[32m02000 1[0m in 3.33s]
[0m03:29:16  1306 of 1658 OK created sql table model common.dim_environment ................. [[32m02000 1[0m in 2.06s]
[0m03:29:16  1308 of 1658 SKIP relation common.dim_namespace_hist ........................... [[33mSKIP[0m]
[0m03:29:16  1309 of 1658 START sql table model workspace_data_science.ptpl_scores .......... [RUN]
[0m03:29:16  1310 of 1658 START sql table model legacy.qualtrics_distribution_xf ............ [RUN]
[0m03:29:18  1305 of 1658 OK created sql table model restricted_safe_workspace_sales.wk_gs_opt_out_emails  [[32m02000 1[0m in 3.67s]
[0m03:29:18  1311 of 1658 START sql table model legacy.qualtrics_survey_invitation_emails_sent  [RUN]
[0m03:29:19  1309 of 1658 OK created sql table model workspace_data_science.ptpl_scores ..... [[32m02000 1[0m in 3.12s]
[0m03:29:19  1312 of 1658 START sql table model legacy.rspec_overall_time ................... [RUN]
[0m03:29:19  1310 of 1658 OK created sql table model legacy.qualtrics_distribution_xf ....... [[32m02000 1[0m in 3.12s]
[0m03:29:19  1313 of 1658 START sql table model common.dim_gitlab_releases .................. [RUN]
[0m03:29:21  1311 of 1658 OK created sql table model legacy.qualtrics_survey_invitation_emails_sent  [[32m02000 1[0m in 3.53s]
[0m03:29:21  1314 of 1658 START sql table model legacy.roles_yaml_historical ................ [RUN]
[0m03:29:23  1313 of 1658 OK created sql table model common.dim_gitlab_releases ............. [[32m02000 1[0m in 3.45s]
[0m03:29:23  1315 of 1658 START sql table model workspace_security.wk_servicenow_prd_incident  [RUN]
[0m03:29:23  1312 of 1658 OK created sql table model legacy.rspec_overall_time .............. [[32m02000 1[0m in 3.92s]
[0m03:29:23  1316 of 1658 START sql view model data_classification.sensitive_queries_base ... [RUN]
[0m03:29:23  1316 of 1658 OK created sql view model data_classification.sensitive_queries_base  [[32m02000 1[0m in 0.07s]
[0m03:29:23  1317 of 1658 START sql table model workspace_data.wk_sensitive_queries_tags .... [RUN]
[0m03:29:23  1314 of 1658 OK created sql table model legacy.roles_yaml_historical ........... [[32m02000 1[0m in 2.28s]
[0m03:29:23  1318 of 1658 START sql table model workspace_security.wk_servicenow_prd_incident_task  [RUN]
[0m03:29:25  1317 of 1658 OK created sql table model workspace_data.wk_sensitive_queries_tags  [[32m02000 1[0m in 1.48s]
[0m03:29:25  1319 of 1658 START sql table model workspace_security.wk_servicenow_prd_sla .... [RUN]
[0m03:29:25  1315 of 1658 OK created sql table model workspace_security.wk_servicenow_prd_incident  [[32m02000 1[0m in 2.17s]
[0m03:29:25  1320 of 1658 START sql table model workspace_security.wk_servicenow_prd_problem  [RUN]
[0m03:29:25  1318 of 1658 OK created sql table model workspace_security.wk_servicenow_prd_incident_task  [[32m02000 1[0m in 2.00s]
[0m03:29:25  1321 of 1658 START sql table model workspace_security.wk_servicenow_prd_problem_task  [RUN]
[0m03:29:27  1319 of 1658 OK created sql table model workspace_security.wk_servicenow_prd_sla  [[32m02000 1[0m in 2.05s]
[0m03:29:27  1320 of 1658 OK created sql table model workspace_security.wk_servicenow_prd_problem  [[32m02000 1[0m in 1.89s]
[0m03:29:27  1322 of 1658 START sql table model workspace_security.wk_servicenow_prd_sys_user_group  [RUN]
[0m03:29:27  1323 of 1658 START sql table model workspace_security.wk_servicenow_prd_sys_user  [RUN]
[0m03:29:28  1321 of 1658 OK created sql table model workspace_security.wk_servicenow_prd_problem_task  [[32m02000 1[0m in 2.24s]
[0m03:29:28  1324 of 1658 START sql table model workspace_security.wk_servicenow_prd_task ... [RUN]
[0m03:29:29  1322 of 1658 OK created sql table model workspace_security.wk_servicenow_prd_sys_user_group  [[32m02000 1[0m in 1.84s]
[0m03:29:29  1325 of 1658 START sql view model restricted_safe_workspace_sales.wk_prep_crm_account_share_active  [RUN]
[0m03:29:29  1325 of 1658 OK created sql view model restricted_safe_workspace_sales.wk_prep_crm_account_share_active  [[32m02000 1[0m in 0.03s]
[0m03:29:29  1326 of 1658 START sql view model common_mapping.map_bizible_marketing_channel_path  [RUN]
[0m03:29:29  1326 of 1658 ERROR creating sql view model common_mapping.map_bizible_marketing_channel_path  [[31mERROR[0m in 0.05s]
[0m03:29:29  1327 of 1658 START sql table model legacy.sfdc_campaign_member ................. [RUN]
[0m03:29:29  1323 of 1658 OK created sql table model workspace_security.wk_servicenow_prd_sys_user  [[32m02000 1[0m in 1.93s]
[0m03:29:29  1328 of 1658 START sql table model common_prep.prep_crm_case_history ........... [RUN]
[0m03:29:31  1324 of 1658 OK created sql table model workspace_security.wk_servicenow_prd_task  [[32m02000 1[0m in 2.49s]
[0m03:29:31  1329 of 1658 START sql table model common_prep.prep_crm_case ................... [RUN]
[0m03:29:31  1328 of 1658 OK created sql table model common_prep.prep_crm_case_history ...... [[32m02000 1[0m in 2.53s]
[0m03:29:31  1330 of 1658 START sql table model workspace_sales.sfdc_case ................... [RUN]
[0m03:29:32  1327 of 1658 OK created sql table model legacy.sfdc_campaign_member ............ [[32m02000 1[0m in 3.68s]
[0m03:29:32  1330 of 1658 OK created sql table model workspace_sales.sfdc_case .............. [[32m02000 1[0m in 1.13s]
[0m03:29:32  1331 of 1658 START sql table model workspace_sales.sfdc_contact_history ........ [RUN]
[0m03:29:32  1329 of 1658 OK created sql table model common_prep.prep_crm_case .............. [[32m02000 1[0m in 1.76s]
[0m03:29:32  1332 of 1658 SKIP relation common_prep.prep_crm_event .......................... [[33mSKIP[0m]
[0m03:29:32  1333 of 1658 SKIP relation legacy.sfdc_event ................................... [[33mSKIP[0m]
[0m03:29:32  1334 of 1658 START sql table model legacy.sfdc_opportunity_contact_role ........ [RUN]
[0m03:29:32  1335 of 1658 START sql table model restricted_safe_legacy.sfdc_opportunity_field_history  [RUN]
[0m03:29:35  1334 of 1658 OK created sql table model legacy.sfdc_opportunity_contact_role ... [[32m02000 1[0m in 3.01s]
[0m03:29:35  1331 of 1658 OK created sql table model workspace_sales.sfdc_contact_history ... [[32m02000 1[0m in 3.03s]
[0m03:29:35  1336 of 1658 START sql table model restricted_safe_workspace_sales.wk_sales_sfdc_opportunity_product_snapshot  [RUN]
[0m03:29:35  1337 of 1658 START sql table model restricted_safe_workspace_sales.wk_sales_sfdc_opportunity_product  [RUN]
[0m03:29:35  1335 of 1658 OK created sql table model restricted_safe_legacy.sfdc_opportunity_field_history  [[32m02000 1[0m in 3.11s]
[0m03:29:35  1338 of 1658 START sql view model restricted_safe_workspace_sales.wk_prep_crm_opportunity_share_active  [RUN]
[0m03:29:36  1338 of 1658 OK created sql view model restricted_safe_workspace_sales.wk_prep_crm_opportunity_share_active  [[32m02000 1[0m in 0.03s]
[0m03:29:36  1339 of 1658 START sql table model restricted_safe_legacy.sfdc_opportunity_stage  [RUN]
[0m03:29:37  1337 of 1658 OK created sql table model restricted_safe_workspace_sales.wk_sales_sfdc_opportunity_product  [[32m02000 1[0m in 1.44s]
[0m03:29:37  1336 of 1658 OK created sql table model restricted_safe_workspace_sales.wk_sales_sfdc_opportunity_product_snapshot  [[32m02000 1[0m in 1.45s]
[0m03:29:37  1340 of 1658 START sql table model restricted_safe_common_prep.prep_crm_opportunity_calcs  [RUN]
[0m03:29:37  1341 of 1658 START sql view model sfdc.sfdc_opportunity_source ................. [RUN]
[0m03:29:37  1341 of 1658 OK created sql view model sfdc.sfdc_opportunity_source ............ [[32m02000 1[0m in 0.13s]
[0m03:29:37  1342 of 1658 START sql table model legacy.sfdc_quote ........................... [RUN]
[0m03:29:38  1339 of 1658 OK created sql table model restricted_safe_legacy.sfdc_opportunity_stage  [[32m02000 1[0m in 2.12s]
[0m03:29:38  1343 of 1658 SKIP relation legacy.sfdc_task .................................... [[33mSKIP[0m]
[0m03:29:38  1344 of 1658 START sql table model legacy.sfdc_record_type ..................... [RUN]
[0m03:29:39  1342 of 1658 OK created sql table model legacy.sfdc_quote ...................... [[32m02000 1[0m in 1.68s]
[0m03:29:39  1345 of 1658 START sql table model legacy.sfdc_user_roles ...................... [RUN]
[0m03:29:39  1344 of 1658 OK created sql table model legacy.sfdc_record_type ................ [[32m02000 1[0m in 1.43s]
[0m03:29:39  1340 of 1658 OK created sql table model restricted_safe_common_prep.prep_crm_opportunity_calcs  [[32m02000 1[0m in 2.24s]
[0m03:29:39  1346 of 1658 START sql table model workspace_sales.wk_sales_sfdc_zoom_webinar_attendee  [RUN]
[0m03:29:39  1347 of 1658 START sql table model workspace_sales.wk_sales_sfdc_zoom_webinar_history  [RUN]
[0m03:29:40  1345 of 1658 OK created sql table model legacy.sfdc_user_roles ................. [[32m02000 1[0m in 1.74s]
[0m03:29:40  1348 of 1658 START sql table model workspace_sales.wk_sales_sfdc_zoom_webinar_registrant  [RUN]
[0m03:29:41  1346 of 1658 OK created sql table model workspace_sales.wk_sales_sfdc_zoom_webinar_attendee  [[32m02000 1[0m in 2.01s]
[0m03:29:41  1349 of 1658 START sql table model workspace_sales.wk_sales_sfdc_zoom_webinar .. [RUN]
[0m03:29:42  1347 of 1658 OK created sql table model workspace_sales.wk_sales_sfdc_zoom_webinar_history  [[32m02000 1[0m in 2.42s]
[0m03:29:42  1350 of 1658 START sql table model legacy.sheetload_abm_key_account_list ....... [RUN]
[0m03:29:42  1348 of 1658 OK created sql table model workspace_sales.wk_sales_sfdc_zoom_webinar_registrant  [[32m02000 1[0m in 1.57s]
[0m03:29:42  1351 of 1658 START sql table model legacy.sheetload_bizible_to_pathfactory_mapping  [RUN]
[0m03:29:43  1307 of 1658 OK created sql table model common_prep.prep_performance_indicators_yaml  [[32m02000 1[0m in 28.52s]
[0m03:29:43  1352 of 1658 START sql table model legacy.sheetload_books ...................... [RUN]
[0m03:29:43  1349 of 1658 OK created sql table model workspace_sales.wk_sales_sfdc_zoom_webinar  [[32m02000 1[0m in 1.87s]
[0m03:29:43  1353 of 1658 START sql table model workspace_sales.sfdc_case_creation_data ..... [RUN]
[0m03:29:43  1350 of 1658 OK created sql table model legacy.sheetload_abm_key_account_list .. [[32m02000 1[0m in 1.81s]
[0m03:29:43  1354 of 1658 START sql view model legacy.sheetload_data_certifications ......... [RUN]
[0m03:29:43  1351 of 1658 OK created sql table model legacy.sheetload_bizible_to_pathfactory_mapping  [[32m02000 1[0m in 1.46s]
[0m03:29:43  1355 of 1658 START sql table model legacy.sheetload_deleted_mrs ................ [RUN]
[0m03:29:45  1353 of 1658 OK created sql table model workspace_sales.sfdc_case_creation_data  [[32m02000 1[0m in 1.77s]
[0m03:29:45  1356 of 1658 SKIP relation legacy.sheetload_engineering_speciality_prior_to_capture  [[33mSKIP[0m]
[0m03:29:45  1357 of 1658 START sql table model legacy.sheetload_engineering_infra_prod_console_access  [RUN]
[0m03:29:45  1352 of 1658 OK created sql table model legacy.sheetload_books ................. [[32m02000 1[0m in 2.22s]
[0m03:29:45  1358 of 1658 START sql table model legacy.sheetload_fmm_kpi_targets ............ [RUN]
[0m03:29:46  1355 of 1658 OK created sql table model legacy.sheetload_deleted_mrs ........... [[32m02000 1[0m in 2.11s]
[0m03:29:46  1359 of 1658 START sql view model restricted_safe_common_prep.prep_yearlies_target  [RUN]
[0m03:29:46  1359 of 1658 ERROR creating sql view model restricted_safe_common_prep.prep_yearlies_target  [[31mERROR[0m in 0.04s]
[0m03:29:46  1360 of 1658 START sql table model legacy.sheetload_ga360_custom_dimensions .... [RUN]
[0m03:29:46  1354 of 1658 ERROR creating sql view model legacy.sheetload_data_certifications  [[31mERROR[0m in 2.75s]
[0m03:29:46  1361 of 1658 START sql table model legacy.sheetload_gitlab_contributing_organizations  [RUN]
[0m03:29:46  1357 of 1658 OK created sql table model legacy.sheetload_engineering_infra_prod_console_access  [[32m02000 1[0m in 1.73s]
[0m03:29:46  1362 of 1658 START sql table model legacy.sheetload_hire_replan ................ [RUN]
[0m03:29:47  1358 of 1658 OK created sql table model legacy.sheetload_fmm_kpi_targets ....... [[32m02000 1[0m in 1.90s]
[0m03:29:47  1363 of 1658 START sql table model legacy.sheetload_hostnames_to_domains ....... [RUN]
[0m03:29:47  1360 of 1658 OK created sql table model legacy.sheetload_ga360_custom_dimensions  [[32m02000 1[0m in 1.79s]
[0m03:29:47  1364 of 1658 START sql table model legacy.sheetload_job_roles_prior_to_2020_02 . [RUN]
[0m03:29:48  1361 of 1658 OK created sql table model legacy.sheetload_gitlab_contributing_organizations  [[32m02000 1[0m in 1.83s]
[0m03:29:48  1365 of 1658 START sql table model legacy.sheetload_license_md5_to_subscription_mapping  [RUN]
[0m03:29:48  1362 of 1658 OK created sql table model legacy.sheetload_hire_replan ........... [[32m02000 1[0m in 1.78s]
[0m03:29:48  1366 of 1658 START sql table model legacy.sheetload_location_factor_targets .... [RUN]
[0m03:29:49  1363 of 1658 OK created sql table model legacy.sheetload_hostnames_to_domains .. [[32m02000 1[0m in 1.67s]
[0m03:29:49  1367 of 1658 START sql table model restricted_safe_legacy.sheetload_map_ramp_deals  [RUN]
[0m03:29:49  1364 of 1658 OK created sql table model legacy.sheetload_job_roles_prior_to_2020_02  [[32m02000 1[0m in 1.76s]
[0m03:29:49  1368 of 1658 START sql table model legacy.sheetload_multiple_delivery_types_per_month_charge_ids  [RUN]
[0m03:29:50  1365 of 1658 OK created sql table model legacy.sheetload_license_md5_to_subscription_mapping  [[32m02000 1[0m in 1.75s]
[0m03:29:50  1369 of 1658 START sql table model legacy.sheetload_net_arr_net_iacv_conversion_factors_agg  [RUN]
[0m03:29:50  1366 of 1658 OK created sql table model legacy.sheetload_location_factor_targets  [[32m02000 1[0m in 1.76s]
[0m03:29:50  1370 of 1658 START sql table model restricted_safe_legacy.sheetload_net_arr_net_iacv_conversion_factors  [RUN]
[0m03:29:51  1367 of 1658 OK created sql table model restricted_safe_legacy.sheetload_map_ramp_deals  [[32m02000 1[0m in 1.86s]
[0m03:29:51  1371 of 1658 SKIP relation legacy.sheetload_people_budget ...................... [[33mSKIP[0m]
[0m03:29:51  1372 of 1658 START sql table model legacy.sheetload_product_maturity_historical  [RUN]
[0m03:29:51  1368 of 1658 OK created sql table model legacy.sheetload_multiple_delivery_types_per_month_charge_ids  [[32m02000 1[0m in 1.76s]
[0m03:29:51  1373 of 1658 START sql table model legacy.sheetload_percent_over_comp_band_historical  [RUN]
[0m03:29:51  1369 of 1658 OK created sql table model legacy.sheetload_net_arr_net_iacv_conversion_factors_agg  [[32m02000 1[0m in 1.68s]
[0m03:29:51  1374 of 1658 START sql table model workspace_engineering.pagerslack_stats ...... [RUN]
[0m03:29:52  1370 of 1658 OK created sql table model restricted_safe_legacy.sheetload_net_arr_net_iacv_conversion_factors  [[32m02000 1[0m in 1.82s]
[0m03:29:52  1375 of 1658 START sql table model legacy.sheetload_sales_analytics_tableau_rls_users  [RUN]
[0m03:29:52  1372 of 1658 OK created sql table model legacy.sheetload_product_maturity_historical  [[32m02000 1[0m in 1.71s]
[0m03:29:52  1376 of 1658 START sql table model workspace_sales.wk_sales_tableau_rls_users .. [RUN]
[0m03:29:53  1373 of 1658 OK created sql table model legacy.sheetload_percent_over_comp_band_historical  [[32m02000 1[0m in 1.90s]
[0m03:29:53  1377 of 1658 START sql table model legacy.sheetload_sales_analytics_tableau_rls_roles  [RUN]
[0m03:29:53  1374 of 1658 OK created sql table model workspace_engineering.pagerslack_stats . [[32m02000 1[0m in 1.81s]
[0m03:29:53  1378 of 1658 START sql table model workspace_sales.wk_sales_tableau_rls_roles .. [RUN]
[0m03:29:54  1375 of 1658 OK created sql table model legacy.sheetload_sales_analytics_tableau_rls_users  [[32m02000 1[0m in 1.87s]
[0m03:29:54  1379 of 1658 START sql view model restricted_workspace_people.wk_sheetload_ta_team_assignment  [RUN]
[0m03:29:54  1379 of 1658 OK created sql view model restricted_workspace_people.wk_sheetload_ta_team_assignment  [[32m02000 1[0m in 0.03s]
[0m03:29:54  1380 of 1658 START sql table model legacy.sheetload_sisense_user_roles ......... [RUN]
[0m03:29:54  1376 of 1658 OK created sql table model workspace_sales.wk_sales_tableau_rls_users  [[32m02000 1[0m in 1.76s]
[0m03:29:54  1381 of 1658 START sql table model legacy.sheetload_sdr_bdr_metric_targets ..... [RUN]
[0m03:29:55  1377 of 1658 OK created sql table model legacy.sheetload_sales_analytics_tableau_rls_roles  [[32m02000 1[0m in 1.75s]
[0m03:29:55  1382 of 1658 START sql table model legacy.sheetload_sisense_users .............. [RUN]
[0m03:29:55  1378 of 1658 OK created sql table model workspace_sales.wk_sales_tableau_rls_roles  [[32m02000 1[0m in 1.84s]
[0m03:29:55  1383 of 1658 START sql table model restricted_safe_workspace_sales.sheetload_xactly_credit  [RUN]
[0m03:29:55  1380 of 1658 OK created sql table model legacy.sheetload_sisense_user_roles .... [[32m02000 1[0m in 1.70s]
[0m03:29:55  1384 of 1658 START sql table model common.dim_key_xmau_metric .................. [RUN]
[0m03:29:56  1381 of 1658 OK created sql table model legacy.sheetload_sdr_bdr_metric_targets  [[32m02000 1[0m in 1.94s]
[0m03:29:56  1385 of 1658 START sql table model legacy.sheetload_usage_ping_metrics_sections  [RUN]
[0m03:29:56  1382 of 1658 OK created sql table model legacy.sheetload_sisense_users ......... [[32m02000 1[0m in 1.79s]
[0m03:29:56  1386 of 1658 START sql view model restricted_workspace_people.sheetload_team_health_data  [RUN]
[0m03:29:56  1386 of 1658 OK created sql view model restricted_workspace_people.sheetload_team_health_data  [[32m02000 1[0m in 0.04s]
[0m03:29:56  1387 of 1658 START sql table model legacy.sheetload_zero_dollar_subscription_to_paid_subscription  [RUN]
[0m03:29:57  1383 of 1658 OK created sql table model restricted_safe_workspace_sales.sheetload_xactly_credit  [[32m02000 1[0m in 1.89s]
[0m03:29:57  1388 of 1658 START sql table model workspace_data.snowflake_clustering_spend ... [RUN]
[0m03:29:58  1384 of 1658 OK created sql table model common.dim_key_xmau_metric ............. [[32m02000 1[0m in 1.81s]
[0m03:29:58  1389 of 1658 START sql incremental model workspace_data.snowflake_query_spend_attribution  [RUN]
[0m03:29:58  1387 of 1658 OK created sql table model legacy.sheetload_zero_dollar_subscription_to_paid_subscription  [[32m02000 1[0m in 1.36s]
[0m03:29:58  1390 of 1658 START sql table model restricted_safe_workspace_sales.wk_gs_success_plan  [RUN]
[0m03:29:58  1385 of 1658 OK created sql table model legacy.sheetload_usage_ping_metrics_sections  [[32m02000 1[0m in 1.78s]
[0m03:29:58  1391 of 1658 START sql table model common_prep.prep_team_member ................ [RUN]
[0m03:29:58  1389 of 1658 ERROR creating sql incremental model workspace_data.snowflake_query_spend_attribution  [[31mERROR[0m in 0.19s]
[0m03:29:58  1392 of 1658 SKIP relation workspace_engineering.test_stats_e2e_metrics ........ [[33mSKIP[0m]
[0m03:29:58  1393 of 1658 START sql table model gainsight_customer_success.user_sfdcgitlabproduction_pii  [RUN]
[0m03:29:59  1390 of 1658 OK created sql table model restricted_safe_workspace_sales.wk_gs_success_plan  [[32m02000 1[0m in 1.45s]
[0m03:29:59  1394 of 1658 START sql table model restricted_safe_workspace_sales.wk_gs_user_sfdcgitlabproduction  [RUN]
[0m03:30:00  1393 of 1658 OK created sql table model gainsight_customer_success.user_sfdcgitlabproduction_pii  [[32m02000 1[0m in 2.59s]
[0m03:30:00  1388 of 1658 OK created sql table model workspace_data.snowflake_clustering_spend  [[32m02000 1[0m in 3.54s]
[0m03:30:00  1395 of 1658 START sql table model legacy.team_yaml_historical ................. [RUN]
[0m03:30:00  1396 of 1658 START sql table model common_prep.prep_host ....................... [RUN]
[0m03:30:01  1394 of 1658 OK created sql table model restricted_safe_workspace_sales.wk_gs_user_sfdcgitlabproduction  [[32m02000 1[0m in 2.02s]
[0m03:30:01  1397 of 1658 START sql table model workspace_product.version_usage_ping_errors . [RUN]
[0m03:30:02  1396 of 1658 OK created sql table model common_prep.prep_host .................. [[32m02000 1[0m in 1.80s]
[0m03:30:02  1395 of 1658 OK created sql table model legacy.team_yaml_historical ............ [[32m02000 1[0m in 1.81s]
[0m03:30:02  1398 of 1658 START sql table model workspace_product.version_usage_ping_metadata  [RUN]
[0m03:30:02  1399 of 1658 START sql table model common_prep.prep_app_release ................ [RUN]
[0m03:30:03  1399 of 1658 OK created sql table model common_prep.prep_app_release ........... [[32m02000 1[0m in 0.89s]
[0m03:30:03  1400 of 1658 START sql table model workday.workday_hcm_job_profiles ............ [RUN]
[0m03:30:03  1397 of 1658 OK created sql table model workspace_product.version_usage_ping_errors  [[32m02000 1[0m in 1.90s]
[0m03:30:03  1401 of 1658 START sql table model workday.workday_hcm_cost_center_source ...... [RUN]
[0m03:30:04  1398 of 1658 OK created sql table model workspace_product.version_usage_ping_metadata  [[32m02000 1[0m in 2.11s]
[0m03:30:04  1402 of 1658 START sql table model restricted_safe_workspace_sales.xactly_attainment_measure  [RUN]
[0m03:30:09  1402 of 1658 OK created sql table model restricted_safe_workspace_sales.xactly_attainment_measure  [[32m02000 1[0m in 4.25s]
[0m03:30:09  1400 of 1658 OK created sql table model workday.workday_hcm_job_profiles ....... [[32m02000 1[0m in 5.47s]
[0m03:30:09  1403 of 1658 START sql table model restricted_safe_workspace_sales.xactly_attainment_measure_criteria  [RUN]
[0m03:30:09  1404 of 1658 START sql table model common.dim_team ............................. [RUN]
[0m03:30:09  1404 of 1658 ERROR creating sql table model common.dim_team .................... [[31mERROR[0m in 0.15s]
[0m03:30:09  1405 of 1658 START sql table model restricted_safe_workspace_sales.xactly_commission  [RUN]
[0m03:30:10  1391 of 1658 OK created sql table model common_prep.prep_team_member ........... [[32m02000 1[0m in 12.17s]
[0m03:30:10  1406 of 1658 START sql table model restricted_safe_workspace_sales.xactly_credit_adjustment  [RUN]
[0m03:30:11  1405 of 1658 OK created sql table model restricted_safe_workspace_sales.xactly_commission  [[32m02000 1[0m in 2.17s]
[0m03:30:11  1407 of 1658 START sql table model restricted_safe_workspace_sales.xactly_comp_order_item_detail  [RUN]
[0m03:30:11  1403 of 1658 OK created sql table model restricted_safe_workspace_sales.xactly_attainment_measure_criteria  [[32m02000 1[0m in 2.34s]
[0m03:30:11  1406 of 1658 OK created sql table model restricted_safe_workspace_sales.xactly_credit_adjustment  [[32m02000 1[0m in 1.02s]
[0m03:30:11  1408 of 1658 START sql table model restricted_safe_workspace_sales.xactly_comp_order_item  [RUN]
[0m03:30:11  1409 of 1658 START sql table model restricted_safe_workspace_sales.xactly_credit_held  [RUN]
[0m03:30:12  1401 of 1658 OK created sql table model workday.workday_hcm_cost_center_source . [[32m02000 1[0m in 8.45s]
[0m03:30:12  1410 of 1658 START sql table model restricted_safe_workspace_sales.xactly_credit  [RUN]
[0m03:30:14  1408 of 1658 OK created sql table model restricted_safe_workspace_sales.xactly_comp_order_item  [[32m02000 1[0m in 2.92s]
[0m03:30:14  1411 of 1658 START sql table model restricted_safe_workspace_sales.xactly_credit_dedupe  [RUN]
[0m03:30:14  1409 of 1658 OK created sql table model restricted_safe_workspace_sales.xactly_credit_held  [[32m02000 1[0m in 3.12s]
[0m03:30:14  1412 of 1658 START sql table model restricted_safe_workspace_sales.xactly_credit_type  [RUN]
[0m03:30:14  1407 of 1658 OK created sql table model restricted_safe_workspace_sales.xactly_comp_order_item_detail  [[32m02000 1[0m in 3.24s]
[0m03:30:14  1413 of 1658 START sql table model restricted_safe_workspace_sales.xactly_credit_totals  [RUN]
[0m03:30:16  1412 of 1658 OK created sql table model restricted_safe_workspace_sales.xactly_credit_type  [[32m02000 1[0m in 1.41s]
[0m03:30:16  1414 of 1658 START sql table model restricted_safe_workspace_sales.xactly_period_type  [RUN]
[0m03:30:16  1410 of 1658 OK created sql table model restricted_safe_workspace_sales.xactly_credit  [[32m02000 1[0m in 3.91s]
[0m03:30:16  1415 of 1658 START sql table model restricted_safe_workspace_sales.xactly_period  [RUN]
[0m03:30:16  1413 of 1658 OK created sql table model restricted_safe_workspace_sales.xactly_credit_totals  [[32m02000 1[0m in 2.12s]
[0m03:30:16  1411 of 1658 OK created sql table model restricted_safe_workspace_sales.xactly_credit_dedupe  [[32m02000 1[0m in 2.43s]
[0m03:30:16  1416 of 1658 START sql table model restricted_safe_workspace_sales.xactly_participant  [RUN]
[0m03:30:16  1417 of 1658 START sql table model restricted_safe_workspace_sales.xactly_plan_approval  [RUN]
[0m03:30:17  1415 of 1658 OK created sql table model restricted_safe_workspace_sales.xactly_period  [[32m02000 1[0m in 1.60s]
[0m03:30:17  1418 of 1658 START sql table model restricted_safe_workspace_sales.xactly_plan . [RUN]
[0m03:30:17  1414 of 1658 OK created sql table model restricted_safe_workspace_sales.xactly_period_type  [[32m02000 1[0m in 1.62s]
[0m03:30:17  1419 of 1658 START sql table model restricted_safe_workspace_sales.xactly_pos_hierarchy_hist  [RUN]
[0m03:30:19  1418 of 1658 OK created sql table model restricted_safe_workspace_sales.xactly_plan  [[32m02000 1[0m in 1.22s]
[0m03:30:19  1417 of 1658 OK created sql table model restricted_safe_workspace_sales.xactly_plan_approval  [[32m02000 1[0m in 2.03s]
[0m03:30:19  1416 of 1658 OK created sql table model restricted_safe_workspace_sales.xactly_participant  [[32m02000 1[0m in 2.02s]
[0m03:30:19  1420 of 1658 START sql table model restricted_safe_workspace_sales.xactly_plan_assignment  [RUN]
[0m03:30:19  1421 of 1658 START sql table model restricted_safe_workspace_sales.xactly_planrules  [RUN]
[0m03:30:19  1422 of 1658 START sql table model restricted_safe_workspace_sales.xactly_pos_hierarchy_type_hist  [RUN]
[0m03:30:19  1419 of 1658 OK created sql table model restricted_safe_workspace_sales.xactly_pos_hierarchy_hist  [[32m02000 1[0m in 1.71s]
[0m03:30:19  1423 of 1658 START sql table model restricted_safe_workspace_sales.xactly_pos_hierarchy_type  [RUN]
[0m03:30:20  1421 of 1658 OK created sql table model restricted_safe_workspace_sales.xactly_planrules  [[32m02000 1[0m in 1.45s]
[0m03:30:20  1424 of 1658 START sql table model restricted_safe_workspace_sales.xactly_pos_part_assignment_hist  [RUN]
[0m03:30:20  1422 of 1658 OK created sql table model restricted_safe_workspace_sales.xactly_pos_hierarchy_type_hist  [[32m02000 1[0m in 1.75s]
[0m03:30:20  1425 of 1658 START sql table model restricted_safe_workspace_sales.xactly_pos_hierarchy  [RUN]
[0m03:30:20  1420 of 1658 OK created sql table model restricted_safe_workspace_sales.xactly_plan_assignment  [[32m02000 1[0m in 1.75s]
[0m03:30:20  1426 of 1658 START sql table model restricted_safe_workspace_sales.xactly_pos_rel_type  [RUN]
[0m03:30:21  1423 of 1658 OK created sql table model restricted_safe_workspace_sales.xactly_pos_hierarchy_type  [[32m02000 1[0m in 2.52s]
[0m03:30:21  1427 of 1658 START sql table model restricted_safe_workspace_sales.xactly_pos_part_assignment  [RUN]
[0m03:30:22  1425 of 1658 OK created sql table model restricted_safe_workspace_sales.xactly_pos_hierarchy  [[32m02000 1[0m in 1.22s]
[0m03:30:22  1428 of 1658 START sql table model restricted_safe_workspace_sales.xactly_pos_rel_type_hist  [RUN]
[0m03:30:22  1424 of 1658 OK created sql table model restricted_safe_workspace_sales.xactly_pos_part_assignment_hist  [[32m02000 1[0m in 2.23s]
[0m03:30:22  1426 of 1658 OK created sql table model restricted_safe_workspace_sales.xactly_pos_rel_type  [[32m02000 1[0m in 1.92s]
[0m03:30:22  1429 of 1658 START sql table model restricted_safe_workspace_sales.xactly_pos_relations_hist  [RUN]
[0m03:30:22  1430 of 1658 START sql table model restricted_safe_workspace_sales.xactly_pos_relations  [RUN]
[0m03:30:23  1428 of 1658 OK created sql table model restricted_safe_workspace_sales.xactly_pos_rel_type_hist  [[32m02000 1[0m in 1.60s]
[0m03:30:23  1431 of 1658 START sql table model restricted_safe_workspace_sales.xactly_pos_title_assignment_hist  [RUN]
[0m03:30:23  1427 of 1658 OK created sql table model restricted_safe_workspace_sales.xactly_pos_part_assignment  [[32m02000 1[0m in 2.03s]
[0m03:30:23  1432 of 1658 START sql table model restricted_safe_workspace_sales.xactly_pos_title_assignment  [RUN]
[0m03:30:25  1429 of 1658 OK created sql table model restricted_safe_workspace_sales.xactly_pos_relations_hist  [[32m02000 1[0m in 2.32s]
[0m03:30:25  1433 of 1658 START sql table model restricted_safe_workspace_sales.xactly_position_hist  [RUN]
[0m03:30:25  1431 of 1658 OK created sql table model restricted_safe_workspace_sales.xactly_pos_title_assignment_hist  [[32m02000 1[0m in 1.43s]
[0m03:30:25  1430 of 1658 OK created sql table model restricted_safe_workspace_sales.xactly_pos_relations  [[32m02000 1[0m in 2.33s]
[0m03:30:25  1434 of 1658 START sql table model restricted_safe_workspace_sales.xactly_position  [RUN]
[0m03:30:25  1435 of 1658 START sql table model restricted_safe_workspace_sales.xactly_quota_hist  [RUN]
[0m03:30:26  1432 of 1658 OK created sql table model restricted_safe_workspace_sales.xactly_pos_title_assignment  [[32m02000 1[0m in 2.23s]
[0m03:30:26  1436 of 1658 START sql table model restricted_safe_workspace_sales.xactly_quota_assignment  [RUN]
[0m03:30:27  1433 of 1658 OK created sql table model restricted_safe_workspace_sales.xactly_position_hist  [[32m02000 1[0m in 1.82s]
[0m03:30:27  1437 of 1658 START sql table model restricted_safe_workspace_sales.xactly_quota_assignment_hist  [RUN]
[0m03:30:27  1435 of 1658 OK created sql table model restricted_safe_workspace_sales.xactly_quota_hist  [[32m02000 1[0m in 1.80s]
[0m03:30:27  1434 of 1658 OK created sql table model restricted_safe_workspace_sales.xactly_position  [[32m02000 1[0m in 1.81s]
[0m03:30:27  1438 of 1658 START sql table model restricted_safe_workspace_sales.xactly_quota_relationship  [RUN]
[0m03:30:27  1439 of 1658 START sql table model restricted_safe_workspace_sales.xactly_quota  [RUN]
[0m03:30:28  1438 of 1658 OK created sql table model restricted_safe_workspace_sales.xactly_quota_relationship  [[32m02000 1[0m in 1.45s]
[0m03:30:28  1440 of 1658 START sql table model restricted_safe_workspace_sales.xactly_quota_totals  [RUN]
[0m03:30:28  1439 of 1658 OK created sql table model restricted_safe_workspace_sales.xactly_quota  [[32m02000 1[0m in 1.46s]
[0m03:30:28  1436 of 1658 OK created sql table model restricted_safe_workspace_sales.xactly_quota_assignment  [[32m02000 1[0m in 2.38s]
[0m03:30:28  1441 of 1658 START sql table model restricted_safe_workspace_sales.xactly_role . [RUN]
[0m03:30:28  1442 of 1658 START sql table model restricted_safe_workspace_sales.xactly_rule . [RUN]
[0m03:30:29  1437 of 1658 OK created sql table model restricted_safe_workspace_sales.xactly_quota_assignment_hist  [[32m02000 1[0m in 2.37s]
[0m03:30:29  1443 of 1658 START sql table model restricted_safe_workspace_sales.xactly_user . [RUN]
[0m03:30:30  1441 of 1658 OK created sql table model restricted_safe_workspace_sales.xactly_role  [[32m02000 1[0m in 1.71s]
[0m03:30:30  1440 of 1658 OK created sql table model restricted_safe_workspace_sales.xactly_quota_totals  [[32m02000 1[0m in 1.72s]
[0m03:30:30  1442 of 1658 OK created sql table model restricted_safe_workspace_sales.xactly_rule  [[32m02000 1[0m in 1.71s]
[0m03:30:30  1445 of 1658 START sql view model workspace_engineering.zengrc_objective ....... [RUN]
[0m03:30:30  1444 of 1658 START sql table model zendesk.zendesk_ticket_audits_source ........ [RUN]
[0m03:30:30  1446 of 1658 START sql view model workspace_engineering.zengrc_risk ............ [RUN]
[0m03:30:30  1445 of 1658 OK created sql view model workspace_engineering.zengrc_objective .. [[32m02000 1[0m in 0.05s]
[0m03:30:30  1446 of 1658 OK created sql view model workspace_engineering.zengrc_risk ....... [[32m02000 1[0m in 0.05s]
[0m03:30:30  1447 of 1658 START sql table model legacy.zendesk_ticket_custom_fields ......... [RUN]
[0m03:30:30  1448 of 1658 START sql table model zendesk.zendesk_tickets_source .............. [RUN]
[0m03:30:31  1443 of 1658 OK created sql table model restricted_safe_workspace_sales.xactly_user  [[32m02000 1[0m in 1.82s]
[0m03:30:31  1449 of 1658 START sql table model common_prep.prep_amendment .................. [RUN]
[0m03:30:32  1448 of 1658 OK created sql table model zendesk.zendesk_tickets_source ......... [[32m02000 1[0m in 1.37s]
[0m03:30:32  1450 of 1658 START sql table model restricted_safe_workspace_finance.prep_amendment_api_sandbox  [RUN]
[0m03:30:32  1444 of 1658 OK created sql table model zendesk.zendesk_ticket_audits_source ... [[32m02000 1[0m in 2.18s]
[0m03:30:32  1451 of 1658 START sql table model restricted_safe_workspace_finance.dim_order_action_api_sandbox  [RUN]
[0m03:30:33  1450 of 1658 OK created sql table model restricted_safe_workspace_finance.prep_amendment_api_sandbox  [[32m02000 1[0m in 1.44s]
[0m03:30:33  1452 of 1658 START sql table model restricted_safe_workspace_finance.map_product_tier_api_sandbox  [RUN]
[0m03:30:33  1449 of 1658 OK created sql table model common_prep.prep_amendment ............. [[32m02000 1[0m in 2.26s]
[0m03:30:33  1447 of 1658 OK created sql table model legacy.zendesk_ticket_custom_fields .... [[32m02000 1[0m in 3.21s]
[0m03:30:33  1453 of 1658 START sql table model restricted_safe_workspace_finance.prep_amendment_central_sandbox  [RUN]
[0m03:30:33  1454 of 1658 START sql table model restricted_safe_workspace_finance.dim_order_central_sandbox  [RUN]
[0m03:30:34  1454 of 1658 OK created sql table model restricted_safe_workspace_finance.dim_order_central_sandbox  [[32m02000 1[0m in 1.24s]
[0m03:30:34  1455 of 1658 START sql table model restricted_safe_workspace_finance.dim_order_action_central_sandbox  [RUN]
[0m03:30:34  1451 of 1658 OK created sql table model restricted_safe_workspace_finance.dim_order_action_api_sandbox  [[32m02000 1[0m in 2.34s]
[0m03:30:34  1456 of 1658 START sql table model restricted_safe_workspace_finance.map_product_tier_central_sandbox  [RUN]
[0m03:30:35  1453 of 1658 OK created sql table model restricted_safe_workspace_finance.prep_amendment_central_sandbox  [[32m02000 1[0m in 2.26s]
[0m03:30:35  1457 of 1658 START sql table model legacy.zuora_discount_applied_metrics ....... [RUN]
[0m03:30:36  1455 of 1658 OK created sql table model restricted_safe_workspace_finance.dim_order_action_central_sandbox  [[32m02000 1[0m in 2.02s]
[0m03:30:36  1458 of 1658 START sql table model restricted_safe_legacy.zuora_invoice_item ... [RUN]
[0m03:30:37  1452 of 1658 OK created sql table model restricted_safe_workspace_finance.map_product_tier_api_sandbox  [[32m02000 1[0m in 3.93s]
[0m03:30:37  1459 of 1658 START sql table model common.dim_invoice .......................... [RUN]
[0m03:30:37  1457 of 1658 OK created sql table model legacy.zuora_discount_applied_metrics .. [[32m02000 1[0m in 1.72s]
[0m03:30:37  1460 of 1658 START sql table model common.dim_order_action ..................... [RUN]
[0m03:30:38  1456 of 1658 OK created sql table model restricted_safe_workspace_finance.map_product_tier_central_sandbox  [[32m02000 1[0m in 3.87s]
[0m03:30:38  1461 of 1658 START sql table model common_mapping.map_product_tier ............. [RUN]
[0m03:30:38  1458 of 1658 OK created sql table model restricted_safe_legacy.zuora_invoice_item  [[32m02000 1[0m in 1.90s]
[0m03:30:38  1462 of 1658 START sql table model legacy.zuora_refund ......................... [RUN]
[0m03:30:39  1460 of 1658 OK created sql table model common.dim_order_action ................ [[32m02000 1[0m in 1.80s]
[0m03:30:39  1463 of 1658 START sql table model common.dim_accounting_type .................. [RUN]
[0m03:30:39  1459 of 1658 OK created sql table model common.dim_invoice ..................... [[32m02000 1[0m in 1.96s]
[0m03:30:39  1464 of 1658 START sql table model common.dim_manual_journal_entry_header ...... [RUN]
[0m03:30:40  1463 of 1658 OK created sql table model common.dim_accounting_type ............. [[32m02000 1[0m in 1.62s]
[0m03:30:40  1465 of 1658 START sql table model common.dim_manual_journal_entry_line ........ [RUN]
[0m03:30:41  1462 of 1658 OK created sql table model legacy.zuora_refund .................... [[32m02000 1[0m in 3.03s]
[0m03:30:41  1466 of 1658 START sql table model restricted_safe_common.fct_manual_journal_entry_line  [RUN]
[0m03:30:42  1464 of 1658 OK created sql table model common.dim_manual_journal_entry_header . [[32m02000 1[0m in 2.70s]
[0m03:30:42  1467 of 1658 START sql table model common.dim_hold ............................. [RUN]
[0m03:30:42  1465 of 1658 OK created sql table model common.dim_manual_journal_entry_line ... [[32m02000 1[0m in 1.66s]
[0m03:30:42  1468 of 1658 START sql table model common.dim_revenue_contract_hold ............ [RUN]
[0m03:30:42  1461 of 1658 OK created sql table model common_mapping.map_product_tier ........ [[32m02000 1[0m in 3.97s]
[0m03:30:42  1469 of 1658 START sql table model restricted_safe_common.fct_revenue_contract_hold  [RUN]
[0m03:30:43  1467 of 1658 OK created sql table model common.dim_hold ........................ [[32m02000 1[0m in 1.80s]
[0m03:30:43  1466 of 1658 OK created sql table model restricted_safe_common.fct_manual_journal_entry_line  [[32m02000 1[0m in 2.18s]
[0m03:30:43  1470 of 1658 START sql table model common.dim_revenue_contract ................. [RUN]
[0m03:30:43  1471 of 1658 START sql table model common.dim_revenue_contract_line ............ [RUN]
[0m03:30:44  1468 of 1658 OK created sql table model common.dim_revenue_contract_hold ....... [[32m02000 1[0m in 1.53s]
[0m03:30:44  1472 of 1658 START sql table model common.dim_accounting_event ................. [RUN]
[0m03:30:45  1470 of 1658 OK created sql table model common.dim_revenue_contract ............ [[32m02000 1[0m in 1.46s]
[0m03:30:45  1473 of 1658 START sql table model common.dim_revenue_contract_performance_obligation  [RUN]
[0m03:30:45  1469 of 1658 OK created sql table model restricted_safe_common.fct_revenue_contract_hold  [[32m02000 1[0m in 2.75s]
[0m03:30:45  1474 of 1658 START sql table model common.dim_revenue_contract_schedule ........ [RUN]
[0m03:30:45  1471 of 1658 OK created sql table model common.dim_revenue_contract_line ....... [[32m02000 1[0m in 1.56s]
[0m03:30:45  1475 of 1658 START sql table model restricted_safe_common.fct_revenue_contract_schedule  [RUN]
[0m03:30:46  1472 of 1658 OK created sql table model common.dim_accounting_event ............ [[32m02000 1[0m in 2.12s]
[0m03:30:46  1476 of 1658 START sql table model restricted_safe_common.fct_waterfall_summary  [RUN]
[0m03:30:46  1474 of 1658 OK created sql table model common.dim_revenue_contract_schedule ... [[32m02000 1[0m in 1.40s]
[0m03:30:46  1477 of 1658 START sql table model restricted_safe_workspace_marketing.wk_bizible_account_to_emails_pii  [RUN]
[0m03:30:47  1473 of 1658 OK created sql table model common.dim_revenue_contract_performance_obligation  [[32m02000 1[0m in 1.80s]
[0m03:30:47  1478 of 1658 START sql table model restricted_safe_workspace_marketing.wk_bizible_accounts_pii  [RUN]
[0m03:30:47  1475 of 1658 OK created sql table model restricted_safe_common.fct_revenue_contract_schedule  [[32m02000 1[0m in 2.15s]
[0m03:30:47  1479 of 1658 START sql table model restricted_safe_workspace_marketing.wk_bizible_attribution_touchpoints_pii  [RUN]
[0m03:30:49  1477 of 1658 OK created sql table model restricted_safe_workspace_marketing.wk_bizible_account_to_emails_pii  [[32m02000 1[0m in 2.22s]
[0m03:30:49  1478 of 1658 OK created sql table model restricted_safe_workspace_marketing.wk_bizible_accounts_pii  [[32m02000 1[0m in 1.83s]
[0m03:30:49  1480 of 1658 START sql table model restricted_safe_workspace_marketing.wk_bizible_campaign_members_pii  [RUN]
[0m03:30:49  1481 of 1658 START sql table model restricted_safe_workspace_marketing.wk_bizible_contacts_pii  [RUN]
[0m03:30:49  1479 of 1658 OK created sql table model restricted_safe_workspace_marketing.wk_bizible_attribution_touchpoints_pii  [[32m02000 1[0m in 2.28s]
[0m03:30:49  1482 of 1658 START sql table model restricted_safe_workspace_marketing.wk_bizible_crm_events_pii  [RUN]
[0m03:30:51  1476 of 1658 OK created sql table model restricted_safe_common.fct_waterfall_summary  [[32m02000 1[0m in 4.97s]
[0m03:30:51  1483 of 1658 START sql table model restricted_safe_workspace_marketing.wk_bizible_crm_tasks_pii  [RUN]
[0m03:30:51  1480 of 1658 OK created sql table model restricted_safe_workspace_marketing.wk_bizible_campaign_members_pii  [[32m02000 1[0m in 2.43s]
[0m03:30:51  1484 of 1658 START sql table model restricted_safe_workspace_marketing.wk_bizible_customer_ab_tests_source_pii  [RUN]
[0m03:30:51  1482 of 1658 OK created sql table model restricted_safe_workspace_marketing.wk_bizible_crm_events_pii  [[32m02000 1[0m in 1.90s]
[0m03:30:51  1481 of 1658 OK created sql table model restricted_safe_workspace_marketing.wk_bizible_contacts_pii  [[32m02000 1[0m in 2.44s]
[0m03:30:51  1485 of 1658 START sql table model restricted_safe_workspace_marketing.wk_bizible_form_submits_pii  [RUN]
[0m03:30:51  1486 of 1658 START sql table model restricted_safe_workspace_marketing.wk_bizible_email_to_visitor_ids_pii  [RUN]
[0m03:30:52  1483 of 1658 OK created sql table model restricted_safe_workspace_marketing.wk_bizible_crm_tasks_pii  [[32m02000 1[0m in 1.52s]
[0m03:30:52  1487 of 1658 START sql table model restricted_safe_workspace_marketing.wk_bizible_facts_pii  [RUN]
[0m03:30:53  1486 of 1658 OK created sql table model restricted_safe_workspace_marketing.wk_bizible_email_to_visitor_ids_pii  [[32m02000 1[0m in 1.61s]
[0m03:30:53  1488 of 1658 START sql table model restricted_safe_workspace_marketing.wk_bizible_lead_stage_transitions_pii  [RUN]
[0m03:30:53  1485 of 1658 OK created sql table model restricted_safe_workspace_marketing.wk_bizible_form_submits_pii  [[32m02000 1[0m in 1.71s]
[0m03:30:53  1484 of 1658 OK created sql table model restricted_safe_workspace_marketing.wk_bizible_customer_ab_tests_source_pii  [[32m02000 1[0m in 1.72s]
[0m03:30:53  1489 of 1658 START sql table model restricted_safe_workspace_marketing.wk_bizible_opp_stage_transitions_pii  [RUN]
[0m03:30:53  1490 of 1658 START sql table model restricted_safe_workspace_marketing.wk_bizible_leads_pii  [RUN]
[0m03:30:54  1489 of 1658 OK created sql table model restricted_safe_workspace_marketing.wk_bizible_opp_stage_transitions_pii  [[32m02000 1[0m in 0.90s]
[0m03:30:54  1487 of 1658 OK created sql table model restricted_safe_workspace_marketing.wk_bizible_facts_pii  [[32m02000 1[0m in 1.72s]
[0m03:30:54  1491 of 1658 START sql table model restricted_safe_workspace_marketing.wk_bizible_page_views_pii  [RUN]
[0m03:30:54  1488 of 1658 OK created sql table model restricted_safe_workspace_marketing.wk_bizible_lead_stage_transitions_pii  [[32m02000 1[0m in 1.01s]
[0m03:30:54  1492 of 1658 START sql table model restricted_safe_workspace_marketing.wk_bizible_touchpoints_pii  [RUN]
[0m03:30:54  1493 of 1658 START sql table model restricted_safe_workspace_marketing.wk_bizible_user_touchpoints_pii  [RUN]
[0m03:30:55  1490 of 1658 OK created sql table model restricted_safe_workspace_marketing.wk_bizible_leads_pii  [[32m02000 1[0m in 1.81s]
[0m03:30:55  1494 of 1658 START sql table model legacy.categories_yaml_latest ............... [RUN]
[0m03:30:56  1492 of 1658 OK created sql table model restricted_safe_workspace_marketing.wk_bizible_touchpoints_pii  [[32m02000 1[0m in 1.71s]
[0m03:30:56  1491 of 1658 OK created sql table model restricted_safe_workspace_marketing.wk_bizible_page_views_pii  [[32m02000 1[0m in 1.72s]
[0m03:30:56  1493 of 1658 OK created sql table model restricted_safe_workspace_marketing.wk_bizible_user_touchpoints_pii  [[32m02000 1[0m in 1.71s]
[0m03:30:56  1495 of 1658 SKIP relation common.dim_date ..................................... [[33mSKIP[0m]
[0m03:30:56  1496 of 1658 START sql table model legacy.feature_flags_yaml_latest ............ [RUN]
[0m03:30:56  1497 of 1658 START sql table model legacy.gitlab_dotcom_approvals .............. [RUN]
[0m03:30:56  1498 of 1658 START sql incremental model sensitive.gitlab_dotcom_audit_event_details  [RUN]
[0m03:30:57  1497 of 1658 OK created sql table model legacy.gitlab_dotcom_approvals ......... [[32m02000 1[0m in 1.57s]
[0m03:30:57  1499 of 1658 START sql table model legacy.gitlab_dotcom_audit_events ........... [RUN]
[0m03:30:58  1498 of 1658 OK created sql incremental model sensitive.gitlab_dotcom_audit_event_details  [[32m02000 1[0m in 2.15s]
[0m03:30:58  1500 of 1658 START sql table model workspace_engineering.wk_gitlab_dotcom_award_emoji  [RUN]
[0m03:30:58  1494 of 1658 OK created sql table model legacy.categories_yaml_latest .......... [[32m02000 1[0m in 3.53s]
[0m03:30:58  1501 of 1658 START sql table model workspace_product.gitlab_dotcom_banned_users  [RUN]
[0m03:30:59  1496 of 1658 OK created sql table model legacy.feature_flags_yaml_latest ....... [[32m02000 1[0m in 3.10s]
[0m03:30:59  1502 of 1658 START sql table model workspace_product.gitlab_dotcom_catalog_resource_versions  [RUN]
[0m03:30:59  1499 of 1658 OK created sql table model legacy.gitlab_dotcom_audit_events ...... [[32m02000 1[0m in 1.99s]
[0m03:30:59  1503 of 1658 START sql table model workspace_product.gitlab_dotcom_catalog_resources  [RUN]
[0m03:31:00  1500 of 1658 OK created sql table model workspace_engineering.wk_gitlab_dotcom_award_emoji  [[32m02000 1[0m in 1.91s]
[0m03:31:00  1504 of 1658 START sql table model workspace_product.gitlab_dotcom_ci_builds_metadata  [RUN]
[0m03:31:00  1501 of 1658 OK created sql table model workspace_product.gitlab_dotcom_banned_users  [[32m02000 1[0m in 1.75s]
[0m03:31:00  1505 of 1658 START sql table model workspace_product.gitlab_dotcom_ci_namespace_monthly_usages  [RUN]
[0m03:31:01  1502 of 1658 OK created sql table model workspace_product.gitlab_dotcom_catalog_resource_versions  [[32m02000 1[0m in 1.85s]
[0m03:31:01  1506 of 1658 START sql table model workspace_product.gitlab_dotcom_ci_pipeline_artifacts  [RUN]
[0m03:31:01  1503 of 1658 OK created sql table model workspace_product.gitlab_dotcom_catalog_resources  [[32m02000 1[0m in 1.94s]
[0m03:31:01  1507 of 1658 START sql table model workspace_product.gitlab_dotcom_ci_runner_machines  [RUN]
[0m03:31:02  1504 of 1658 OK created sql table model workspace_product.gitlab_dotcom_ci_builds_metadata  [[32m02000 1[0m in 1.79s]
[0m03:31:02  1508 of 1658 START sql table model workspace_product.gitlab_dotcom_ci_secure_files  [RUN]
[0m03:31:02  1505 of 1658 OK created sql table model workspace_product.gitlab_dotcom_ci_namespace_monthly_usages  [[32m02000 1[0m in 1.95s]
[0m03:31:02  1509 of 1658 START sql table model legacy.gitlab_dotcom_ci_sources_pipelines ... [RUN]
[0m03:31:02  1506 of 1658 OK created sql table model workspace_product.gitlab_dotcom_ci_pipeline_artifacts  [[32m02000 1[0m in 1.84s]
[0m03:31:02  1510 of 1658 START sql table model workspace_product.gitlab_dotcom_ci_subscriptions_projects  [RUN]
[0m03:31:03  1508 of 1658 OK created sql table model workspace_product.gitlab_dotcom_ci_secure_files  [[32m02000 1[0m in 1.90s]
[0m03:31:03  1509 of 1658 OK created sql table model legacy.gitlab_dotcom_ci_sources_pipelines  [[32m02000 1[0m in 1.34s]
[0m03:31:03  1507 of 1658 OK created sql table model workspace_product.gitlab_dotcom_ci_runner_machines  [[32m02000 1[0m in 1.85s]
[0m03:31:03  1511 of 1658 START sql table model legacy.gitlab_dotcom_deployment_merge_requests  [RUN]
[0m03:31:03  1512 of 1658 START sql table model legacy.gitlab_dotcom_deployments ............ [RUN]
[0m03:31:03  1513 of 1658 START sql table model sensitive.gitlab_dotcom_environments ........ [RUN]
[0m03:31:04  1510 of 1658 OK created sql table model workspace_product.gitlab_dotcom_ci_subscriptions_projects  [[32m02000 1[0m in 1.88s]
[0m03:31:04  1514 of 1658 START sql table model legacy.gitlab_dotcom_epic_issues ............ [RUN]
[0m03:31:05  1512 of 1658 OK created sql table model legacy.gitlab_dotcom_deployments ....... [[32m02000 1[0m in 1.70s]
[0m03:31:05  1511 of 1658 OK created sql table model legacy.gitlab_dotcom_deployment_merge_requests  [[32m02000 1[0m in 1.70s]
[0m03:31:05  1513 of 1658 OK created sql table model sensitive.gitlab_dotcom_environments ... [[32m02000 1[0m in 1.70s]
[0m03:31:05  1515 of 1658 START sql table model workspace_product.gitlab_dotcom_fork_network_members  [RUN]
[0m03:31:05  1516 of 1658 START sql table model workspace_engineering.wk_gitlab_dotcom_gpg_signatures  [RUN]
[0m03:31:05  1517 of 1658 START sql table model workspace_product.gitlab_dotcom_group_audit_events  [RUN]
[0m03:31:06  1514 of 1658 OK created sql table model legacy.gitlab_dotcom_epic_issues ....... [[32m02000 1[0m in 1.72s]
[0m03:31:06  1518 of 1658 START sql table model legacy.gitlab_dotcom_identities ............. [RUN]
[0m03:31:07  1517 of 1658 OK created sql table model workspace_product.gitlab_dotcom_group_audit_events  [[32m02000 1[0m in 1.60s]
[0m03:31:07  1519 of 1658 START sql table model common_prep.prep_issue_severity ............. [RUN]
[0m03:31:07  1515 of 1658 OK created sql table model workspace_product.gitlab_dotcom_fork_network_members  [[32m02000 1[0m in 1.72s]
[0m03:31:07  1516 of 1658 OK created sql table model workspace_engineering.wk_gitlab_dotcom_gpg_signatures  [[32m02000 1[0m in 1.72s]
[0m03:31:07  1520 of 1658 SKIP relation workspace_product.gitlab_dotcom_member_roles_v ...... [[33mSKIP[0m]
[0m03:31:07  1521 of 1658 START sql table model sensitive.gitlab_dotcom_labels .............. [RUN]
[0m03:31:07  1522 of 1658 START sql table model legacy.gitlab_dotcom_merge_request_diffs .... [RUN]
[0m03:31:08  1518 of 1658 OK created sql table model legacy.gitlab_dotcom_identities ........ [[32m02000 1[0m in 2.12s]
[0m03:31:08  1523 of 1658 START sql table model legacy.gitlab_dotcom_merge_request_diff_commit_users  [RUN]
[0m03:31:08  1519 of 1658 OK created sql table model common_prep.prep_issue_severity ........ [[32m02000 1[0m in 1.42s]
[0m03:31:08  1524 of 1658 START sql table model workspace_product.suggested_merge_request_reviewers  [RUN]
[0m03:31:08  1521 of 1658 OK created sql table model sensitive.gitlab_dotcom_labels ......... [[32m02000 1[0m in 1.41s]
[0m03:31:08  1525 of 1658 START sql table model workspace_product.gitlab_dotcom_ml_candidates  [RUN]
[0m03:31:10  1523 of 1658 OK created sql table model legacy.gitlab_dotcom_merge_request_diff_commit_users  [[32m02000 1[0m in 1.39s]
[0m03:31:10  1524 of 1658 OK created sql table model workspace_product.suggested_merge_request_reviewers  [[32m02000 1[0m in 1.38s]
[0m03:31:10  1522 of 1658 OK created sql table model legacy.gitlab_dotcom_merge_request_diffs  [[32m02000 1[0m in 2.70s]
[0m03:31:10  1526 of 1658 START sql table model sensitive.gitlab_dotcom_milestones .......... [RUN]
[0m03:31:10  1527 of 1658 START sql table model workspace_product.wk_gitlab_dotcom_namespace_details  [RUN]
[0m03:31:10  1528 of 1658 START sql table model workspace_product.gitlab_dotcom_ml_experiments  [RUN]
[0m03:31:11  1525 of 1658 OK created sql table model workspace_product.gitlab_dotcom_ml_candidates  [[32m02000 1[0m in 2.20s]
[0m03:31:11  1529 of 1658 SKIP relation sensitive.gitlab_dotcom_namespaces .................. [[33mSKIP[0m]
[0m03:31:11  1530 of 1658 START sql table model legacy.gitlab_dotcom_namespace_settings ..... [RUN]
[0m03:31:11  1527 of 1658 OK created sql table model workspace_product.wk_gitlab_dotcom_namespace_details  [[32m02000 1[0m in 1.61s]
[0m03:31:11  1531 of 1658 START sql table model workspace_product.wk_gitlab_dotcom_onboarding_progresses  [RUN]
[0m03:31:11  1526 of 1658 OK created sql table model sensitive.gitlab_dotcom_milestones ..... [[32m02000 1[0m in 1.71s]
[0m03:31:11  1528 of 1658 OK created sql table model workspace_product.gitlab_dotcom_ml_experiments  [[32m02000 1[0m in 1.71s]
[0m03:31:11  1532 of 1658 START sql table model workspace_product.gitlab_dotcom_notification_settings  [RUN]
[0m03:31:11  1533 of 1658 SKIP relation workspace_product.gitlab_dotcom_pages_domains ....... [[33mSKIP[0m]
[0m03:31:11  1534 of 1658 START sql table model legacy.gitlab_dotcom_plans .................. [RUN]
[0m03:31:12  1532 of 1658 OK created sql table model workspace_product.gitlab_dotcom_notification_settings  [[32m02000 1[0m in 1.00s]
[0m03:31:12  1530 of 1658 OK created sql table model legacy.gitlab_dotcom_namespace_settings  [[32m02000 1[0m in 1.82s]
[0m03:31:12  1535 of 1658 START sql table model common_prep.prep_gitlab_dotcom_plan ......... [RUN]
[0m03:31:12  1531 of 1658 OK created sql table model workspace_product.wk_gitlab_dotcom_onboarding_progresses  [[32m02000 1[0m in 1.12s]
[0m03:31:12  1536 of 1658 START sql table model legacy.gitlab_dotcom_programming_languages .. [RUN]
[0m03:31:12  1537 of 1658 START sql table model legacy.gitlab_dotcom_project_statistics ..... [RUN]
[0m03:31:13  1534 of 1658 OK created sql table model legacy.gitlab_dotcom_plans ............. [[32m02000 1[0m in 1.90s]
[0m03:31:13  1538 of 1658 START sql table model workspace_product.gitlab_dotcom_project_settings  [RUN]
[0m03:31:14  1536 of 1658 OK created sql table model legacy.gitlab_dotcom_programming_languages  [[32m02000 1[0m in 1.60s]
[0m03:31:14  1539 of 1658 START sql table model sensitive.gitlab_dotcom_projects ............ [RUN]
[0m03:31:14  1535 of 1658 OK created sql table model common_prep.prep_gitlab_dotcom_plan .... [[32m02000 1[0m in 1.71s]
[0m03:31:14  1540 of 1658 START sql table model workspace_marketing.map_project_namespace ... [RUN]
[0m03:31:14  1537 of 1658 OK created sql table model legacy.gitlab_dotcom_project_statistics  [[32m02000 1[0m in 1.70s]
[0m03:31:14  1541 of 1658 START sql table model workspace_marketing.wk_fct_direct_membership  [RUN]
[0m03:31:15  1538 of 1658 OK created sql table model workspace_product.gitlab_dotcom_project_settings  [[32m02000 1[0m in 1.41s]
[0m03:31:15  1542 of 1658 START sql table model workspace_marketing.wk_fct_group_share ...... [RUN]
[0m03:31:15  1539 of 1658 OK created sql table model sensitive.gitlab_dotcom_projects ....... [[32m02000 1[0m in 1.49s]
[0m03:31:15  1543 of 1658 START sql table model legacy.gitlab_dotcom_resource_label_events .. [RUN]
[0m03:31:19  1540 of 1658 OK created sql table model workspace_marketing.map_project_namespace  [[32m02000 1[0m in 5.01s]
[0m03:31:19  1544 of 1658 START sql table model legacy.gitlab_dotcom_resource_weight_events . [RUN]
[0m03:31:20  1543 of 1658 OK created sql table model legacy.gitlab_dotcom_resource_label_events  [[32m02000 1[0m in 4.13s]
[0m03:31:20  1545 of 1658 START sql table model legacy.gitlab_dotcom_repository_languages ... [RUN]
[0m03:31:23  1545 of 1658 OK created sql table model legacy.gitlab_dotcom_repository_languages  [[32m02000 1[0m in 3.55s]
[0m03:31:23  1544 of 1658 OK created sql table model legacy.gitlab_dotcom_resource_weight_events  [[32m02000 1[0m in 3.69s]
[0m03:31:23  1546 of 1658 START sql table model legacy.gitlab_dotcom_resource_milestone_events  [RUN]
[0m03:31:23  1547 of 1658 START sql table model legacy.gitlab_dotcom_saml_providers ......... [RUN]
[0m03:31:25  1541 of 1658 OK created sql table model workspace_marketing.wk_fct_direct_membership  [[32m02000 1[0m in 11.08s]
[0m03:31:25  1548 of 1658 START sql table model workspace_engineering.wk_gitlab_dotcom_reviews  [RUN]
[0m03:31:27  1546 of 1658 OK created sql table model legacy.gitlab_dotcom_resource_milestone_events  [[32m02000 1[0m in 3.53s]
[0m03:31:27  1549 of 1658 START sql table model workspace_product.wk_gitlab_dotcom_sprints_internal_only  [RUN]
[0m03:31:27  1542 of 1658 OK created sql table model workspace_marketing.wk_fct_group_share . [[32m02000 1[0m in 12.02s]
[0m03:31:27  1547 of 1658 OK created sql table model legacy.gitlab_dotcom_saml_providers .... [[32m02000 1[0m in 3.53s]
[0m03:31:27  1550 of 1658 START sql table model workspace_engineering.wk_gitlab_dotcom_security_scans  [RUN]
[0m03:31:27  1551 of 1658 START sql table model workspace_product.gitlab_dotcom_subscription_add_on_purchases  [RUN]
[0m03:31:28  1548 of 1658 OK created sql table model workspace_engineering.wk_gitlab_dotcom_reviews  [[32m02000 1[0m in 3.23s]
[0m03:31:28  1552 of 1658 START sql table model workspace_engineering.wk_gitlab_dotcom_ssh_signatures  [RUN]
[0m03:31:30  1550 of 1658 OK created sql table model workspace_engineering.wk_gitlab_dotcom_security_scans  [[32m02000 1[0m in 3.22s]
[0m03:31:30  1553 of 1658 START sql table model workspace_product.gitlab_dotcom_subscription_add_ons  [RUN]
[0m03:31:30  1551 of 1658 OK created sql table model workspace_product.gitlab_dotcom_subscription_add_on_purchases  [[32m02000 1[0m in 3.32s]
[0m03:31:30  1549 of 1658 OK created sql table model workspace_product.wk_gitlab_dotcom_sprints_internal_only  [[32m02000 1[0m in 3.34s]
[0m03:31:30  1554 of 1658 START sql table model workspace_product.gitlab_dotcom_subscription_user_add_on_assignments  [RUN]
[0m03:31:30  1555 of 1658 START sql table model sensitive.gitlab_dotcom_system_note_metadata  [RUN]
[0m03:31:31  1552 of 1658 OK created sql table model workspace_engineering.wk_gitlab_dotcom_ssh_signatures  [[32m02000 1[0m in 2.93s]
[0m03:31:31  1553 of 1658 OK created sql table model workspace_product.gitlab_dotcom_subscription_add_ons  [[32m02000 1[0m in 1.42s]
[0m03:31:31  1556 of 1658 START sql table model legacy.gitlab_dotcom_todos .................. [RUN]
[0m03:31:31  1557 of 1658 START sql table model legacy.gitlab_dotcom_user_custom_attributes . [RUN]
[0m03:31:32  1555 of 1658 OK created sql table model sensitive.gitlab_dotcom_system_note_metadata  [[32m02000 1[0m in 2.11s]
[0m03:31:32  1554 of 1658 OK created sql table model workspace_product.gitlab_dotcom_subscription_user_add_on_assignments  [[32m02000 1[0m in 2.12s]
[0m03:31:32  1558 of 1658 START sql table model legacy.gitlab_dotcom_user_preferences ....... [RUN]
[0m03:31:32  1559 of 1658 START sql table model legacy.gitlab_dotcom_user_details ........... [RUN]
[0m03:31:33  1556 of 1658 OK created sql table model legacy.gitlab_dotcom_todos ............. [[32m02000 1[0m in 1.71s]
[0m03:31:33  1557 of 1658 OK created sql table model legacy.gitlab_dotcom_user_custom_attributes  [[32m02000 1[0m in 1.71s]
[0m03:31:33  1560 of 1658 START sql table model workspace_product.gitlab_dotcom_vulnerability_identifiers  [RUN]
[0m03:31:33  1561 of 1658 START sql table model workspace_product.gitlab_dotcom_vulnerability_state_transitions  [RUN]
[0m03:31:34  1558 of 1658 OK created sql table model legacy.gitlab_dotcom_user_preferences .. [[32m02000 1[0m in 1.71s]
[0m03:31:34  1559 of 1658 OK created sql table model legacy.gitlab_dotcom_user_details ...... [[32m02000 1[0m in 1.71s]
[0m03:31:34  1562 of 1658 START sql table model workspace_product.gitlab_dotcom_vulnerability_reads  [RUN]
[0m03:31:34  1563 of 1658 START sql table model workspace_product.wk_gitlab_dotcom_web_hooks  [RUN]
[0m03:31:35  1560 of 1658 OK created sql table model workspace_product.gitlab_dotcom_vulnerability_identifiers  [[32m02000 1[0m in 1.61s]
[0m03:31:35  1561 of 1658 OK created sql table model workspace_product.gitlab_dotcom_vulnerability_state_transitions  [[32m02000 1[0m in 1.61s]
[0m03:31:35  1564 of 1658 START sql table model workspace_product.gitlab_dotcom_zoekt_enabled_namespaces  [RUN]
[0m03:31:35  1565 of 1658 START sql table model workspace_product.gitlab_dotcom_zoekt_indices  [RUN]
[0m03:31:36  1562 of 1658 OK created sql table model workspace_product.gitlab_dotcom_vulnerability_reads  [[32m02000 1[0m in 1.71s]
[0m03:31:36  1566 of 1658 START sql table model legacy.gitlab_ops_labels_xf ................. [RUN]
[0m03:31:36  1563 of 1658 OK created sql table model workspace_product.wk_gitlab_dotcom_web_hooks  [[32m02000 1[0m in 1.71s]
[0m03:31:36  1567 of 1658 SKIP relation common.dim_locality ................................. [[33mSKIP[0m]
[0m03:31:36  1568 of 1658 START sql table model restricted_safe_workspace_marketing.wk_marketo_activity_click_link_pii  [RUN]
[0m03:31:36  1564 of 1658 OK created sql table model workspace_product.gitlab_dotcom_zoekt_enabled_namespaces  [[32m02000 1[0m in 1.71s]
[0m03:31:36  1565 of 1658 OK created sql table model workspace_product.gitlab_dotcom_zoekt_indices  [[32m02000 1[0m in 1.71s]
[0m03:31:36  1569 of 1658 START sql table model restricted_safe_workspace_marketing.wk_marketo_activity_email_bounced_soft_pii  [RUN]
[0m03:31:36  1570 of 1658 START sql table model restricted_safe_workspace_marketing.wk_marketo_activity_email_bounced_pii  [RUN]
[0m03:31:38  1568 of 1658 OK created sql table model restricted_safe_workspace_marketing.wk_marketo_activity_click_link_pii  [[32m02000 1[0m in 1.79s]
[0m03:31:38  1571 of 1658 START sql table model restricted_safe_workspace_marketing.wk_marketo_activity_fill_out_form_pii  [RUN]
[0m03:31:39  1566 of 1658 OK created sql table model legacy.gitlab_ops_labels_xf ............ [[32m02000 1[0m in 3.84s]
[0m03:31:39  1572 of 1658 START sql table model restricted_safe_workspace_marketing.wk_marketo_activity_new_lead_pii  [RUN]
[0m03:31:41  1571 of 1658 OK created sql table model restricted_safe_workspace_marketing.wk_marketo_activity_fill_out_form_pii  [[32m02000 1[0m in 3.41s]
[0m03:31:41  1573 of 1658 START sql table model restricted_safe_workspace_marketing.wk_marketo_activity_push_lead_to_marketo_pii  [RUN]
[0m03:31:41  1569 of 1658 OK created sql table model restricted_safe_workspace_marketing.wk_marketo_activity_email_bounced_soft_pii  [[32m02000 1[0m in 4.65s]
[0m03:31:41  1574 of 1658 START sql table model restricted_safe_workspace_marketing.wk_marketo_activity_sfdc_activity_pii  [RUN]
[0m03:31:41  1570 of 1658 OK created sql table model restricted_safe_workspace_marketing.wk_marketo_activity_email_bounced_pii  [[32m02000 1[0m in 4.65s]
[0m03:31:41  1575 of 1658 START sql table model restricted_safe_workspace_marketing.wk_marketo_activity_sfdc_activity_updated_pii  [RUN]
[0m03:31:42  1572 of 1658 OK created sql table model restricted_safe_workspace_marketing.wk_marketo_activity_new_lead_pii  [[32m02000 1[0m in 3.00s]
[0m03:31:42  1576 of 1658 START sql table model restricted_safe_workspace_marketing.wk_marketo_activity_send_alert_pii  [RUN]
[0m03:31:43  1575 of 1658 OK created sql table model restricted_safe_workspace_marketing.wk_marketo_activity_sfdc_activity_updated_pii  [[32m02000 1[0m in 1.63s]
[0m03:31:43  1574 of 1658 OK created sql table model restricted_safe_workspace_marketing.wk_marketo_activity_sfdc_activity_pii  [[32m02000 1[0m in 1.98s]
[0m03:31:43  1577 of 1658 START sql table model restricted_safe_workspace_marketing.wk_marketo_activity_unsubscribe_email_pii  [RUN]
[0m03:31:43  1573 of 1658 OK created sql table model restricted_safe_workspace_marketing.wk_marketo_activity_push_lead_to_marketo_pii  [[32m02000 1[0m in 1.99s]
[0m03:31:43  1578 of 1658 START sql table model restricted_safe_workspace_marketing.wk_marketo_activity_sync_lead_to_sfdc_pii  [RUN]
[0m03:31:43  1579 of 1658 START sql table model restricted_safe_workspace_marketing.wk_marketo_activity_visit_webpage_pii  [RUN]
[0m03:31:44  1576 of 1658 OK created sql table model restricted_safe_workspace_marketing.wk_marketo_activity_send_alert_pii  [[32m02000 1[0m in 1.51s]
[0m03:31:44  1580 of 1658 SKIP relation pumps_sensitive.pump_opportunity_forecasting_scores . [[33mSKIP[0m]
[0m03:31:44  1581 of 1658 SKIP relation common_mart_marketing.mart_marketo_person ........... [[33mSKIP[0m]
[0m03:31:44  1582 of 1658 START sql table model restricted_safe_legacy.netsuite_transaction_lines_xf  [RUN]
[0m03:31:45  1577 of 1658 OK created sql table model restricted_safe_workspace_marketing.wk_marketo_activity_unsubscribe_email_pii  [[32m02000 1[0m in 1.71s]
[0m03:31:45  1578 of 1658 OK created sql table model restricted_safe_workspace_marketing.wk_marketo_activity_sync_lead_to_sfdc_pii  [[32m02000 1[0m in 1.70s]
[0m03:31:45  1579 of 1658 OK created sql table model restricted_safe_workspace_marketing.wk_marketo_activity_visit_webpage_pii  [[32m02000 1[0m in 1.70s]
[0m03:31:45  1583 of 1658 START sql table model sensitive.qualtrics_contact_mailing_send .... [RUN]
[0m03:31:45  1584 of 1658 START sql incremental model data_classification.sensitive_queries_details  [RUN]
[0m03:31:45  1585 of 1658 START sql incremental model data_classification.sensitive_queries_source  [RUN]
[0m03:31:45  1584 of 1658 ERROR creating sql incremental model data_classification.sensitive_queries_details  [[31mERROR[0m in 0.09s]
[0m03:31:45  1586 of 1658 START sql table model legacy.roles_yaml_latest .................... [RUN]
[0m03:31:45  1585 of 1658 ERROR creating sql incremental model data_classification.sensitive_queries_source  [[31mERROR[0m in 0.20s]
[0m03:31:45  1587 of 1658 SKIP relation common_prep.prep_bizible_marketing_channel_path ..... [[33mSKIP[0m]
[0m03:31:45  1588 of 1658 SKIP relation common.dim_crm_event ................................ [[33mSKIP[0m]
[0m03:31:45  1589 of 1658 START sql table model common_prep.prep_dr_partner_engagement ...... [RUN]
[0m03:31:49  1586 of 1658 OK created sql table model legacy.roles_yaml_latest ............... [[32m02000 1[0m in 4.58s]
[0m03:31:49  1589 of 1658 OK created sql table model common_prep.prep_dr_partner_engagement . [[32m02000 1[0m in 4.47s]
[0m03:31:49  1590 of 1658 START sql table model legacy.performance_indicators_yaml_historical  [RUN]
[0m03:31:49  1591 of 1658 START sql table model workspace_data.dim_author ................... [RUN]
[0m03:31:53  1590 of 1658 OK created sql table model legacy.performance_indicators_yaml_historical  [[32m02000 1[0m in 3.78s]
[0m03:31:53  1592 of 1658 START sql table model workspace_data.dim_book ..................... [RUN]
[0m03:31:54  1591 of 1658 OK created sql table model workspace_data.dim_author .............. [[32m02000 1[0m in 4.15s]
[0m03:31:54  1593 of 1658 START sql table model workspace_data.dim_publisher ................ [RUN]
[0m03:31:54  1583 of 1658 OK created sql table model sensitive.qualtrics_contact_mailing_send  [[32m02000 1[0m in 8.86s]
[0m03:31:54  1594 of 1658 START sql table model legacy.ga360_session_custom_dimension_xf .... [RUN]
[0m03:31:55  1592 of 1658 OK created sql table model workspace_data.dim_book ................ [[32m02000 1[0m in 1.79s]
[0m03:31:55  1595 of 1658 START sql table model legacy.ga360_session_hit_custom_dimension_xf  [RUN]
[0m03:31:56  1593 of 1658 OK created sql table model workspace_data.dim_publisher ........... [[32m02000 1[0m in 2.22s]
[0m03:31:56  1596 of 1658 START sql table model common_prep.prep_stages_to_include_spo ...... [RUN]
[0m03:31:58  1594 of 1658 OK created sql table model legacy.ga360_session_custom_dimension_xf  [[32m02000 1[0m in 4.46s]
[0m03:31:58  1597 of 1658 SKIP relation workspace_data.snowflake_query_metering ............. [[33mSKIP[0m]
[0m03:31:58  1598 of 1658 START sql table model restricted_safe_workspace_sales.wk_gs_persona_healthy_activity  [RUN]
[0m03:32:00  1595 of 1658 OK created sql table model legacy.ga360_session_hit_custom_dimension_xf  [[32m02000 1[0m in 4.58s]
[0m03:32:00  1596 of 1658 OK created sql table model common_prep.prep_stages_to_include_spo . [[32m02000 1[0m in 3.78s]
[0m03:32:00  1599 of 1658 START sql table model common.dim_host ............................. [RUN]
[0m03:32:00  1600 of 1658 START sql table model legacy.team_yaml_latest ..................... [RUN]
[0m03:32:01  1582 of 1658 OK created sql table model restricted_safe_legacy.netsuite_transaction_lines_xf  [[32m02000 1[0m in 16.98s]
[0m03:32:01  1601 of 1658 START sql table model common.dim_app_release ...................... [RUN]
[0m03:32:01  1599 of 1658 OK created sql table model common.dim_host ........................ [[32m02000 1[0m in 1.76s]
[0m03:32:01  1602 of 1658 START sql table model common_prep.prep_app_release_major_minor .... [RUN]
[0m03:32:03  1601 of 1658 OK created sql table model common.dim_app_release ................. [[32m02000 1[0m in 1.95s]
[0m03:32:03  1600 of 1658 OK created sql table model legacy.team_yaml_latest ................ [[32m02000 1[0m in 3.26s]
[0m03:32:03  1603 of 1658 START sql table model common.dim_team_member ...................... [RUN]
[0m03:32:03  1604 of 1658 START sql table model sensitive.zendesk_ticket_custom_field_values_sensitive  [RUN]
[0m03:32:07  1604 of 1658 OK created sql table model sensitive.zendesk_ticket_custom_field_values_sensitive  [[32m02000 1[0m in 4.27s]
[0m03:32:07  1605 of 1658 START sql table model legacy.zendesk_ticket_tags .................. [RUN]
[0m03:32:07  1603 of 1658 OK created sql table model common.dim_team_member ................. [[32m02000 1[0m in 4.34s]
[0m03:32:07  1602 of 1658 OK created sql table model common_prep.prep_app_release_major_minor  [[32m02000 1[0m in 5.85s]
[0m03:32:07  1606 of 1658 START sql table model legacy.zendesk_ticket_audits ................ [RUN]
[0m03:32:07  1607 of 1658 START sql table model common.dim_amendment ........................ [RUN]
[0m03:32:08  1598 of 1658 OK created sql table model restricted_safe_workspace_sales.wk_gs_persona_healthy_activity  [[32m02000 1[0m in 9.62s]
[0m03:32:08  1608 of 1658 START sql table model restricted_safe_workspace_finance.dim_amendment_central_sandbox  [RUN]
[0m03:32:09  1606 of 1658 OK created sql table model legacy.zendesk_ticket_audits ........... [[32m02000 1[0m in 1.53s]
[0m03:32:09  1609 of 1658 START sql table model restricted_safe_workspace_finance.prep_product_tier_api_sandbox  [RUN]
[0m03:32:10  1607 of 1658 OK created sql table model common.dim_amendment ................... [[32m02000 1[0m in 2.11s]
[0m03:32:10  1610 of 1658 START sql table model restricted_safe_workspace_finance.prep_product_tier_central_sandbox  [RUN]
[0m03:32:10  1605 of 1658 ERROR creating sql table model legacy.zendesk_ticket_tags ......... [[31mERROR[0m in 2.57s]
[0m03:32:10  1611 of 1658 START sql table model common_prep.prep_product_tier ............... [RUN]
[0m03:32:10  1608 of 1658 OK created sql table model restricted_safe_workspace_finance.dim_amendment_central_sandbox  [[32m02000 1[0m in 2.23s]
[0m03:32:10  1612 of 1658 SKIP relation legacy.date_details ................................. [[33mSKIP[0m]
[0m03:32:10  1613 of 1658 SKIP relation common.dim_subscription_snapshot_model .............. [[33mSKIP[0m]
[0m03:32:10  1614 of 1658 SKIP relation restricted_safe_common.fct_available_to_renew_snapshot_model  [[33mSKIP[0m]
[0m03:32:10  1615 of 1658 SKIP relation common.fct_performance_indicator_targets ............ [[33mSKIP[0m]
[0m03:32:10  1616 of 1658 SKIP relation common_mapping.map_ci_runner_project ................ [[33mSKIP[0m]
[0m03:32:10  1617 of 1658 SKIP relation restricted_safe_common_mart_sales.mart_arr_snapshot_model  [[33mSKIP[0m]
[0m03:32:10  1618 of 1658 SKIP relation restricted_safe_common_mart_finance.mart_available_to_renew_snapshot_model  [[33mSKIP[0m]
[0m03:32:10  1619 of 1658 SKIP relation restricted_safe_common_mart_finance.mart_historical_balance_by_payment_terms_bucket_monthly  [[33mSKIP[0m]
[0m03:32:10  1620 of 1658 SKIP relation restricted_safe_common_mart_finance.mart_invoices_in_preview_monthly  [[33mSKIP[0m]
[0m03:32:10  1621 of 1658 SKIP relation restricted_safe_common_mart_sales.mart_retention_parent_account_snapshot_model  [[33mSKIP[0m]
[0m03:32:10  1622 of 1658 SKIP relation common_prep.prep_gitlab_dotcom_application_settings_monthly  [[33mSKIP[0m]
[0m03:32:10  1623 of 1658 SKIP relation common_prep.prep_internal_events_ping_namespace ..... [[33mSKIP[0m]
[0m03:32:10  1624 of 1658 SKIP relation common_prep.prep_saas_usage_ping_namespace .......... [[33mSKIP[0m]
[0m03:32:10  1625 of 1658 SKIP relation common_mart_product.rpt_event_xmau_metric_monthly_snapshot_model  [[33mSKIP[0m]
[0m03:32:10  1626 of 1658 SKIP relation common_mart_product.rpt_ping_metric_totals_w_estimates_monthly_snapshot_model  [[33mSKIP[0m]
[0m03:32:10  1627 of 1658 SKIP relation workspace_sales.wk_sales_date_details ............... [[33mSKIP[0m]
[0m03:32:10  1628 of 1658 SKIP relation legacy.gitlab_dotcom_namespace_lineage .............. [[33mSKIP[0m]
[0m03:32:10  1629 of 1658 START sql table model common.dim_plan ............................. [RUN]
[0m03:32:11  1610 of 1658 OK created sql table model restricted_safe_workspace_finance.prep_product_tier_central_sandbox  [[32m02000 1[0m in 1.58s]
[0m03:32:11  1630 of 1658 SKIP relation common_prep.prep_namespace_plan_hist ................ [[33mSKIP[0m]
[0m03:32:11  1611 of 1658 OK created sql table model common_prep.prep_product_tier .......... [[32m02000 1[0m in 1.57s]
[0m03:32:11  1609 of 1658 OK created sql table model restricted_safe_workspace_finance.prep_product_tier_api_sandbox  [[32m02000 1[0m in 2.56s]
[0m03:32:11  1631 of 1658 START sql table model legacy.gitlab_dotcom_resource_weight_events_xf  [RUN]
[0m03:32:11  1632 of 1658 START sql table model legacy.gitlab_dotcom_resource_milestone_events_xf  [RUN]
[0m03:32:11  1633 of 1658 SKIP relation workspace_data.wk_sensitive_queries_details ......... [[33mSKIP[0m]
[0m03:32:11  1634 of 1658 SKIP relation workspace_data.wk_sensitive_queries_source .......... [[33mSKIP[0m]
[0m03:32:11  1635 of 1658 SKIP relation common.dim_bizible_marketing_channel_path ........... [[33mSKIP[0m]
[0m03:32:11  1636 of 1658 START sql table model common.dim_dr_partner_engagement ............ [RUN]
[0m03:32:12  1629 of 1658 OK created sql table model common.dim_plan ........................ [[32m02000 1[0m in 2.24s]
[0m03:32:12  1637 of 1658 START sql table model legacy.ga360_session ........................ [RUN]
[0m03:32:13  1636 of 1658 OK created sql table model common.dim_dr_partner_engagement ....... [[32m02000 1[0m in 1.98s]
[0m03:32:13  1638 of 1658 START sql table model legacy.ga360_session_hit .................... [RUN]
[0m03:32:15  1632 of 1658 OK created sql table model legacy.gitlab_dotcom_resource_milestone_events_xf  [[32m02000 1[0m in 3.30s]
[0m03:32:15  1631 of 1658 OK created sql table model legacy.gitlab_dotcom_resource_weight_events_xf  [[32m02000 1[0m in 3.31s]
[0m03:32:15  1639 of 1658 START sql table model legacy.zendesk_ticket_custom_field_values_clean  [RUN]
[0m03:32:15  1640 of 1658 START sql table model common.dim_app_release_major_minor .......... [RUN]
[0m03:32:18  1639 of 1658 OK created sql table model legacy.zendesk_ticket_custom_field_values_clean  [[32m02000 1[0m in 3.18s]
[0m03:32:18  1641 of 1658 SKIP relation preparation.gitlab_dotcom_namespace_historical_daily  [[33mSKIP[0m]
[0m03:32:18  1642 of 1658 SKIP relation preparation.gitlab_dotcom_namespace_statistics_historical_monthly  [[33mSKIP[0m]
[0m03:32:18  1643 of 1658 SKIP relation preparation.gitlab_dotcom_namespace_storage_statistics_historical_monthly  [[33mSKIP[0m]
[0m03:32:18  1644 of 1658 SKIP relation gitlab_dotcom.gitlab_dotcom_project_historical_monthly  [[33mSKIP[0m]
[0m03:32:18  1645 of 1658 SKIP relation gitlab_dotcom.gitlab_dotcom_project_statistic_historical_monthly  [[33mSKIP[0m]
[0m03:32:18  1646 of 1658 SKIP relation restricted_safe_common_mart_finance.rpt_available_to_renew_45th_calendar_day  [[33mSKIP[0m]
[0m03:32:18  1647 of 1658 SKIP relation restricted_safe_common_mart_finance.rpt_available_to_renew_8th_calendar_day  [[33mSKIP[0m]
[0m03:32:18  1648 of 1658 SKIP relation restricted_safe_common_mart_finance.rpt_available_to_renew_combined  [[33mSKIP[0m]
[0m03:32:18  1649 of 1658 SKIP relation restricted_safe_common_mart_finance.rpt_available_to_renew_top_monthly_changes  [[33mSKIP[0m]
[0m03:32:18  1650 of 1658 SKIP relation common.fct_ping_namespace_metric .................... [[33mSKIP[0m]
[0m03:32:18  1651 of 1658 SKIP relation workspace_data_science.prep_saas_flattened_metrics .. [[33mSKIP[0m]
[0m03:32:18  1652 of 1658 SKIP relation legacy.gitlab_dotcom_labels_xf ...................... [[33mSKIP[0m]
[0m03:32:18  1653 of 1658 SKIP relation legacy.gitlab_dotcom_milestones_xf .................. [[33mSKIP[0m]
[0m03:32:18  1654 of 1658 START sql table model common.dim_product_tier ..................... [RUN]
[0m03:32:18  1640 of 1658 OK created sql table model common.dim_app_release_major_minor ..... [[32m02000 1[0m in 3.22s]
[0m03:32:18  1655 of 1658 SKIP relation common.dim_namespace_plan_hist ...................... [[33mSKIP[0m]
[0m03:32:18  1656 of 1658 SKIP relation workspace_engineering.gitlab_dotcom_project_statistic_monthly_snapshot  [[33mSKIP[0m]
[0m03:32:18  1637 of 1658 OK created sql table model legacy.ga360_session ................... [[32m02000 1[0m in 5.74s]
[0m03:32:18  1657 of 1658 START sql table model legacy.ga360_session_xf ..................... [RUN]
[0m03:32:19  1654 of 1658 OK created sql table model common.dim_product_tier ................ [[32m02000 1[0m in 1.29s]
[0m03:32:20  1657 of 1658 OK created sql table model legacy.ga360_session_xf ................ [[32m02000 1[0m in 1.57s]
[0m03:32:20  1638 of 1658 OK created sql table model legacy.ga360_session_hit ............... [[32m02000 1[0m in 6.30s]
[0m03:32:20  1658 of 1658 START sql table model workspace_marketing.ga_session_hit .......... [RUN]
[0m03:32:23  1658 of 1658 OK created sql table model workspace_marketing.ga_session_hit ..... [[32m02000 1[0m in 3.70s]
[0m03:32:23  
[0m03:32:23  1 of 3 START hook: gitlab_snowflake.on-run-end.0 ............................... [RUN]
[0m03:32:23  1 of 3 OK hook: gitlab_snowflake.on-run-end.0 .................................. [[32mOK[0m in 0.01s]
[0m03:32:23  2 of 3 START hook: gitlab_snowflake.on-run-end.1 ............................... [RUN]
[0m03:32:23  2 of 3 OK hook: gitlab_snowflake.on-run-end.1 .................................. [[32mOK[0m in 0.02s]
[0m03:32:23  3 of 3 START hook: gitlab_snowflake.on-run-end.2 ............................... [RUN]
[0m03:32:23  3 of 3 OK hook: gitlab_snowflake.on-run-end.2 .................................. [[32mOK[0m in 0.00s]
[0m03:32:23  
[0m03:32:23  Finished running 242 incremental models, 4 project hooks, 1377 table models, 39 view models in 0 hours 12 minutes and 29.21 seconds (749.21s).
[0m03:32:27  
[0m03:32:27  [31mCompleted with 50 errors, 0 partial successes, and 0 warnings:[0m
[0m03:32:27  
[0m03:32:27    Database Error in model covid19_cases (models/covid19/covid19_cases.sql)
  002003 (02000): SQL compilation error: table 'COVID19.public.jhu_covid_19' not found
  compiled code at target/run/gitlab_snowflake/models/covid19/covid19_cases.sql
[0m03:32:27  
[0m03:32:27    Database Error in model customers_db_licenses_snapshots_base (models/legacy/snapshots/base/customers_db_licenses_snapshots_base.sql)
  010001 (02000): Join Error
  caused by
  External error: task 85478 panicked with message "index out of bounds: the len is 2 but the index is 2"
  compiled code at target/run/gitlab_snowflake/models/legacy/snapshots/base/customers_db_licenses_snapshots_base.sql
[0m03:32:27  
[0m03:32:27    Database Error in model customers_db_licenses_source (models/sources/customers/customers_db_licenses_source.sql)
  010001 (02000): Join Error
  caused by
  External error: task 85485 panicked with message "index out of bounds: the len is 2 but the index is 2"
  compiled code at target/run/gitlab_snowflake/models/sources/customers/customers_db_licenses_source.sql
[0m03:32:27  
[0m03:32:27    Database Error in model date_details_source (models/sources/date/date_details_source.sql)
  010001 (02000): Error during planning: Execution error: Function 'decode' user-defined coercion failed with "Error during planning: decode expects to get 2 arguments, but got 9" No function matches the given name and argument types 'decode(Utf8, Int64, Utf8, Int64, Utf8, Int64, Utf8, Int64, Utf8)'. You might need to add explicit type casts.
  	Candidate functions:
  	decode(UserDefined)
  compiled code at target/run/gitlab_snowflake/models/sources/date/date_details_source.sql
[0m03:32:27  
[0m03:32:27    Database Error in model geozones_yaml_source (models/sources/gitlab_data_yaml/geozones_yaml_source.sql)
  010001 (02000): Schema error: No field named day. Valid fields are embucket.gitlab_data_yaml.geo_zones.jsontext, embucket.gitlab_data_yaml.geo_zones.uploaded_at.
  compiled code at target/run/gitlab_snowflake/models/sources/gitlab_data_yaml/geozones_yaml_source.sql
[0m03:32:27  
[0m03:32:27    Database Error in model geozones_yaml_flatten_source (models/sources/gitlab_data_yaml/geozones_yaml_flatten_source.sql)
  010001 (02000): Schema error: No field named geozone_countries.
  compiled code at target/run/gitlab_snowflake/models/sources/gitlab_data_yaml/geozones_yaml_flatten_source.sql
[0m03:32:27  
[0m03:32:27    Database Error in model gitlab_dotcom_pipl_users_snapshots_source (models/legacy/snapshots/base/gitlab_dotcom_pipl_users_snapshots_source.sql)
  002003 (02000): SQL compilation error: table 'raw.snapshots.gitlab_dotcom_pipl_users_snapshots' not found
  compiled code at target/run/gitlab_snowflake/models/legacy/snapshots/base/gitlab_dotcom_pipl_users_snapshots_source.sql
[0m03:32:27  
[0m03:32:27    Database Error in model gitlab_dotcom_project_ci_cd_settings_snapshots_base (models/legacy/snapshots/base/gitlab_dotcom_project_ci_cd_settings_snapshots_base.sql)
  010001 (02000): SQL compilation error: unsupported feature: Physical plan does not support logical expression WindowFunction(WindowFunction { fun: WindowUDF(WindowUDF { inner: WindowShift { signature: Signature { type_signature: OneOf([Any(1), Any(2), Any(3)]), volatility: Immutable }, kind: Lag } }), params: WindowFunctionParams { args: [Column(Column { relation: Some(Bare { table: "source" }), name: "record_checksum" }), Literal(Int64(1), None), Literal(Utf8(""), None)], partition_by: [Column(Column { relation: Some(Bare { table: "source" }), name: "id" })], order_by: [Sort { expr: Column(Column { relation: Some(Bare { table: "source" }), name: "_uploaded_at" }), asc: true, nulls_first: false }], window_frame: WindowFrame { units: Range, start_bound: Preceding(Float64(NULL)), end_bound: CurrentRow, is_causal: false }, filter: None, null_treatment: None, distinct: false } })
  compiled code at target/run/gitlab_snowflake/models/legacy/snapshots/base/gitlab_dotcom_project_ci_cd_settings_snapshots_base.sql
[0m03:32:27  
[0m03:32:27    Database Error in model location_factors_yaml_flatten_source (models/sources/gitlab_data_yaml/location_factors_yaml_flatten_source.sql)
  010001 (02000): Error during planning: Invalid qualifier level_1
  compiled code at target/run/gitlab_snowflake/models/sources/gitlab_data_yaml/location_factors_yaml_flatten_source.sql
[0m03:32:27  
[0m03:32:27    Database Error in model main_test_stats_e2e_source (models/sources/e2e_metrics/main_test_stats_e2e_source.sql)
  010001 (02000): Schema error: No field named main_test_stats_id. Valid fields are source.payload, source.uploaded_at.
  compiled code at target/run/gitlab_snowflake/models/sources/e2e_metrics/main_test_stats_e2e_source.sql
[0m03:32:27  
[0m03:32:27    Database Error in model mailgun_events (models/sources/mailgun/mailgun_events.sql)
  010001 (02000): Error during planning: Execution error: Function 'dateadd' user-defined coercion failed with "External error: Invalid argument: Second argument must be a number, but found Utf8" No function matches the given name and argument types 'dateadd(Utf8, Utf8, Utf8)'. You might need to add explicit type casts.
  	Candidate functions:
  	dateadd(UserDefined)
  compiled code at target/run/gitlab_snowflake/models/sources/mailgun/mailgun_events.sql
[0m03:32:27  
[0m03:32:27    Database Error in model location_factors_yaml_source (models/sources/gitlab_data_yaml/location_factors_yaml_source.sql)
  010001 (02000): External error: No table found for reference in expression
  compiled code at target/run/gitlab_snowflake/models/sources/gitlab_data_yaml/location_factors_yaml_source.sql
[0m03:32:27  
[0m03:32:27    Database Error in model model_mart_crm_opportunity_id (models/workspaces/workspace_data_science/model_mart_crm_opportunity_id.sql)
  002003 (02000): SQL compilation error: table 'my_snowflake_prep_database.workspace_data_science.opportunity_forecasting_scores' not found
  compiled code at target/run/gitlab_snowflake/models/workspaces/workspace_data_science/model_mart_crm_opportunity_id.sql
[0m03:32:27  
[0m03:32:27    Database Error in model marketo_lead_source (models/sources/marketo/marketo_lead_source.sql)
  010001 (02000): type_coercion
  caused by
  Error during planning: Failed to coerce arguments to satisfy a call to 'insert' function: coercion from [Utf8, Decimal128(21, 0), Int64, Utf8] to the signature OneOf([Exact([Utf8, Int64, Int64, Utf8]), Exact([Binary, Int64, Int64, Binary])]) failed
  compiled code at target/run/gitlab_snowflake/models/sources/marketo/marketo_lead_source.sql
[0m03:32:27  
[0m03:32:27    Database Error in model prep_namespace_hist (models/common_prep/prep_namespace_hist.sql)
  010001 (02000): Schema error: No field named "DBT_VALID_FROM". Valid fields are snapshots.id, snapshots.name, snapshots.path, snapshots.owner_id, snapshots.created_at, snapshots.updated_at, snapshots.type, snapshots.avatar, snapshots.membership_lock, snapshots.share_with_group_lock, snapshots.visibility_level, snapshots.request_access_enabled, snapshots.ldap_sync_status, snapshots.ldap_sync_error, snapshots.ldap_sync_last_update_at, snapshots.ldap_sync_last_successful_update_at, snapshots.ldap_sync_last_sync_at, snapshots.lfs_enabled, snapshots.parent_id, snapshots.shared_runners_minutes_limit, snapshots.repository_size_limit, snapshots.require_two_factor_authentication, snapshots.two_factor_grace_period, snapshots.plan_id, snapshots.project_creation_level, snapshots.auto_devops_enabled, snapshots._uploaded_at, snapshots.namespaces_rank_in_key, snapshots.dbt_scd_id, snapshots.dbt_updated_at, snapshots.dbt_valid_from, snapshots.dbt_valid_to, snapshots.extra_shared_runners_minutes_limit, snapshots.push_rule_id, snapshots.shared_runners_enabled, snapshots.custom_project_templates_group_id, snapshots.traversal_ids, snapshots.pgp_is_deleted, snapshots.pgp_is_deleted_updated_at.
  compiled code at target/run/gitlab_snowflake/models/common_prep/prep_namespace_hist.sql
[0m03:32:27  
[0m03:32:27    Database Error in model sfdc_campaign_source (models/sources/sfdc/sfdc_campaign_source.sql)
  002003 (02000): SQL compilation error: IFF function requires the second and third arguments to be of the same type or NULL
  compiled code at target/run/gitlab_snowflake/models/sources/sfdc/sfdc_campaign_source.sql
[0m03:32:27  
[0m03:32:27    Database Error in model sfdc_event_source (models/sources/sfdc/sfdc_event_source.sql)
  010001 (02000): custom_type_coercion
  caused by
  Error during planning: Internal error: Function 'btrim' failed to match any signature, errors: Error during planning: Function 'btrim' expects 2 arguments but received 1,Internal error: Expect TypeSignatureClass::Native(LogicalType(Native(String), String)) but received NativeType::Int64, DataType: Int64.
  This issue was likely caused by a bug in DataFusion's code. Please help us to resolve this by filing a bug report in our issue tracker: https://github.com/apache/datafusion/issues.
  This issue was likely caused by a bug in DataFusion's code. Please help us to resolve this by filing a bug report in our issue tracker: https://github.com/apache/datafusion/issues No function matches the given name and argument types 'btrim(Int64)'. You might need to add explicit type casts.
  	Candidate functions:
  	btrim(Coercion(TypeSignatureClass::Native(LogicalType(Native(String), String))), Coercion(TypeSignatureClass::Native(LogicalType(Native(String), String))))
  	btrim(Coercion(TypeSignatureClass::Native(LogicalType(Native(String), String))))
  compiled code at target/run/gitlab_snowflake/models/sources/sfdc/sfdc_event_source.sql
[0m03:32:27  
[0m03:32:27    Database Error in model sfdc_task_source (models/sources/sfdc/sfdc_task_source.sql)
  010001 (02000): custom_type_coercion
  caused by
  Error during planning: Internal error: Function 'btrim' failed to match any signature, errors: Error during planning: Function 'btrim' expects 2 arguments but received 1,Internal error: Expect TypeSignatureClass::Native(LogicalType(Native(String), String)) but received NativeType::Int64, DataType: Int64.
  This issue was likely caused by a bug in DataFusion's code. Please help us to resolve this by filing a bug report in our issue tracker: https://github.com/apache/datafusion/issues.
  This issue was likely caused by a bug in DataFusion's code. Please help us to resolve this by filing a bug report in our issue tracker: https://github.com/apache/datafusion/issues No function matches the given name and argument types 'btrim(Int64)'. You might need to add explicit type casts.
  	Candidate functions:
  	btrim(Coercion(TypeSignatureClass::Native(LogicalType(Native(String), String))), Coercion(TypeSignatureClass::Native(LogicalType(Native(String), String))))
  	btrim(Coercion(TypeSignatureClass::Native(LogicalType(Native(String), String))))
  compiled code at target/run/gitlab_snowflake/models/sources/sfdc/sfdc_task_source.sql
[0m03:32:27  
[0m03:32:27    Database Error in model sheetload_engineering_speciality_prior_to_capture_source (models/sources/sheetload/sheetload_engineering_speciality_prior_to_capture_source.sql)
  010001 (02000): Schema error: No field named "EMPLOYEE_ID". Valid fields are source.employee_id, source.full_name, source.reports_to, source.division, source.department, source.jobtitle_speciality, source.effective_date, source.end_date, source._updated_at.
  compiled code at target/run/gitlab_snowflake/models/sources/sheetload/sheetload_engineering_speciality_prior_to_capture_source.sql
[0m03:32:27  
[0m03:32:27    Database Error in model sheetload_people_budget_source (models/sources/sheetload/sheetload_people_budget_source.sql)
  010001 (02000): Schema error: No field named "DIVISION". Valid fields are source.division, source.fiscal_year, source.quarter, source.budget, source.excess_from_previous_quarter, source.annual_comp_review, source._updated_at.
  compiled code at target/run/gitlab_snowflake/models/sources/sheetload/sheetload_people_budget_source.sql
[0m03:32:27  
[0m03:32:27    Database Error in model sheetload_toy_marketing_handbook_source (models/sources/sheetload/sheetload_toy_marketing_handbook_source.sql)
  002003 (02000): SQL compilation error: column 'DEFAULT' not found
  compiled code at target/run/gitlab_snowflake/models/sources/sheetload/sheetload_toy_marketing_handbook_source.sql
[0m03:32:27  
[0m03:32:27    Database Error in model snowplow_fishtown_bad_events_source (models/sources/snowplowplus/snowplow_fishtown_bad_events_source.sql)
  002003 (02000): SQL compilation error: table 'embucket.snowplow.bad_events' not found
  compiled code at target/run/gitlab_snowflake/models/sources/snowplowplus/snowplow_fishtown_bad_events_source.sql
[0m03:32:27  
[0m03:32:27    Database Error in model snowplow_fishtown_good_events_sample_source (models/sources/snowplowplus/snowplow_fishtown_good_events_sample_source.sql)
  002003 (02000): SQL compilation error: table 'embucket.snowplow.fishtown_events_sample' not found
  compiled code at target/run/gitlab_snowflake/models/sources/snowplowplus/snowplow_fishtown_good_events_sample_source.sql
[0m03:32:27  
[0m03:32:27    Database Error in model snowplow_gitlab_bad_events_source (models/sources/snowplowplus/snowplow_gitlab_bad_events_source.sql)
  002003 (02000): SQL compilation error: table 'embucket.snowplow.gitlab_bad_events' not found
  compiled code at target/run/gitlab_snowflake/models/sources/snowplowplus/snowplow_gitlab_bad_events_source.sql
[0m03:32:27  
[0m03:32:27    Database Error in model snowplow_gitlab_good_events_sample_source (models/sources/snowplowplus/snowplow_gitlab_good_events_sample_source.sql)
  010001 (02000): SQL error: ParserError("Expected an expression, found: FROM at Line: 8, Column: 8")
  compiled code at target/run/gitlab_snowflake/models/sources/snowplowplus/snowplow_gitlab_good_events_sample_source.sql
[0m03:32:27  
[0m03:32:27    Database Error in model snowplow_gitlab_good_events_source (models/sources/snowplowplus/snowplow_gitlab_good_events_source.sql)
  010001 (02000): SQL error: ParserError("Expected an expression, found: FROM at Line: 10, Column: 8")
  compiled code at target/run/gitlab_snowflake/models/sources/snowplowplus/snowplow_gitlab_good_events_source.sql
[0m03:32:27  
[0m03:32:27    Database Error in model test_stats_e2e_source (models/sources/e2e_metrics/test_stats_e2e_source.sql)
  010001 (02000): Schema error: No field named test_stats_id. Valid fields are source.payload, source.uploaded_at.
  compiled code at target/run/gitlab_snowflake/models/sources/e2e_metrics/test_stats_e2e_source.sql
[0m03:32:27  
[0m03:32:27    Database Error in model usage_ping_metrics_source (models/sources/gitlab_data_yaml/usage_ping_metrics_source.sql)
  010001 (02000): Mismatched argument types
  compiled code at target/run/gitlab_snowflake/models/sources/gitlab_data_yaml/usage_ping_metrics_source.sql
[0m03:32:27  
[0m03:32:27    Database Error in model zendesk_group_memberships_source (models/sources/zendesk/zendesk_group_memberships_source.sql)
  002003 (02000): SQL compilation error: column 'DEFAULT' not found
  compiled code at target/run/gitlab_snowflake/models/sources/zendesk/zendesk_group_memberships_source.sql
[0m03:32:27  
[0m03:32:27    Database Error in model zendesk_ticket_comments_source (models/sources/zendesk/zendesk_ticket_comments_source.sql)
  002003 (02000): SQL compilation error: column 'TYPE' not found
  compiled code at target/run/gitlab_snowflake/models/sources/zendesk/zendesk_ticket_comments_source.sql
[0m03:32:27  
[0m03:32:27    Database Error in model zendesk_ticket_forms_source (models/sources/zendesk/zendesk_ticket_forms_source.sql)
  002003 (02000): SQL compilation error: column 'DEFAULT' not found
  compiled code at target/run/gitlab_snowflake/models/sources/zendesk/zendesk_ticket_forms_source.sql
[0m03:32:27  
[0m03:32:27    Database Error in model dbt_gdpr_logs (models/workspaces/workspace_data/dbt/dbt_gdpr_logs.sql)
  010001 (02000): Cannot resolve view reference 'embucket.public.flatten'
  compiled code at target/run/gitlab_snowflake/models/workspaces/workspace_data/dbt/dbt_gdpr_logs.sql
[0m03:32:27  
[0m03:32:27    Database Error in model rpt_elastic_billing_itemized_by_deployment (models/workspaces/workspace_engineering/finops/elastic/rpt_elastic_billing_itemized_by_deployment.sql)
  010001 (02000): Schema error: No field named day. Valid fields are renamed.deployment_id, renamed.extraction_start_date, renamed.extraction_end_date, renamed.charge_type, renamed.sku, renamed.cost, renamed.usage, renamed.usage_unit, renamed.details.
  compiled code at target/run/gitlab_snowflake/models/workspaces/workspace_engineering/finops/elastic/rpt_elastic_billing_itemized_by_deployment.sql
[0m03:32:27  
[0m03:32:27    Database Error in model rpt_elastic_billing_itemized (models/workspaces/workspace_engineering/finops/elastic/rpt_elastic_billing_itemized.sql)
  010001 (02000): Schema error: No field named day. Valid fields are renamed.extraction_start_date, renamed.extraction_end_date, renamed.charge_type, renamed.sku, renamed.cost, renamed.usage, renamed.usage_unit, renamed.details.
  compiled code at target/run/gitlab_snowflake/models/workspaces/workspace_engineering/finops/elastic/rpt_elastic_billing_itemized.sql
[0m03:32:27  
[0m03:32:27    Database Error in model gitlab_dotcom_member_roles_source (models/sources/gitlab_dotcom/renamed/gitlab_dotcom_member_roles_source.sql)
  010001 (02000): Schema error: No field named embucket.gitlab_dotcom.gitlab_dotcom_member_roles_dedupe_source.base_access_level. Valid fields are final.id, final.namespace_id, final.created_at, final.updated_at, final."embucket.gitlab_dotcom.gitlab_dotcom_member_roles_dedupe_source.base_access_level", final."embucket.gitlab_dotcom.gitlab_dotcom_member_roles_dedupe_source._uploaded_at", created_by, updated_by, model_created_date, model_updated_date, dbt_updated_at, dbt_created_at.
  compiled code at target/run/gitlab_snowflake/models/sources/gitlab_dotcom/renamed/gitlab_dotcom_member_roles_source.sql
[0m03:32:27  
[0m03:32:27    Database Error in model gitlab_dotcom_namespace_lineage_scd (models/legacy/gitlab_dotcom/staging/gitlab_dotcom_namespace_lineage_scd.sql)
  002003 (02000): SQL compilation error: error line 1 at position 1509
  table 'recursive_namespace_lineage' not found
  compiled code at target/run/gitlab_snowflake/models/legacy/gitlab_dotcom/staging/gitlab_dotcom_namespace_lineage_scd.sql
[0m03:32:27  
[0m03:32:27    Database Error in model gitlab_dotcom_namespaces_source (models/sources/gitlab_dotcom/renamed/gitlab_dotcom_namespaces_source.sql)
  010001 (02000): Error during planning: Internal error: Function 'variant_element' failed to match any signature, errors: Internal error: Expect TypeSignatureClass::Native(LogicalType(Native(String), String)) but received NativeType::Boolean, DataType: Boolean.
  This issue was likely caused by a bug in DataFusion's code. Please help us to resolve this by filing a bug report in our issue tracker: https://github.com/apache/datafusion/issues,Error during planning: Function 'variant_element' expects 2 arguments but received 3.
  This issue was likely caused by a bug in DataFusion's code. Please help us to resolve this by filing a bug report in our issue tracker: https://github.com/apache/datafusion/issues No function matches the given name and argument types 'variant_element(Boolean, Utf8, Boolean)'. You might need to add explicit type casts.
  	Candidate functions:
  	variant_element(Coercion(TypeSignatureClass::Native(LogicalType(Native(String), String)), implicit_coercion=ImplicitCoercion([Native(LogicalType(Native(Binary), Binary))], default_type=String), Coercion(TypeSignatureClass::Native(LogicalType(Native(String), String)), implicit_coercion=ImplicitCoercion([Native(LogicalType(Native(Binary), Binary))], default_type=String), Coercion(TypeSignatureClass::Native(LogicalType(Native(Boolean), Boolean))))
  	variant_element(Coercion(TypeSignatureClass::Native(LogicalType(Native(String), String)), implicit_coercion=ImplicitCoercion([Native(LogicalType(Native(Binary), Binary))], default_type=String), Coercion(TypeSignatureClass::Native(LogicalType(Native(String), String)), implicit_coercion=ImplicitCoercion([Native(LogicalType(Native(Binary), Binary)), Native(LogicalType(Native(Int8), Int8)), Native(LogicalType(Native(Int16), Int16)), Native(LogicalType(Native(Int32), Int32)), Native(LogicalType(Native(Int64), Int64)), Native(LogicalType(Native(UInt8), UInt8)), Native(LogicalType(Native(UInt16), UInt16)), Native(LogicalType(Native(UInt32), UInt32))], default_type=String))
  compiled code at target/run/gitlab_snowflake/models/sources/gitlab_dotcom/renamed/gitlab_dotcom_namespaces_source.sql
[0m03:32:27  
[0m03:32:27    Database Error in model gitlab_dotcom_pages_domains_source (models/sources/gitlab_dotcom/renamed/gitlab_dotcom_pages_domains_source.sql)
  010001 (02000): Error during planning: Internal error: Function 'variant_element' failed to match any signature, errors: Internal error: Expect TypeSignatureClass::Native(LogicalType(Native(String), String)) but received NativeType::Boolean, DataType: Boolean.
  This issue was likely caused by a bug in DataFusion's code. Please help us to resolve this by filing a bug report in our issue tracker: https://github.com/apache/datafusion/issues,Error during planning: Function 'variant_element' expects 2 arguments but received 3.
  This issue was likely caused by a bug in DataFusion's code. Please help us to resolve this by filing a bug report in our issue tracker: https://github.com/apache/datafusion/issues No function matches the given name and argument types 'variant_element(Boolean, Utf8, Boolean)'. You might need to add explicit type casts.
  	Candidate functions:
  	variant_element(Coercion(TypeSignatureClass::Native(LogicalType(Native(String), String)), implicit_coercion=ImplicitCoercion([Native(LogicalType(Native(Binary), Binary))], default_type=String), Coercion(TypeSignatureClass::Native(LogicalType(Native(String), String)), implicit_coercion=ImplicitCoercion([Native(LogicalType(Native(Binary), Binary))], default_type=String), Coercion(TypeSignatureClass::Native(LogicalType(Native(Boolean), Boolean))))
  	variant_element(Coercion(TypeSignatureClass::Native(LogicalType(Native(String), String)), implicit_coercion=ImplicitCoercion([Native(LogicalType(Native(Binary), Binary))], default_type=String), Coercion(TypeSignatureClass::Native(LogicalType(Native(String), String)), implicit_coercion=ImplicitCoercion([Native(LogicalType(Native(Binary), Binary)), Native(LogicalType(Native(Int8), Int8)), Native(LogicalType(Native(Int16), Int16)), Native(LogicalType(Native(Int32), Int32)), Native(LogicalType(Native(Int64), Int64)), Native(LogicalType(Native(UInt8), UInt8)), Native(LogicalType(Native(UInt16), UInt16)), Native(LogicalType(Native(UInt32), UInt32))], default_type=String))
  compiled code at target/run/gitlab_snowflake/models/sources/gitlab_dotcom/renamed/gitlab_dotcom_pages_domains_source.sql
[0m03:32:27  
[0m03:32:27    Database Error in model gitlab_dotcom_project_ci_cd_settings_source (models/sources/gitlab_dotcom/renamed/gitlab_dotcom_project_ci_cd_settings_source.sql)
  010001 (02000): Error during planning: Internal error: Function 'variant_element' failed to match any signature, errors: Internal error: Expect TypeSignatureClass::Native(LogicalType(Native(String), String)) but received NativeType::Int64, DataType: Int64.
  This issue was likely caused by a bug in DataFusion's code. Please help us to resolve this by filing a bug report in our issue tracker: https://github.com/apache/datafusion/issues,Error during planning: Function 'variant_element' expects 2 arguments but received 3.
  This issue was likely caused by a bug in DataFusion's code. Please help us to resolve this by filing a bug report in our issue tracker: https://github.com/apache/datafusion/issues No function matches the given name and argument types 'variant_element(Int64, Utf8, Boolean)'. You might need to add explicit type casts.
  	Candidate functions:
  	variant_element(Coercion(TypeSignatureClass::Native(LogicalType(Native(String), String)), implicit_coercion=ImplicitCoercion([Native(LogicalType(Native(Binary), Binary))], default_type=String), Coercion(TypeSignatureClass::Native(LogicalType(Native(String), String)), implicit_coercion=ImplicitCoercion([Native(LogicalType(Native(Binary), Binary))], default_type=String), Coercion(TypeSignatureClass::Native(LogicalType(Native(Boolean), Boolean))))
  	variant_element(Coercion(TypeSignatureClass::Native(LogicalType(Native(String), String)), implicit_coercion=ImplicitCoercion([Native(LogicalType(Native(Binary), Binary))], default_type=String), Coercion(TypeSignatureClass::Native(LogicalType(Native(String), String)), implicit_coercion=ImplicitCoercion([Native(LogicalType(Native(Binary), Binary)), Native(LogicalType(Native(Int8), Int8)), Native(LogicalType(Native(Int16), Int16)), Native(LogicalType(Native(Int32), Int32)), Native(LogicalType(Native(Int64), Int64)), Native(LogicalType(Native(UInt8), UInt8)), Native(LogicalType(Native(UInt16), UInt16)), Native(LogicalType(Native(UInt32), UInt32))], default_type=String))
  compiled code at target/run/gitlab_snowflake/models/sources/gitlab_dotcom/renamed/gitlab_dotcom_project_ci_cd_settings_source.sql
[0m03:32:27  
[0m03:32:27    Database Error in model gitlab_dotcom_vulnerability_occurrences_source (models/sources/gitlab_dotcom/renamed/gitlab_dotcom_vulnerability_occurrences_source.sql)
  010001 (02000): External error: Input arrays must have the same length
  compiled code at target/run/gitlab_snowflake/models/sources/gitlab_dotcom/renamed/gitlab_dotcom_vulnerability_occurrences_source.sql
[0m03:32:27  
[0m03:32:27    Database Error in model wk_talent_acquisition_candidate_survey (models/workspaces/workspace_people/restricted/wk_talent_acquisition_candidate_survey.sql)
  002003 (02000): SQL compilation error: error line 38 at position 16
  table 'greenhouse_departments' not found
  compiled code at target/run/gitlab_snowflake/models/workspaces/workspace_people/restricted/wk_talent_acquisition_candidate_survey.sql
[0m03:32:27  
[0m03:32:27    Database Error in model wk_survey_builder (models/workspaces/workspace_people/restricted/wk_survey_builder.sql)
  002003 (02000): SQL compilation error: error line 54 at position 14
  table 'departments_stage' not found
  compiled code at target/run/gitlab_snowflake/models/workspaces/workspace_people/restricted/wk_survey_builder.sql
[0m03:32:27  
[0m03:32:27    Database Error in model map_bizible_marketing_channel_path (models/common_mapping/map_bizible_marketing_channel_path.sql)
  010001 (02000): type_coercion
  caused by
  Error during planning: There isn't a common type to coerce Int64 and Utf8 in LIKE expression
  compiled code at target/run/gitlab_snowflake/models/common_mapping/map_bizible_marketing_channel_path.sql
[0m03:32:27  
[0m03:32:27    Database Error in model prep_yearlies_target (models/common_prep/restricted_safe/prep_yearlies_target.sql)
  010001 (02000): Error during planning: Column 'FY25_Q4' not found in input
  compiled code at target/run/gitlab_snowflake/models/common_prep/restricted_safe/prep_yearlies_target.sql
[0m03:32:27  
[0m03:32:27    Database Error in model sheetload_data_certifications (models/legacy/sheetload/sheetload_data_certifications.sql)
  010001 (02000): This feature is not implemented: Unsupported SQL type Custom(ObjectName([Identifier(Ident { value: "FIXED", quote_style: None, span: Span(Location(15,41)..Location(15,46)) })]), [])
  compiled code at target/run/gitlab_snowflake/models/legacy/sheetload/sheetload_data_certifications.sql
[0m03:32:27  
[0m03:32:27    Database Error in model snowflake_query_spend_attribution (models/workspaces/workspace_data/snowflake/snowflake_query_spend_attribution.sql)
  002003 (02000): SQL compilation error: column 'spend_end_at' not found
  compiled code at target/run/gitlab_snowflake/models/workspaces/workspace_data/snowflake/snowflake_query_spend_attribution.sql
[0m03:32:27  
[0m03:32:27    Database Error in model dim_team (models/common/dimensions_shared/dim_team.sql)
  002003 (02000): SQL compilation error: error line 1 at position 2583
  table 'recursive_hierarchy' not found
  compiled code at target/run/gitlab_snowflake/models/common/dimensions_shared/dim_team.sql
[0m03:32:27  
[0m03:32:27    Database Error in model sensitive_queries_details (models/sources/data_classification/sensitive_queries_details.sql)
  010001 (02000): Cannot resolve view reference 'embucket.public.flatten'
  compiled code at target/run/gitlab_snowflake/models/sources/data_classification/sensitive_queries_details.sql
[0m03:32:27  
[0m03:32:27    Database Error in model sensitive_queries_source (models/sources/data_classification/sensitive_queries_source.sql)
  010001 (02000): Cannot resolve view reference 'embucket.public.flatten'
  compiled code at target/run/gitlab_snowflake/models/sources/data_classification/sensitive_queries_source.sql
[0m03:32:27  
[0m03:32:27    Database Error in model zendesk_ticket_tags (models/legacy/zendesk/intermediate/zendesk_ticket_tags.sql)
  010001 (02000): Internal error: Function 'strtok_to_array' failed to match any signature, errors: Error during planning: Function 'strtok_to_array' expects 1 arguments but received 2,Error during planning: Function 'strtok_to_array' expects NativeType::String but received NativeType::Int64.
  This issue was likely caused by a bug in DataFusion's code. Please help us to resolve this by filing a bug report in our issue tracker: https://github.com/apache/datafusion/issues
  compiled code at target/run/gitlab_snowflake/models/legacy/zendesk/intermediate/zendesk_ticket_tags.sql
[0m03:32:27  
[0m03:32:27  Done. PASS=1553 WARN=0 ERROR=50 SKIP=59 TOTAL=1662
